"","channel","annotation","cell_ontology_id"
"10X_P7_4_AAACCTGCACGACGAA","10X_P7_4","endothelial cell","CL:0000115"
"10X_P7_4_AAACCTGGTTCCACGG","10X_P7_4","fibroblast","CL:0000057"
"10X_P7_4_AAACCTGTCTCGATGA","10X_P7_4","endothelial cell","CL:0000115"
"10X_P7_4_AAACGGGAGCGCTCCA","10X_P7_4","cardiac muscle cell","CL:0000746"
"10X_P7_4_AAAGCAAAGTGAATTG","10X_P7_4","fibroblast","CL:0000057"
"10X_P7_4_AAAGCAACACCGAAAG","10X_P7_4","fibroblast","CL:0000057"
"10X_P7_4_AAATGCCAGTCCATAC","10X_P7_4","fibroblast","CL:0000057"
"10X_P7_4_AAATGCCCAGTAAGAT","10X_P7_4","cardiac muscle cell","CL:0000746"
"10X_P7_4_AACCATGCACTGTCGG","10X_P7_4","endocardial cell","CL:0002350"
"10X_P7_4_AACGTTGTCCTCATTA","10X_P7_4",NA,NA
"10X_P7_4_AACTCAGTCACTTCAT","10X_P7_4","cardiac muscle cell","CL:0000746"
"10X_P7_4_AACTCTTGTCTTGCGG","10X_P7_4","endothelial cell","CL:0000115"
"10X_P7_4_AACTCTTGTTCAACCA","10X_P7_4",NA,NA
"10X_P7_4_AACTTTCCACGAAGCA","10X_P7_4","erythrocyte","CL:0000232"
"10X_P7_4_AAGACCTAGTCCCACG","10X_P7_4","fibroblast","CL:0000057"
"10X_P7_4_AAGACCTCAGGGTTAG","10X_P7_4","fibroblast","CL:0000057"
"10X_P7_4_AAGACCTCAGGTTTCA","10X_P7_4","cardiac muscle cell","CL:0000746"
"10X_P7_4_AAGACCTTCTCAAACG","10X_P7_4","endothelial cell","CL:0000115"
"10X_P7_4_AAGACCTTCTTCTGGC","10X_P7_4",NA,NA
"10X_P7_4_AAGGAGCAGCCAGAAC","10X_P7_4","erythrocyte","CL:0000232"
"10X_P7_4_AAGGCAGAGCGTTGCC","10X_P7_4",NA,NA
"10X_P7_4_AAGGCAGAGCTCAACT","10X_P7_4","erythrocyte","CL:0000232"
"10X_P7_4_AAGGCAGGTCACCTAA","10X_P7_4","fibroblast","CL:0000057"
"10X_P7_4_AAGGTTCCAGCTATTG","10X_P7_4","endothelial cell","CL:0000115"
"10X_P7_4_AAGGTTCGTATAGTAG","10X_P7_4","cardiac muscle cell","CL:0000746"
"10X_P7_4_AAGTCTGGTAAGAGGA","10X_P7_4","endocardial cell","CL:0002350"
"10X_P7_4_AATCCAGCATGATCCA","10X_P7_4","endothelial cell","CL:0000115"
"10X_P7_4_AATCCAGTCAGTTAGC","10X_P7_4","cardiac muscle cell","CL:0000746"
"10X_P7_4_AATCCAGTCTTGTCAT","10X_P7_4","endocardial cell","CL:0002350"
"10X_P7_4_AATCGGTAGACAGGCT","10X_P7_4","endocardial cell","CL:0002350"
"10X_P7_4_ACACCAAAGAAGCCCA","10X_P7_4","fibroblast","CL:0000057"
"10X_P7_4_ACACCAACATCTCGCT","10X_P7_4","fibroblast","CL:0000057"
"10X_P7_4_ACACCCTCAGTCGATT","10X_P7_4","fibroblast","CL:0000057"
"10X_P7_4_ACACCCTTCGAGCCCA","10X_P7_4","fibroblast","CL:0000057"
"10X_P7_4_ACACCGGTCTAACTGG","10X_P7_4","endothelial cell","CL:0000115"
"10X_P7_4_ACACTGACATGCCACG","10X_P7_4","fibroblast","CL:0000057"
"10X_P7_4_ACACTGATCAACACGT","10X_P7_4","fibroblast","CL:0000057"
"10X_P7_4_ACAGCCGGTAGCGTAG","10X_P7_4","cardiac muscle cell","CL:0000746"
"10X_P7_4_ACATACGTCACTGGGC","10X_P7_4","erythrocyte","CL:0000232"
"10X_P7_4_ACATCAGAGAGCCCAA","10X_P7_4","fibroblast","CL:0000057"
"10X_P7_4_ACATCAGAGTTTAGGA","10X_P7_4","cardiac muscle cell","CL:0000746"
"10X_P7_4_ACATCAGCAGATCCAT","10X_P7_4","fibroblast","CL:0000057"
"10X_P7_4_ACATCAGTCTCTTGAT","10X_P7_4","endothelial cell","CL:0000115"
"10X_P7_4_ACATGGTAGCTAAGAT","10X_P7_4","endothelial cell","CL:0000115"
"10X_P7_4_ACATGGTGTAAGTTCC","10X_P7_4","cardiac muscle cell","CL:0000746"
"10X_P7_4_ACATGGTTCCACGTGG","10X_P7_4","endothelial cell","CL:0000115"
"10X_P7_4_ACCCACTAGATATACG","10X_P7_4","endothelial cell","CL:0000115"
"10X_P7_4_ACCGTAAAGGATGGTC","10X_P7_4","endothelial cell","CL:0000115"
"10X_P7_4_ACCGTAACAACTTGAC","10X_P7_4","fibroblast","CL:0000057"
"10X_P7_4_ACGAGCCAGCGCTCCA","10X_P7_4","cardiac muscle cell","CL:0000746"
"10X_P7_4_ACGAGCCAGCTCTCGG","10X_P7_4","cardiac muscle cell","CL:0000746"
"10X_P7_4_ACGAGGATCTCTTGAT","10X_P7_4","endocardial cell","CL:0002350"
"10X_P7_4_ACGATACAGCCGTCGT","10X_P7_4","endothelial cell","CL:0000115"
"10X_P7_4_ACGATACCACAGCGTC","10X_P7_4",NA,NA
"10X_P7_4_ACGATGTCAAACAACA","10X_P7_4","endothelial cell","CL:0000115"
"10X_P7_4_ACGATGTCATACGCTA","10X_P7_4","fibroblast","CL:0000057"
"10X_P7_4_ACGATGTTCTACGAGT","10X_P7_4","fibroblast","CL:0000057"
"10X_P7_4_ACGCCGAAGCCCAACC","10X_P7_4","fibroblast","CL:0000057"
"10X_P7_4_ACGGAGAAGCGATATA","10X_P7_4","endocardial cell","CL:0002350"
"10X_P7_4_ACGGAGAGTCACACGC","10X_P7_4","fibroblast","CL:0000057"
"10X_P7_4_ACGGCCACAACTGCTA","10X_P7_4","fibroblast","CL:0000057"
"10X_P7_4_ACGGGCTAGTAGATGT","10X_P7_4","endothelial cell","CL:0000115"
"10X_P7_4_ACGGGCTGTTTGTTTC","10X_P7_4","endothelial cell","CL:0000115"
"10X_P7_4_ACGGGTCCAGGCTCAC","10X_P7_4","cardiac muscle cell","CL:0000746"
"10X_P7_4_ACGGGTCGTTGTACAC","10X_P7_4","fibroblast","CL:0000057"
"10X_P7_4_ACGTCAATCGCGCCAA","10X_P7_4","fibroblast","CL:0000057"
"10X_P7_4_ACTGAGTCACTGCCAG","10X_P7_4","fibroblast","CL:0000057"
"10X_P7_4_ACTGAGTTCGACCAGC","10X_P7_4","fibroblast","CL:0000057"
"10X_P7_4_ACTGATGAGCTCTCGG","10X_P7_4","endothelial cell","CL:0000115"
"10X_P7_4_ACTGATGTCGGTTAAC","10X_P7_4","fibroblast","CL:0000057"
"10X_P7_4_ACTGCTCAGACCCACC","10X_P7_4","fibroblast","CL:0000057"
"10X_P7_4_ACTGCTCAGAGGGCTT","10X_P7_4","erythrocyte","CL:0000232"
"10X_P7_4_ACTGCTCAGCCTTGAT","10X_P7_4","fibroblast","CL:0000057"
"10X_P7_4_ACTGCTCAGCTAGTTC","10X_P7_4","fibroblast","CL:0000057"
"10X_P7_4_ACTGCTCGTGCGGTAA","10X_P7_4","endothelial cell","CL:0000115"
"10X_P7_4_ACTTACTAGAAACCGC","10X_P7_4","endothelial cell","CL:0000115"
"10X_P7_4_ACTTGTTCATCCAACA","10X_P7_4","endothelial cell","CL:0000115"
"10X_P7_4_ACTTGTTCATGACATC","10X_P7_4","fibroblast","CL:0000057"
"10X_P7_4_AGAATAGAGCACGCCT","10X_P7_4","fibroblast","CL:0000057"
"10X_P7_4_AGAATAGTCTCTGCTG","10X_P7_4","fibroblast","CL:0000057"
"10X_P7_4_AGACGTTTCTCGATGA","10X_P7_4","endocardial cell","CL:0002350"
"10X_P7_4_AGAGCGAAGCACGCCT","10X_P7_4","endothelial cell","CL:0000115"
"10X_P7_4_AGAGCGAAGTGTGGCA","10X_P7_4","fibroblast","CL:0000057"
"10X_P7_4_AGAGCGATCAATCACG","10X_P7_4","fibroblast","CL:0000057"
"10X_P7_4_AGAGCGATCCGTAGTA","10X_P7_4","endocardial cell","CL:0002350"
"10X_P7_4_AGAGCTTAGTACGTTC","10X_P7_4","endothelial cell","CL:0000115"
"10X_P7_4_AGAGTGGAGTCCGTAT","10X_P7_4","endothelial cell","CL:0000115"
"10X_P7_4_AGAGTGGCATGCCACG","10X_P7_4","fibroblast","CL:0000057"
"10X_P7_4_AGATCTGAGCGATCCC","10X_P7_4","fibroblast","CL:0000057"
"10X_P7_4_AGATCTGGTCTCTTTA","10X_P7_4","erythrocyte","CL:0000232"
"10X_P7_4_AGATCTGTCTGTACGA","10X_P7_4","cardiac muscle cell","CL:0000746"
"10X_P7_4_AGCATACGTTACGTCA","10X_P7_4","endothelial cell","CL:0000115"
"10X_P7_4_AGCGGTCAGTATCTCG","10X_P7_4","endothelial cell","CL:0000115"
"10X_P7_4_AGCGTCGGTGCAGGTA","10X_P7_4","fibroblast","CL:0000057"
"10X_P7_4_AGCTCTCTCCCAAGTA","10X_P7_4","fibroblast","CL:0000057"
"10X_P7_4_AGCTTGAAGGGATGGG","10X_P7_4","cardiac muscle cell","CL:0000746"
"10X_P7_4_AGCTTGATCCACGTTC","10X_P7_4",NA,NA
"10X_P7_4_AGGCCACAGCGCTCCA","10X_P7_4","cardiac muscle cell","CL:0000746"
"10X_P7_4_AGGCCACGTATCGCAT","10X_P7_4","endothelial cell","CL:0000115"
"10X_P7_4_AGGCCACTCGCTTAGA","10X_P7_4","fibroblast","CL:0000057"
"10X_P7_4_AGGTCATGTATTCGTG","10X_P7_4","endothelial cell","CL:0000115"
"10X_P7_4_AGGTCATGTCAGTGGA","10X_P7_4","fibroblast","CL:0000057"
"10X_P7_4_AGGTCATGTTACGACT","10X_P7_4","endothelial cell","CL:0000115"
"10X_P7_4_AGGTCCGCACCACGTG","10X_P7_4","endothelial cell","CL:0000115"
"10X_P7_4_AGTCTTTCAGTGGGAT","10X_P7_4","cardiac muscle cell","CL:0000746"
"10X_P7_4_AGTCTTTCATCATCCC","10X_P7_4","fibroblast","CL:0000057"
"10X_P7_4_AGTCTTTGTATTACCG","10X_P7_4","fibroblast","CL:0000057"
"10X_P7_4_AGTGAGGCACATTCGA","10X_P7_4","cardiac muscle cell","CL:0000746"
"10X_P7_4_AGTGAGGGTAATCACC","10X_P7_4","erythrocyte","CL:0000232"
"10X_P7_4_AGTGGGACAGCCTTGG","10X_P7_4","fibroblast","CL:0000057"
"10X_P7_4_AGTGGGATCTCTAAGG","10X_P7_4","endocardial cell","CL:0002350"
"10X_P7_4_AGTGTCAAGCCACCTG","10X_P7_4","endothelial cell","CL:0000115"
"10X_P7_4_AGTGTCACACATGGGA","10X_P7_4","fibroblast","CL:0000057"
"10X_P7_4_AGTTGGTCAGTTAACC","10X_P7_4","fibroblast","CL:0000057"
"10X_P7_4_AGTTGGTGTATCAGTC","10X_P7_4","fibroblast","CL:0000057"
"10X_P7_4_AGTTGGTGTGACTACT","10X_P7_4","endothelial cell","CL:0000115"
"10X_P7_4_ATAAGAGAGGGCTCTC","10X_P7_4","endocardial cell","CL:0002350"
"10X_P7_4_ATAAGAGAGTACGCGA","10X_P7_4","endothelial cell","CL:0000115"
"10X_P7_4_ATAAGAGGTGTGCCTG","10X_P7_4","endothelial cell","CL:0000115"
"10X_P7_4_ATAGACCTCTCACATT","10X_P7_4","endothelial cell","CL:0000115"
"10X_P7_4_ATCACGATCAACACCA","10X_P7_4","endothelial cell","CL:0000115"
"10X_P7_4_ATCCACCAGAAACCTA","10X_P7_4","cardiac muscle cell","CL:0000746"
"10X_P7_4_ATCCACCGTCGACTAT","10X_P7_4","fibroblast","CL:0000057"
"10X_P7_4_ATCCGAACAAGCCCAC","10X_P7_4","fibroblast","CL:0000057"
"10X_P7_4_ATCCGAATCAAACCGT","10X_P7_4","fibroblast","CL:0000057"
"10X_P7_4_ATCGAGTAGGGTGTTG","10X_P7_4","cardiac muscle cell","CL:0000746"
"10X_P7_4_ATCGAGTGTCGAACAG","10X_P7_4","endothelial cell","CL:0000115"
"10X_P7_4_ATCTACTAGGAATCGC","10X_P7_4","fibroblast","CL:0000057"
"10X_P7_4_ATCTACTAGTGGACGT","10X_P7_4","fibroblast","CL:0000057"
"10X_P7_4_ATCTACTGTTGAGTTC","10X_P7_4","endothelial cell","CL:0000115"
"10X_P7_4_ATCTGCCAGGTGGGTT","10X_P7_4","fibroblast","CL:0000057"
"10X_P7_4_ATGAGGGTCGGACAAG","10X_P7_4","erythrocyte","CL:0000232"
"10X_P7_4_ATGAGGGTCTACTTAC","10X_P7_4","fibroblast","CL:0000057"
"10X_P7_4_ATGCGATAGATGCCAG","10X_P7_4","fibroblast","CL:0000057"
"10X_P7_4_ATGCGATGTCGCATAT","10X_P7_4","fibroblast","CL:0000057"
"10X_P7_4_ATGTGTGTCGGCCGAT","10X_P7_4","fibroblast","CL:0000057"
"10X_P7_4_ATTATCCAGACTACAA","10X_P7_4","endocardial cell","CL:0002350"
"10X_P7_4_ATTATCCCACCGAATT","10X_P7_4","erythrocyte","CL:0000232"
"10X_P7_4_ATTATCCGTCTTCGTC","10X_P7_4","endothelial cell","CL:0000115"
"10X_P7_4_ATTCTACCAAACAACA","10X_P7_4","fibroblast","CL:0000057"
"10X_P7_4_ATTCTACCATATACCG","10X_P7_4","fibroblast","CL:0000057"
"10X_P7_4_ATTCTACTCTCCCTGA","10X_P7_4","endocardial cell","CL:0002350"
"10X_P7_4_ATTGGACCATGCAATC","10X_P7_4","endothelial cell","CL:0000115"
"10X_P7_4_ATTGGTGTCTGAGGGA","10X_P7_4","endocardial cell","CL:0002350"
"10X_P7_4_ATTTCTGCACCACCAG","10X_P7_4","erythrocyte","CL:0000232"
"10X_P7_4_ATTTCTGTCCCGGATG","10X_P7_4","fibroblast","CL:0000057"
"10X_P7_4_ATTTCTGTCTAGAGTC","10X_P7_4","fibroblast","CL:0000057"
"10X_P7_4_CAACCAACAAGAAGAG","10X_P7_4","endocardial cell","CL:0002350"
"10X_P7_4_CAACCAACAGCTATTG","10X_P7_4","endothelial cell","CL:0000115"
"10X_P7_4_CAACCTCCATTAGGCT","10X_P7_4","endothelial cell","CL:0000115"
"10X_P7_4_CAACTAGCACATAACC","10X_P7_4","cardiac muscle cell","CL:0000746"
"10X_P7_4_CAACTAGGTTAGATGA","10X_P7_4","erythrocyte","CL:0000232"
"10X_P7_4_CAACTAGTCCTGTACC","10X_P7_4","cardiac muscle cell","CL:0000746"
"10X_P7_4_CAAGAAAAGAGAGCTC","10X_P7_4","fibroblast","CL:0000057"
"10X_P7_4_CAAGAAAGTATGGTTC","10X_P7_4","fibroblast","CL:0000057"
"10X_P7_4_CAAGATCTCACGCGGT","10X_P7_4","fibroblast","CL:0000057"
"10X_P7_4_CAAGTTGAGATCTGAA","10X_P7_4","cardiac muscle cell","CL:0000746"
"10X_P7_4_CAAGTTGCAATCTGCA","10X_P7_4","cardiac muscle cell","CL:0000746"
"10X_P7_4_CACAAACAGATGCCAG","10X_P7_4",NA,NA
"10X_P7_4_CACAAACTCGCGATCG","10X_P7_4","fibroblast","CL:0000057"
"10X_P7_4_CACACAAAGCCCTAAT","10X_P7_4","cardiac muscle cell","CL:0000746"
"10X_P7_4_CACAGGCGTACTCTCC","10X_P7_4","fibroblast","CL:0000057"
"10X_P7_4_CACAGGCGTCGAATCT","10X_P7_4","fibroblast","CL:0000057"
"10X_P7_4_CACATAGAGGGATACC","10X_P7_4",NA,NA
"10X_P7_4_CACATAGCACACATGT","10X_P7_4","fibroblast","CL:0000057"
"10X_P7_4_CACATAGGTCTCTTTA","10X_P7_4","fibroblast","CL:0000057"
"10X_P7_4_CACATAGTCCCAAGTA","10X_P7_4","endothelial cell","CL:0000115"
"10X_P7_4_CACATTTTCTGTCAAG","10X_P7_4","endothelial cell","CL:0000115"
"10X_P7_4_CACTCCATCCGCAGTG","10X_P7_4","cardiac muscle cell","CL:0000746"
"10X_P7_4_CACTCCATCGTGTAGT","10X_P7_4","endothelial cell","CL:0000115"
"10X_P7_4_CAGAATCAGCTCCTCT","10X_P7_4","endocardial cell","CL:0002350"
"10X_P7_4_CAGAATCCAATAACGA","10X_P7_4","fibroblast","CL:0000057"
"10X_P7_4_CAGAGAGCACCTTGTC","10X_P7_4","endothelial cell","CL:0000115"
"10X_P7_4_CAGATCAAGAAGGCCT","10X_P7_4","endothelial cell","CL:0000115"
"10X_P7_4_CAGATCACAGCTGCAC","10X_P7_4","fibroblast","CL:0000057"
"10X_P7_4_CAGATCAGTACGCACC","10X_P7_4","endothelial cell","CL:0000115"
"10X_P7_4_CAGCAGCAGACTAGAT","10X_P7_4","fibroblast","CL:0000057"
"10X_P7_4_CAGCAGCGTGAAAGAG","10X_P7_4","erythrocyte","CL:0000232"
"10X_P7_4_CAGCAGCGTTGTTTGG","10X_P7_4","endothelial cell","CL:0000115"
"10X_P7_4_CAGCCGACACAGTCGC","10X_P7_4","fibroblast","CL:0000057"
"10X_P7_4_CAGCGACCAAACGCGA","10X_P7_4","endothelial cell","CL:0000115"
"10X_P7_4_CAGCTAACAAGAGTCG","10X_P7_4","endothelial cell","CL:0000115"
"10X_P7_4_CAGGTGCTCACCACCT","10X_P7_4","cardiac muscle cell","CL:0000746"
"10X_P7_4_CAGGTGCTCTCCGGTT","10X_P7_4","endothelial cell","CL:0000115"
"10X_P7_4_CAGTAACAGTGGTAAT","10X_P7_4","cardiac muscle cell","CL:0000746"
"10X_P7_4_CAGTCCTAGGATTCGG","10X_P7_4","cardiac muscle cell","CL:0000746"
"10X_P7_4_CAGTCCTGTGAGCGAT","10X_P7_4","endothelial cell","CL:0000115"
"10X_P7_4_CATATGGTCAGGTAAA","10X_P7_4","endothelial cell","CL:0000115"
"10X_P7_4_CATATGGTCGTTTATC","10X_P7_4","fibroblast","CL:0000057"
"10X_P7_4_CATATTCAGACGCTTT","10X_P7_4","cardiac muscle cell","CL:0000746"
"10X_P7_4_CATCCACCAATACGCT","10X_P7_4","cardiac muscle cell","CL:0000746"
"10X_P7_4_CATCGAAAGGCTCTTA","10X_P7_4","fibroblast","CL:0000057"
"10X_P7_4_CATCGAAAGTACGCGA","10X_P7_4","fibroblast","CL:0000057"
"10X_P7_4_CATCGAATCAACGGGA","10X_P7_4","fibroblast","CL:0000057"
"10X_P7_4_CATCGGGCAGCTGTAT","10X_P7_4","endothelial cell","CL:0000115"
"10X_P7_4_CATCGGGCATAAAGGT","10X_P7_4","endothelial cell","CL:0000115"
"10X_P7_4_CATCGGGGTCGCTTTC","10X_P7_4","fibroblast","CL:0000057"
"10X_P7_4_CATCGGGGTTGTACAC","10X_P7_4","endothelial cell","CL:0000115"
"10X_P7_4_CATGACATCCACGTGG","10X_P7_4","fibroblast","CL:0000057"
"10X_P7_4_CATGCCTCATTGGCGC","10X_P7_4","endothelial cell","CL:0000115"
"10X_P7_4_CATGGCGCACCCATGG","10X_P7_4","endothelial cell","CL:0000115"
"10X_P7_4_CATGGCGGTGCAGGTA","10X_P7_4","erythrocyte","CL:0000232"
"10X_P7_4_CATTCGCCATTTCACT","10X_P7_4","fibroblast","CL:0000057"
"10X_P7_4_CCAATCCCACTACAGT","10X_P7_4","cardiac muscle cell","CL:0000746"
"10X_P7_4_CCACCTAAGGCCCGTT","10X_P7_4","endothelial cell","CL:0000115"
"10X_P7_4_CCACCTAGTCACTGGC","10X_P7_4","endocardial cell","CL:0002350"
"10X_P7_4_CCACCTATCAGCATGT","10X_P7_4","cardiac muscle cell","CL:0000746"
"10X_P7_4_CCACGGAAGGCCCGTT","10X_P7_4","erythrocyte","CL:0000232"
"10X_P7_4_CCAGCGACACGAAAGC","10X_P7_4","endocardial cell","CL:0002350"
"10X_P7_4_CCATGTCCACTTGGAT","10X_P7_4","endothelial cell","CL:0000115"
"10X_P7_4_CCATGTCTCCCATTAT","10X_P7_4","erythrocyte","CL:0000232"
"10X_P7_4_CCCAATCCAGGTGGAT","10X_P7_4","erythrocyte","CL:0000232"
"10X_P7_4_CCCAATCTCATCTGCC","10X_P7_4","fibroblast","CL:0000057"
"10X_P7_4_CCCAGTTCATCGTCGG","10X_P7_4","erythrocyte","CL:0000232"
"10X_P7_4_CCCATACGTAGCTAAA","10X_P7_4","endothelial cell","CL:0000115"
"10X_P7_4_CCCTCCTTCAAACAAG","10X_P7_4","erythrocyte","CL:0000232"
"10X_P7_4_CCCTCCTTCATTGCGA","10X_P7_4","fibroblast","CL:0000057"
"10X_P7_4_CCGGGATGTTGGTTTG","10X_P7_4","fibroblast","CL:0000057"
"10X_P7_4_CCGTACTCATCGGGTC","10X_P7_4","endothelial cell","CL:0000115"
"10X_P7_4_CCGTGGAAGTAACCCT","10X_P7_4","endothelial cell","CL:0000115"
"10X_P7_4_CCGTGGATCTATCCTA","10X_P7_4","endocardial cell","CL:0002350"
"10X_P7_4_CCGTTCAGTAGGCTGA","10X_P7_4","fibroblast","CL:0000057"
"10X_P7_4_CCTAAAGGTTCGTCTC","10X_P7_4","endothelial cell","CL:0000115"
"10X_P7_4_CCTACACCAACTGCTA","10X_P7_4","endothelial cell","CL:0000115"
"10X_P7_4_CCTACCAGTAGGGTAC","10X_P7_4","erythrocyte","CL:0000232"
"10X_P7_4_CCTACCATCGCTTGTC","10X_P7_4","endothelial cell","CL:0000115"
"10X_P7_4_CCTAGCTGTGCATCTA","10X_P7_4","endothelial cell","CL:0000115"
"10X_P7_4_CCTATTAGTCGCATAT","10X_P7_4","cardiac muscle cell","CL:0000746"
"10X_P7_4_CCTCAGTCAGCAGTTT","10X_P7_4","endothelial cell","CL:0000115"
"10X_P7_4_CCTCTGAAGAAGATTC","10X_P7_4","endothelial cell","CL:0000115"
"10X_P7_4_CCTTACGGTTCATGGT","10X_P7_4",NA,NA
"10X_P7_4_CCTTACGTCGCCAGCA","10X_P7_4","fibroblast","CL:0000057"
"10X_P7_4_CCTTCGAAGTCTTGCA","10X_P7_4","fibroblast","CL:0000057"
"10X_P7_4_CCTTCGAGTCACACGC","10X_P7_4","fibroblast","CL:0000057"
"10X_P7_4_CCTTTCTTCGTAGATC","10X_P7_4","fibroblast","CL:0000057"
"10X_P7_4_CGAATGTAGAGCTGCA","10X_P7_4","cardiac muscle cell","CL:0000746"
"10X_P7_4_CGACTTCGTAGTACCT","10X_P7_4","fibroblast","CL:0000057"
"10X_P7_4_CGACTTCTCTGATACG","10X_P7_4","cardiac muscle cell","CL:0000746"
"10X_P7_4_CGAGAAGAGCAGCGTA","10X_P7_4","endocardial cell","CL:0002350"
"10X_P7_4_CGAGAAGAGCGATAGC","10X_P7_4","fibroblast","CL:0000057"
"10X_P7_4_CGAGAAGGTTGCGTTA","10X_P7_4","erythrocyte","CL:0000232"
"10X_P7_4_CGAGAAGTCTAGCACA","10X_P7_4","endothelial cell","CL:0000115"
"10X_P7_4_CGATGGCGTACTTCTT","10X_P7_4","endocardial cell","CL:0002350"
"10X_P7_4_CGATGTATCCCTTGTG","10X_P7_4","cardiac muscle cell","CL:0000746"
"10X_P7_4_CGATGTATCGAGAACG","10X_P7_4","endothelial cell","CL:0000115"
"10X_P7_4_CGCCAAGTCCTAGAAC","10X_P7_4","fibroblast","CL:0000057"
"10X_P7_4_CGCGGTACAAGTACCT","10X_P7_4","fibroblast","CL:0000057"
"10X_P7_4_CGCGGTACAGACGCCT","10X_P7_4","endocardial cell","CL:0002350"
"10X_P7_4_CGCGGTACAGCCTTGG","10X_P7_4","cardiac muscle cell","CL:0000746"
"10X_P7_4_CGCGTTTGTTCCACAA","10X_P7_4","erythrocyte","CL:0000232"
"10X_P7_4_CGCTATCCACTGCCAG","10X_P7_4","endothelial cell","CL:0000115"
"10X_P7_4_CGCTATCCATCTATGG","10X_P7_4","endothelial cell","CL:0000115"
"10X_P7_4_CGCTGGATCTGCGACG","10X_P7_4","fibroblast","CL:0000057"
"10X_P7_4_CGCTTCAAGATCCCAT","10X_P7_4","fibroblast","CL:0000057"
"10X_P7_4_CGCTTCAGTAAGCACG","10X_P7_4","endocardial cell","CL:0002350"
"10X_P7_4_CGCTTCATCCGAATGT","10X_P7_4",NA,NA
"10X_P7_4_CGGACACAGGCTACGA","10X_P7_4","cardiac muscle cell","CL:0000746"
"10X_P7_4_CGGACACAGTAGGCCA","10X_P7_4","endothelial cell","CL:0000115"
"10X_P7_4_CGGACGTAGCTTTGGT","10X_P7_4","fibroblast","CL:0000057"
"10X_P7_4_CGGACGTAGGCTAGCA","10X_P7_4","endothelial cell","CL:0000115"
"10X_P7_4_CGGACTGAGCAGCCTC","10X_P7_4","fibroblast","CL:0000057"
"10X_P7_4_CGGACTGCACTGTCGG","10X_P7_4","fibroblast","CL:0000057"
"10X_P7_4_CGGACTGGTCCGTCAG","10X_P7_4","fibroblast","CL:0000057"
"10X_P7_4_CGGACTGGTGGTACAG","10X_P7_4","fibroblast","CL:0000057"
"10X_P7_4_CGGAGCTCACGACGAA","10X_P7_4","fibroblast","CL:0000057"
"10X_P7_4_CGGAGCTGTTAAGGGC","10X_P7_4","fibroblast","CL:0000057"
"10X_P7_4_CGGAGCTTCCTGCAGG","10X_P7_4","endothelial cell","CL:0000115"
"10X_P7_4_CGGAGTCCACGAGGTA","10X_P7_4","fibroblast","CL:0000057"
"10X_P7_4_CGGAGTCCAGACACTT","10X_P7_4","endothelial cell","CL:0000115"
"10X_P7_4_CGGAGTCTCAGCAACT","10X_P7_4","endocardial cell","CL:0002350"
"10X_P7_4_CGGCTAGGTCAGTGGA","10X_P7_4","fibroblast","CL:0000057"
"10X_P7_4_CGGGTCATCAGGATCT","10X_P7_4","fibroblast","CL:0000057"
"10X_P7_4_CGGGTCATCCCAGGTG","10X_P7_4","cardiac muscle cell","CL:0000746"
"10X_P7_4_CGGGTCATCTGCGTAA","10X_P7_4","endothelial cell","CL:0000115"
"10X_P7_4_CGGTTAATCCGCAGTG","10X_P7_4","fibroblast","CL:0000057"
"10X_P7_4_CGGTTAATCTGTCCGT","10X_P7_4","cardiac muscle cell","CL:0000746"
"10X_P7_4_CGTAGCGCACCACGTG","10X_P7_4","erythrocyte","CL:0000232"
"10X_P7_4_CGTAGCGCATGGGAAC","10X_P7_4","fibroblast","CL:0000057"
"10X_P7_4_CGTAGGCCATTCGACA","10X_P7_4","fibroblast","CL:0000057"
"10X_P7_4_CGTCACTGTAACGCGA","10X_P7_4","endothelial cell","CL:0000115"
"10X_P7_4_CGTCAGGTCGGCTTGG","10X_P7_4","fibroblast","CL:0000057"
"10X_P7_4_CGTCCATAGACAATAC","10X_P7_4","endothelial cell","CL:0000115"
"10X_P7_4_CGTCCATAGGAGCGAG","10X_P7_4","endocardial cell","CL:0002350"
"10X_P7_4_CGTCCATCAGCTCGAC","10X_P7_4","cardiac muscle cell","CL:0000746"
"10X_P7_4_CGTCTACCAAATCCGT","10X_P7_4","fibroblast","CL:0000057"
"10X_P7_4_CGTGAGCAGGGCATGT","10X_P7_4","endothelial cell","CL:0000115"
"10X_P7_4_CGTGAGCAGTACACCT","10X_P7_4","cardiac muscle cell","CL:0000746"
"10X_P7_4_CGTGTCTAGCGATAGC","10X_P7_4",NA,NA
"10X_P7_4_CGTGTCTAGTGGACGT","10X_P7_4","endocardial cell","CL:0002350"
"10X_P7_4_CGTGTCTCACTCTGTC","10X_P7_4","endothelial cell","CL:0000115"
"10X_P7_4_CGTTCTGTCGTGGGAA","10X_P7_4","endocardial cell","CL:0002350"
"10X_P7_4_CTAAGACGTACATCCA","10X_P7_4","endothelial cell","CL:0000115"
"10X_P7_4_CTAAGACGTGACAAAT","10X_P7_4","endothelial cell","CL:0000115"
"10X_P7_4_CTAAGACGTTGACGTT","10X_P7_4","cardiac muscle cell","CL:0000746"
"10X_P7_4_CTAAGACTCGTGGACC","10X_P7_4","fibroblast","CL:0000057"
"10X_P7_4_CTAATGGGTACAGTGG","10X_P7_4","endothelial cell","CL:0000115"
"10X_P7_4_CTACACCAGAAACGCC","10X_P7_4","endocardial cell","CL:0002350"
"10X_P7_4_CTACACCGTCCAGTTA","10X_P7_4","fibroblast","CL:0000057"
"10X_P7_4_CTACATTAGTATTGGA","10X_P7_4","erythrocyte","CL:0000232"
"10X_P7_4_CTACCCACACGAAACG","10X_P7_4","fibroblast","CL:0000057"
"10X_P7_4_CTACGTCGTCTCACCT","10X_P7_4","fibroblast","CL:0000057"
"10X_P7_4_CTAGCCTGTTCGCGAC","10X_P7_4","endothelial cell","CL:0000115"
"10X_P7_4_CTAGTGAAGCAAATCA","10X_P7_4","endocardial cell","CL:0002350"
"10X_P7_4_CTAGTGACAATGGTCT","10X_P7_4","fibroblast","CL:0000057"
"10X_P7_4_CTAGTGATCGTGACAT","10X_P7_4","fibroblast","CL:0000057"
"10X_P7_4_CTAGTGATCTCCCTGA","10X_P7_4","endothelial cell","CL:0000115"
"10X_P7_4_CTCAGAACACCCTATC","10X_P7_4","endothelial cell","CL:0000115"
"10X_P7_4_CTCAGAATCGCAGGCT","10X_P7_4","fibroblast","CL:0000057"
"10X_P7_4_CTCATTACACGAAATA","10X_P7_4","endothelial cell","CL:0000115"
"10X_P7_4_CTCGAGGGTCGCATCG","10X_P7_4","fibroblast","CL:0000057"
"10X_P7_4_CTCGGAGGTCAACTGT","10X_P7_4","endothelial cell","CL:0000115"
"10X_P7_4_CTCGGAGTCATCACCC","10X_P7_4","endothelial cell","CL:0000115"
"10X_P7_4_CTCGGAGTCCTCTAGC","10X_P7_4","erythrocyte","CL:0000232"
"10X_P7_4_CTCGTCACATTATCTC","10X_P7_4","endocardial cell","CL:0002350"
"10X_P7_4_CTCGTCAGTATGAATG","10X_P7_4","erythrocyte","CL:0000232"
"10X_P7_4_CTCGTCAGTGGTCTCG","10X_P7_4","fibroblast","CL:0000057"
"10X_P7_4_CTCTAATAGGGTCGAT","10X_P7_4","cardiac muscle cell","CL:0000746"
"10X_P7_4_CTCTACGAGTGGAGAA","10X_P7_4","endothelial cell","CL:0000115"
"10X_P7_4_CTCTACGCAAAGCAAT","10X_P7_4","fibroblast","CL:0000057"
"10X_P7_4_CTCTGGTAGGAGCGTT","10X_P7_4",NA,NA
"10X_P7_4_CTCTGGTGTTCCCGAG","10X_P7_4","endothelial cell","CL:0000115"
"10X_P7_4_CTCTGGTGTTTGGCGC","10X_P7_4","fibroblast","CL:0000057"
"10X_P7_4_CTGAAACTCCGAATGT","10X_P7_4","fibroblast","CL:0000057"
"10X_P7_4_CTGAAGTGTAGAGCTG","10X_P7_4","cardiac muscle cell","CL:0000746"
"10X_P7_4_CTGATAGGTGAAGGCT","10X_P7_4","fibroblast","CL:0000057"
"10X_P7_4_CTGATAGGTTAAAGAC","10X_P7_4","endocardial cell","CL:0002350"
"10X_P7_4_CTGATCCCAAGCCCAC","10X_P7_4","endothelial cell","CL:0000115"
"10X_P7_4_CTGCCTAAGGGTGTTG","10X_P7_4","fibroblast","CL:0000057"
"10X_P7_4_CTGCGGATCGGAGCAA","10X_P7_4","fibroblast","CL:0000057"
"10X_P7_4_CTGCTGTTCCTCGCAT","10X_P7_4","fibroblast","CL:0000057"
"10X_P7_4_CTGTTTAGTTAAAGTG","10X_P7_4","endothelial cell","CL:0000115"
"10X_P7_4_CTGTTTATCGTCCGTT","10X_P7_4","endocardial cell","CL:0002350"
"10X_P7_4_CTTACCGAGTCCATAC","10X_P7_4","endothelial cell","CL:0000115"
"10X_P7_4_CTTACCGGTCCATCCT","10X_P7_4","fibroblast","CL:0000057"
"10X_P7_4_CTTACCGTCTTGCAAG","10X_P7_4","cardiac muscle cell","CL:0000746"
"10X_P7_4_CTTCTCTCACCGCTAG","10X_P7_4","fibroblast","CL:0000057"
"10X_P7_4_CTTCTCTTCATTCACT","10X_P7_4","endocardial cell","CL:0002350"
"10X_P7_4_CTTGGCTAGACTTTCG","10X_P7_4","erythrocyte","CL:0000232"
"10X_P7_4_GAACGGACAGTCAGCC","10X_P7_4",NA,NA
"10X_P7_4_GAACGGAGTGCGAAAC","10X_P7_4","endocardial cell","CL:0002350"
"10X_P7_4_GAACGGATCCTTCAAT","10X_P7_4","fibroblast","CL:0000057"
"10X_P7_4_GAAGCAGTCACTATTC","10X_P7_4","endothelial cell","CL:0000115"
"10X_P7_4_GAAGCAGTCGAATCCA","10X_P7_4","endothelial cell","CL:0000115"
"10X_P7_4_GAATAAGTCCCATTAT","10X_P7_4","fibroblast","CL:0000057"
"10X_P7_4_GAATGAATCGAATGCT","10X_P7_4","cardiac muscle cell","CL:0000746"
"10X_P7_4_GACACGCAGGGTTCCC","10X_P7_4","fibroblast","CL:0000057"
"10X_P7_4_GACACGCCAGCCTTGG","10X_P7_4","fibroblast","CL:0000057"
"10X_P7_4_GACACGCCATTTCAGG","10X_P7_4","endocardial cell","CL:0002350"
"10X_P7_4_GACAGAGAGATCGATA","10X_P7_4","endocardial cell","CL:0002350"
"10X_P7_4_GACAGAGGTATTCGTG","10X_P7_4","erythrocyte","CL:0000232"
"10X_P7_4_GACAGAGGTGCACGAA","10X_P7_4","endothelial cell","CL:0000115"
"10X_P7_4_GACCTGGTCATAACCG","10X_P7_4","cardiac muscle cell","CL:0000746"
"10X_P7_4_GACGTTAAGTGTACCT","10X_P7_4","endothelial cell","CL:0000115"
"10X_P7_4_GACGTTATCCACGAAT","10X_P7_4","fibroblast","CL:0000057"
"10X_P7_4_GACTACACAAGCTGAG","10X_P7_4","endothelial cell","CL:0000115"
"10X_P7_4_GACTACAGTAGCGTGA","10X_P7_4","fibroblast","CL:0000057"
"10X_P7_4_GACTGCGGTGCAACTT","10X_P7_4","endothelial cell","CL:0000115"
"10X_P7_4_GAGCAGAAGATATGCA","10X_P7_4","endothelial cell","CL:0000115"
"10X_P7_4_GATCAGTAGTCTCCTC","10X_P7_4","fibroblast","CL:0000057"
"10X_P7_4_GATCAGTGTTTGCATG","10X_P7_4","endocardial cell","CL:0002350"
"10X_P7_4_GATCGATCACATGGGA","10X_P7_4","cardiac muscle cell","CL:0000746"
"10X_P7_4_GATCGCGAGGGCTCTC","10X_P7_4","endothelial cell","CL:0000115"
"10X_P7_4_GATCGCGGTTGCGCAC","10X_P7_4","fibroblast","CL:0000057"
"10X_P7_4_GATCGTATCTCGGACG","10X_P7_4","endothelial cell","CL:0000115"
"10X_P7_4_GATCTAGGTCTAGAGG","10X_P7_4","cardiac muscle cell","CL:0000746"
"10X_P7_4_GATGAAAAGAAGATTC","10X_P7_4","fibroblast","CL:0000057"
"10X_P7_4_GATGAAAAGACGACGT","10X_P7_4","cardiac muscle cell","CL:0000746"
"10X_P7_4_GATTCAGCACAGCGTC","10X_P7_4","fibroblast","CL:0000057"
"10X_P7_4_GCAAACTAGCCCTAAT","10X_P7_4","fibroblast","CL:0000057"
"10X_P7_4_GCAAACTGTCAGAGGT","10X_P7_4","fibroblast","CL:0000057"
"10X_P7_4_GCAAACTGTTTCCACC","10X_P7_4","endothelial cell","CL:0000115"
"10X_P7_4_GCACTCTGTAAACCTC","10X_P7_4","endothelial cell","CL:0000115"
"10X_P7_4_GCAGCCAGTTGAACTC","10X_P7_4","erythrocyte","CL:0000232"
"10X_P7_4_GCAGTTAAGTATTGGA","10X_P7_4","fibroblast","CL:0000057"
"10X_P7_4_GCAGTTATCGCACTCT","10X_P7_4","endothelial cell","CL:0000115"
"10X_P7_4_GCATACATCCCTGACT","10X_P7_4","fibroblast","CL:0000057"
"10X_P7_4_GCATGCGCAGCTGCTG","10X_P7_4","erythrocyte","CL:0000232"
"10X_P7_4_GCATGTACACCTCGTT","10X_P7_4","cardiac muscle cell","CL:0000746"
"10X_P7_4_GCCAAATAGATATACG","10X_P7_4","endocardial cell","CL:0002350"
"10X_P7_4_GCCAAATCACCATCCT","10X_P7_4","fibroblast","CL:0000057"
"10X_P7_4_GCCTCTACATCGGAAG","10X_P7_4","endothelial cell","CL:0000115"
"10X_P7_4_GCCTCTATCAAGAAGT","10X_P7_4","endothelial cell","CL:0000115"
"10X_P7_4_GCGACCAAGTGACATA","10X_P7_4","cardiac muscle cell","CL:0000746"
"10X_P7_4_GCGAGAAGTCGAGTTT","10X_P7_4","fibroblast","CL:0000057"
"10X_P7_4_GCGCCAAAGGCATTGG","10X_P7_4","endocardial cell","CL:0002350"
"10X_P7_4_GCGCGATGTGCTGTAT","10X_P7_4","cardiac muscle cell","CL:0000746"
"10X_P7_4_GCGCGATTCTTGCATT","10X_P7_4","fibroblast","CL:0000057"
"10X_P7_4_GCTCCTAGTCTAAAGA","10X_P7_4","fibroblast","CL:0000057"
"10X_P7_4_GCTCTGTAGTCGTTTG","10X_P7_4","endothelial cell","CL:0000115"
"10X_P7_4_GCTCTGTGTCTAAAGA","10X_P7_4","endothelial cell","CL:0000115"
"10X_P7_4_GCTGCAGAGCCCTAAT","10X_P7_4","fibroblast","CL:0000057"
"10X_P7_4_GCTGCAGTCAACGGGA","10X_P7_4","endothelial cell","CL:0000115"
"10X_P7_4_GCTGCAGTCGTTTGCC","10X_P7_4","fibroblast","CL:0000057"
"10X_P7_4_GCTGCAGTCTGCGACG","10X_P7_4","endocardial cell","CL:0002350"
"10X_P7_4_GCTGCGAAGAACAACT","10X_P7_4","endocardial cell","CL:0002350"
"10X_P7_4_GCTGCGAGTAAACGCG","10X_P7_4","fibroblast","CL:0000057"
"10X_P7_4_GCTGCGATCGAATGCT","10X_P7_4",NA,NA
"10X_P7_4_GCTGCTTCAGCTGTAT","10X_P7_4","fibroblast","CL:0000057"
"10X_P7_4_GCTGCTTTCCAATGGT","10X_P7_4","fibroblast","CL:0000057"
"10X_P7_4_GCTGGGTCAATGAATG","10X_P7_4","cardiac muscle cell","CL:0000746"
"10X_P7_4_GCTTCCAAGTGAAGTT","10X_P7_4","erythrocyte","CL:0000232"
"10X_P7_4_GCTTCCACACGAGGTA","10X_P7_4","fibroblast","CL:0000057"
"10X_P7_4_GGAAAGCAGGAGTAGA","10X_P7_4","fibroblast","CL:0000057"
"10X_P7_4_GGAACTTTCTGAGTGT","10X_P7_4","cardiac muscle cell","CL:0000746"
"10X_P7_4_GGACAGAAGTCAAGGC","10X_P7_4","fibroblast","CL:0000057"
"10X_P7_4_GGACGTCAGGGTGTTG","10X_P7_4","endocardial cell","CL:0002350"
"10X_P7_4_GGACGTCCACGCGAAA","10X_P7_4","fibroblast","CL:0000057"
"10X_P7_4_GGAGCAATCTGTCAAG","10X_P7_4","endothelial cell","CL:0000115"
"10X_P7_4_GGATGTTAGTGTACGG","10X_P7_4","endothelial cell","CL:0000115"
"10X_P7_4_GGATGTTTCGTGGTCG","10X_P7_4","cardiac muscle cell","CL:0000746"
"10X_P7_4_GGATTACAGAGGACGG","10X_P7_4","erythrocyte","CL:0000232"
"10X_P7_4_GGATTACCACGGTAAG","10X_P7_4","fibroblast","CL:0000057"
"10X_P7_4_GGATTACGTGCCTGTG","10X_P7_4","endocardial cell","CL:0002350"
"10X_P7_4_GGCAATTCATGATCCA","10X_P7_4","endothelial cell","CL:0000115"
"10X_P7_4_GGCAATTGTAAATACG","10X_P7_4","endothelial cell","CL:0000115"
"10X_P7_4_GGCCGATCAAGGACTG","10X_P7_4","endothelial cell","CL:0000115"
"10X_P7_4_GGCGACTCAAATCCGT","10X_P7_4","fibroblast","CL:0000057"
"10X_P7_4_GGCGACTCAGTATAAG","10X_P7_4","erythrocyte","CL:0000232"
"10X_P7_4_GGCGTGTCAATCCAAC","10X_P7_4","endocardial cell","CL:0002350"
"10X_P7_4_GGCTCGACAAGCTGTT","10X_P7_4","fibroblast","CL:0000057"
"10X_P7_4_GGCTCGATCACATACG","10X_P7_4","endothelial cell","CL:0000115"
"10X_P7_4_GGCTGGTCAGGGCATA","10X_P7_4","endothelial cell","CL:0000115"
"10X_P7_4_GGCTGGTGTGTCGCTG","10X_P7_4","endothelial cell","CL:0000115"
"10X_P7_4_GGGAATGTCCGCAGTG","10X_P7_4","endothelial cell","CL:0000115"
"10X_P7_4_GGGACCTCACTCTGTC","10X_P7_4","endothelial cell","CL:0000115"
"10X_P7_4_GGGACCTCAGACGCAA","10X_P7_4","erythrocyte","CL:0000232"
"10X_P7_4_GGGACCTGTTATCGGT","10X_P7_4","erythrocyte","CL:0000232"
"10X_P7_4_GGGAGATAGGTGCTTT","10X_P7_4","cardiac muscle cell","CL:0000746"
"10X_P7_4_GGGATGATCCGAAGAG","10X_P7_4","cardiac muscle cell","CL:0000746"
"10X_P7_4_GGGCATCCAGTCGATT","10X_P7_4","fibroblast","CL:0000057"
"10X_P7_4_GGGCATCGTACCCAAT","10X_P7_4","erythrocyte","CL:0000232"
"10X_P7_4_GGGTCTGCATTGTGCA","10X_P7_4","fibroblast","CL:0000057"
"10X_P7_4_GGTATTGCACAGAGGT","10X_P7_4","fibroblast","CL:0000057"
"10X_P7_4_GGTATTGGTCGGCACT","10X_P7_4","fibroblast","CL:0000057"
"10X_P7_4_GGTGAAGTCGACCAGC","10X_P7_4","endothelial cell","CL:0000115"
"10X_P7_4_GGTGCGTGTATATCCG","10X_P7_4","fibroblast","CL:0000057"
"10X_P7_4_GGTGTTAAGCTAGTGG","10X_P7_4","cardiac muscle cell","CL:0000746"
"10X_P7_4_GGTGTTATCAGTGCAT","10X_P7_4","fibroblast","CL:0000057"
"10X_P7_4_GTAACGTAGCTAACAA","10X_P7_4","endocardial cell","CL:0002350"
"10X_P7_4_GTAACGTGTCTTGTCC","10X_P7_4","fibroblast","CL:0000057"
"10X_P7_4_GTAACGTGTTGAGTTC","10X_P7_4","endothelial cell","CL:0000115"
"10X_P7_4_GTAACGTGTTTGCATG","10X_P7_4","fibroblast","CL:0000057"
"10X_P7_4_GTAACTGGTAAGTTCC","10X_P7_4",NA,NA
"10X_P7_4_GTAACTGGTCGCGTGT","10X_P7_4","endocardial cell","CL:0002350"
"10X_P7_4_GTAGGCCAGCTAACAA","10X_P7_4","fibroblast","CL:0000057"
"10X_P7_4_GTAGGCCCAGCCTATA","10X_P7_4","endothelial cell","CL:0000115"
"10X_P7_4_GTAGGCCTCAACGGGA","10X_P7_4","endothelial cell","CL:0000115"
"10X_P7_4_GTAGGCCTCTCGAGTA","10X_P7_4",NA,NA
"10X_P7_4_GTATCTTAGGTGATAT","10X_P7_4","endothelial cell","CL:0000115"
"10X_P7_4_GTATCTTTCATCGGAT","10X_P7_4","fibroblast","CL:0000057"
"10X_P7_4_GTATTCTTCACCATAG","10X_P7_4","endothelial cell","CL:0000115"
"10X_P7_4_GTATTCTTCCGTCATC","10X_P7_4","fibroblast","CL:0000057"
"10X_P7_4_GTCAAGTAGAGGTTGC","10X_P7_4","fibroblast","CL:0000057"
"10X_P7_4_GTCACAAGTTCCTCCA","10X_P7_4","endothelial cell","CL:0000115"
"10X_P7_4_GTCACGGCATGGATGG","10X_P7_4","endothelial cell","CL:0000115"
"10X_P7_4_GTCATTTAGTGTGAAT","10X_P7_4","endothelial cell","CL:0000115"
"10X_P7_4_GTCATTTGTAGGAGTC","10X_P7_4","fibroblast","CL:0000057"
"10X_P7_4_GTCATTTTCACCGTAA","10X_P7_4","endothelial cell","CL:0000115"
"10X_P7_4_GTCATTTTCCCAACGG","10X_P7_4","fibroblast","CL:0000057"
"10X_P7_4_GTCCTCACATTCTCAT","10X_P7_4","fibroblast","CL:0000057"
"10X_P7_4_GTCCTCATCTGTCCGT","10X_P7_4","cardiac muscle cell","CL:0000746"
"10X_P7_4_GTCGTAAAGCTGATAA","10X_P7_4","fibroblast","CL:0000057"
"10X_P7_4_GTCGTAATCCTAGGGC","10X_P7_4","endocardial cell","CL:0002350"
"10X_P7_4_GTCGTAATCTTTAGTC","10X_P7_4","erythrocyte","CL:0000232"
"10X_P7_4_GTCTTCGAGCGTCTAT","10X_P7_4","fibroblast","CL:0000057"
"10X_P7_4_GTGCAGCAGATGCGAC","10X_P7_4","fibroblast","CL:0000057"
"10X_P7_4_GTGCAGCGTTGGAGGT","10X_P7_4","cardiac muscle cell","CL:0000746"
"10X_P7_4_GTGCATACACGCTTTC","10X_P7_4","endocardial cell","CL:0002350"
"10X_P7_4_GTGCATACATGGTCTA","10X_P7_4","endocardial cell","CL:0002350"
"10X_P7_4_GTGCGGTCACGAAATA","10X_P7_4","cardiac muscle cell","CL:0000746"
"10X_P7_4_GTGCTTCCACATAACC","10X_P7_4","cardiac muscle cell","CL:0000746"
"10X_P7_4_GTGGGTCAGAGGTTGC","10X_P7_4","cardiac muscle cell","CL:0000746"
"10X_P7_4_GTGGGTCCAAGCTGAG","10X_P7_4","fibroblast","CL:0000057"
"10X_P7_4_GTGGGTCTCCAGAGGA","10X_P7_4",NA,NA
"10X_P7_4_GTGTTAGAGCTGCAAG","10X_P7_4","endothelial cell","CL:0000115"
"10X_P7_4_GTGTTAGCAACTGCTA","10X_P7_4","endothelial cell","CL:0000115"
"10X_P7_4_GTTAAGCCATTCTCAT","10X_P7_4","fibroblast","CL:0000057"
"10X_P7_4_GTTAAGCTCAAGGTAA","10X_P7_4","fibroblast","CL:0000057"
"10X_P7_4_GTTCATTAGAGTCTGG","10X_P7_4","fibroblast","CL:0000057"
"10X_P7_4_GTTCGGGAGCTTATCG","10X_P7_4","fibroblast","CL:0000057"
"10X_P7_4_GTTCTCGAGGCATGTG","10X_P7_4","endothelial cell","CL:0000115"
"10X_P7_4_GTTCTCGAGTACGTTC","10X_P7_4","erythrocyte","CL:0000232"
"10X_P7_4_GTTCTCGGTCTAGCGC","10X_P7_4","endothelial cell","CL:0000115"
"10X_P7_4_GTTTCTACAGATCCAT","10X_P7_4","endothelial cell","CL:0000115"
"10X_P7_4_TAAACCGAGCCACCTG","10X_P7_4","endothelial cell","CL:0000115"
"10X_P7_4_TAAGAGACACGTAAGG","10X_P7_4","endothelial cell","CL:0000115"
"10X_P7_4_TAAGAGACATGGATGG","10X_P7_4","fibroblast","CL:0000057"
"10X_P7_4_TAAGAGATCCCGGATG","10X_P7_4","endothelial cell","CL:0000115"
"10X_P7_4_TACAGTGGTTCCACGG","10X_P7_4","erythrocyte","CL:0000232"
"10X_P7_4_TACCTATAGCGAGAAA","10X_P7_4","fibroblast","CL:0000057"
"10X_P7_4_TACCTATGTCGCATCG","10X_P7_4","endocardial cell","CL:0002350"
"10X_P7_4_TACCTTAGTCCAACTA","10X_P7_4","fibroblast","CL:0000057"
"10X_P7_4_TACCTTATCGTGGGAA","10X_P7_4","cardiac muscle cell","CL:0000746"
"10X_P7_4_TACGGATAGGCAATTA","10X_P7_4","endothelial cell","CL:0000115"
"10X_P7_4_TACGGATCATGGAATA","10X_P7_4","endocardial cell","CL:0002350"
"10X_P7_4_TACGGATGTATAAACG","10X_P7_4","fibroblast","CL:0000057"
"10X_P7_4_TACGGGCAGTCTCGGC","10X_P7_4","endothelial cell","CL:0000115"
"10X_P7_4_TACGGTAAGAGTAATC","10X_P7_4","endocardial cell","CL:0002350"
"10X_P7_4_TACGGTAAGCTACCTA","10X_P7_4","endocardial cell","CL:0002350"
"10X_P7_4_TACGGTACAAGTTCTG","10X_P7_4","fibroblast","CL:0000057"
"10X_P7_4_TACTCATTCAAGGTAA","10X_P7_4","fibroblast","CL:0000057"
"10X_P7_4_TACTCGCGTCTTGCGG","10X_P7_4","fibroblast","CL:0000057"
"10X_P7_4_TACTTACTCTCCAACC","10X_P7_4","erythrocyte","CL:0000232"
"10X_P7_4_TAGCCGGGTCGAACAG","10X_P7_4","fibroblast","CL:0000057"
"10X_P7_4_TAGCCGGGTTCGTGAT","10X_P7_4","cardiac muscle cell","CL:0000746"
"10X_P7_4_TAGGCATGTCTCCATC","10X_P7_4","fibroblast","CL:0000057"
"10X_P7_4_TAGGCATTCAAACCAC","10X_P7_4","endothelial cell","CL:0000115"
"10X_P7_4_TAGTTGGAGTGTTGAA","10X_P7_4","erythrocyte","CL:0000232"
"10X_P7_4_TAGTTGGGTAGTACCT","10X_P7_4","endothelial cell","CL:0000115"
"10X_P7_4_TAGTTGGTCACGAAGG","10X_P7_4","endothelial cell","CL:0000115"
"10X_P7_4_TATCTCAAGCTACCTA","10X_P7_4","endocardial cell","CL:0002350"
"10X_P7_4_TATCTCACAAGGACAC","10X_P7_4","endothelial cell","CL:0000115"
"10X_P7_4_TATCTCACAATCACAC","10X_P7_4","cardiac muscle cell","CL:0000746"
"10X_P7_4_TATTACCCACCGAAAG","10X_P7_4","cardiac muscle cell","CL:0000746"
"10X_P7_4_TATTACCTCGTAGGTT","10X_P7_4","fibroblast","CL:0000057"
"10X_P7_4_TCAACGAAGACGCTTT","10X_P7_4","fibroblast","CL:0000057"
"10X_P7_4_TCAACGATCTTTAGGG","10X_P7_4","endothelial cell","CL:0000115"
"10X_P7_4_TCACAAGAGTAGCGGT","10X_P7_4","cardiac muscle cell","CL:0000746"
"10X_P7_4_TCAGCTCAGTCGCCGT","10X_P7_4","endothelial cell","CL:0000115"
"10X_P7_4_TCAGCTCAGTGCTGCC","10X_P7_4","cardiac muscle cell","CL:0000746"
"10X_P7_4_TCAGCTCGTGGACGAT","10X_P7_4","erythrocyte","CL:0000232"
"10X_P7_4_TCAGCTCGTTGATTGC","10X_P7_4","fibroblast","CL:0000057"
"10X_P7_4_TCAGGATCACTGTGTA","10X_P7_4","endothelial cell","CL:0000115"
"10X_P7_4_TCAGGATGTCTAGTCA","10X_P7_4","endothelial cell","CL:0000115"
"10X_P7_4_TCAGGTACATAACCTG","10X_P7_4","endothelial cell","CL:0000115"
"10X_P7_4_TCATTACCACATCTTT","10X_P7_4","fibroblast","CL:0000057"
"10X_P7_4_TCATTACTCACCGTAA","10X_P7_4","fibroblast","CL:0000057"
"10X_P7_4_TCCACACCACTCGACG","10X_P7_4","erythrocyte","CL:0000232"
"10X_P7_4_TCCCGATTCCATGAAC","10X_P7_4",NA,NA
"10X_P7_4_TCCCGATTCCGTAGGC","10X_P7_4","endothelial cell","CL:0000115"
"10X_P7_4_TCGAGGCGTATGCTTG","10X_P7_4","fibroblast","CL:0000057"
"10X_P7_4_TCGAGGCTCTGAGTGT","10X_P7_4","fibroblast","CL:0000057"
"10X_P7_4_TCGCGAGGTTGGGACA","10X_P7_4","endothelial cell","CL:0000115"
"10X_P7_4_TCGGGACAGTCAAGGC","10X_P7_4","cardiac muscle cell","CL:0000746"
"10X_P7_4_TCGGGACCAGGTGCCT","10X_P7_4","erythrocyte","CL:0000232"
"10X_P7_4_TCGGGACCATCACCCT","10X_P7_4","cardiac muscle cell","CL:0000746"
"10X_P7_4_TCGGGACGTTCGGGCT","10X_P7_4","endothelial cell","CL:0000115"
"10X_P7_4_TCGGTAACATTGGCGC","10X_P7_4","fibroblast","CL:0000057"
"10X_P7_4_TCGTACCAGTTACGGG","10X_P7_4","fibroblast","CL:0000057"
"10X_P7_4_TCGTACCTCAACGCTA","10X_P7_4","fibroblast","CL:0000057"
"10X_P7_4_TCGTACCTCTGTACGA","10X_P7_4","cardiac muscle cell","CL:0000746"
"10X_P7_4_TCGTAGATCGCATGGC","10X_P7_4","endocardial cell","CL:0002350"
"10X_P7_4_TCTATTGCACTGAAGG","10X_P7_4","fibroblast","CL:0000057"
"10X_P7_4_TCTCATAGTGTAACGG","10X_P7_4","cardiac muscle cell","CL:0000746"
"10X_P7_4_TCTGAGACAGCTGTGC","10X_P7_4","cardiac muscle cell","CL:0000746"
"10X_P7_4_TCTGGAATCGAGCCCA","10X_P7_4","endothelial cell","CL:0000115"
"10X_P7_4_TCTTCGGGTAGGACAC","10X_P7_4","cardiac muscle cell","CL:0000746"
"10X_P7_4_TCTTTCCGTCGCGTGT","10X_P7_4","endocardial cell","CL:0002350"
"10X_P7_4_TGACAACAGATATGGT","10X_P7_4","erythrocyte","CL:0000232"
"10X_P7_4_TGACGGCAGAGAGCTC","10X_P7_4","endocardial cell","CL:0002350"
"10X_P7_4_TGACGGCGTAAGTAGT","10X_P7_4","fibroblast","CL:0000057"
"10X_P7_4_TGACTTTCATTCTCAT","10X_P7_4","endothelial cell","CL:0000115"
"10X_P7_4_TGACTTTTCAAACCGT","10X_P7_4","endothelial cell","CL:0000115"
"10X_P7_4_TGACTTTTCGTAGATC","10X_P7_4","fibroblast","CL:0000057"
"10X_P7_4_TGAGCATCATGCTGGC","10X_P7_4","endocardial cell","CL:0002350"
"10X_P7_4_TGAGCCGGTCGGCATC","10X_P7_4","fibroblast","CL:0000057"
"10X_P7_4_TGAGGGAAGCGTGAAC","10X_P7_4","endothelial cell","CL:0000115"
"10X_P7_4_TGAGGGACATACCATG","10X_P7_4","erythrocyte","CL:0000232"
"10X_P7_4_TGCACCTCAAGTTCTG","10X_P7_4","cardiac muscle cell","CL:0000746"
"10X_P7_4_TGCACCTCAGCCTGTG","10X_P7_4",NA,NA
"10X_P7_4_TGCACCTTCCAAGTAC","10X_P7_4","endothelial cell","CL:0000115"
"10X_P7_4_TGCCAAAGTGTGCCTG","10X_P7_4","cardiac muscle cell","CL:0000746"
"10X_P7_4_TGCCCATTCTGCTTGC","10X_P7_4","endocardial cell","CL:0002350"
"10X_P7_4_TGCCCTACATGGAATA","10X_P7_4","fibroblast","CL:0000057"
"10X_P7_4_TGCGCAGCACTTCGAA","10X_P7_4","endothelial cell","CL:0000115"
"10X_P7_4_TGCGGGTCAGATGGGT","10X_P7_4","fibroblast","CL:0000057"
"10X_P7_4_TGCGGGTGTATGGTTC","10X_P7_4","fibroblast","CL:0000057"
"10X_P7_4_TGCGTGGGTAGCTGCC","10X_P7_4","endocardial cell","CL:0002350"
"10X_P7_4_TGCGTGGTCCAGGGCT","10X_P7_4","fibroblast","CL:0000057"
"10X_P7_4_TGCTACCTCACAAACC","10X_P7_4","erythrocyte","CL:0000232"
"10X_P7_4_TGCTACCTCCCTTGCA","10X_P7_4","cardiac muscle cell","CL:0000746"
"10X_P7_4_TGCTGCTCATCGACGC","10X_P7_4","erythrocyte","CL:0000232"
"10X_P7_4_TGCTGCTGTAACGTTC","10X_P7_4",NA,NA
"10X_P7_4_TGGACGCCACGGACAA","10X_P7_4","fibroblast","CL:0000057"
"10X_P7_4_TGGACGCCACTTACGA","10X_P7_4","fibroblast","CL:0000057"
"10X_P7_4_TGGACGCGTTACGACT","10X_P7_4","endothelial cell","CL:0000115"
"10X_P7_4_TGGACGCTCTGGCGTG","10X_P7_4","endothelial cell","CL:0000115"
"10X_P7_4_TGGCGCAGTAAGTAGT","10X_P7_4","endothelial cell","CL:0000115"
"10X_P7_4_TGGCTGGTCGAATGCT","10X_P7_4","fibroblast","CL:0000057"
"10X_P7_4_TGGGAAGAGGCGCTCT","10X_P7_4","endothelial cell","CL:0000115"
"10X_P7_4_TGGGAAGGTACAAGTA","10X_P7_4","erythrocyte","CL:0000232"
"10X_P7_4_TGGGCGTCATAGGATA","10X_P7_4","endothelial cell","CL:0000115"
"10X_P7_4_TGGTTAGCAAGAAGAG","10X_P7_4","erythrocyte","CL:0000232"
"10X_P7_4_TGGTTAGCATGTCGAT","10X_P7_4","endocardial cell","CL:0002350"
"10X_P7_4_TGTATTCAGCAGCCTC","10X_P7_4","fibroblast","CL:0000057"
"10X_P7_4_TGTATTCAGCGAAGGG","10X_P7_4","fibroblast","CL:0000057"
"10X_P7_4_TGTCCCACAGCTGTTA","10X_P7_4","cardiac muscle cell","CL:0000746"
"10X_P7_4_TGTCCCAGTCGCGTGT","10X_P7_4","endothelial cell","CL:0000115"
"10X_P7_4_TGTGGTAGTTCCAACA","10X_P7_4","endothelial cell","CL:0000115"
"10X_P7_4_TGTGTTTCATTACGAC","10X_P7_4","erythrocyte","CL:0000232"
"10X_P7_4_TTAGGCACAGAAGCAC","10X_P7_4","endocardial cell","CL:0002350"
"10X_P7_4_TTAGGCAGTACTCGCG","10X_P7_4","endothelial cell","CL:0000115"
"10X_P7_4_TTAGTTCAGCTAACAA","10X_P7_4","fibroblast","CL:0000057"
"10X_P7_4_TTAGTTCCATCCGGGT","10X_P7_4","fibroblast","CL:0000057"
"10X_P7_4_TTAGTTCGTCTTCTCG","10X_P7_4","endothelial cell","CL:0000115"
"10X_P7_4_TTAGTTCTCTCTGCTG","10X_P7_4","endothelial cell","CL:0000115"
"10X_P7_4_TTATGCTTCCCAAGTA","10X_P7_4","endothelial cell","CL:0000115"
"10X_P7_4_TTATGCTTCCTTAATC","10X_P7_4","endocardial cell","CL:0002350"
"10X_P7_4_TTCCCAGCATAAGACA","10X_P7_4","endocardial cell","CL:0002350"
"10X_P7_4_TTCCCAGGTTGTTTGG","10X_P7_4","endothelial cell","CL:0000115"
"10X_P7_4_TTCGGTCAGACAATAC","10X_P7_4","fibroblast","CL:0000057"
"10X_P7_4_TTCGGTCCAATCCGAT","10X_P7_4","fibroblast","CL:0000057"
"10X_P7_4_TTCGGTCCACTGTTAG","10X_P7_4","fibroblast","CL:0000057"
"10X_P7_4_TTCGGTCTCAGCTCTC","10X_P7_4","endocardial cell","CL:0002350"
"10X_P7_4_TTCTACAAGAGCAATT","10X_P7_4","endothelial cell","CL:0000115"
"10X_P7_4_TTCTCCTTCACCGTAA","10X_P7_4","erythrocyte","CL:0000232"
"10X_P7_4_TTCTTAGGTTTGGGCC","10X_P7_4","fibroblast","CL:0000057"
"10X_P7_4_TTCTTAGTCATGGTCA","10X_P7_4","endothelial cell","CL:0000115"
"10X_P7_4_TTGCCGTAGCTATGCT","10X_P7_4",NA,NA
"10X_P7_4_TTGCCGTGTTGCGCAC","10X_P7_4","erythrocyte","CL:0000232"
"10X_P7_4_TTGCCGTGTTGTTTGG","10X_P7_4","erythrocyte","CL:0000232"
"10X_P7_4_TTGCGTCAGCAGATCG","10X_P7_4","erythrocyte","CL:0000232"
"10X_P7_4_TTGGAACAGTTGCAGG","10X_P7_4","fibroblast","CL:0000057"
"10X_P7_4_TTGTAGGAGGTGGGTT","10X_P7_4","fibroblast","CL:0000057"
"10X_P7_4_TTTACTGCAGACGCTC","10X_P7_4","fibroblast","CL:0000057"
"10X_P7_4_TTTATGCTCGATAGAA","10X_P7_4","fibroblast","CL:0000057"
"10X_P7_4_TTTCCTCGTATCACCA","10X_P7_4","erythrocyte","CL:0000232"
"10X_P7_4_TTTCCTCTCCAGGGCT","10X_P7_4","endothelial cell","CL:0000115"
"10X_P7_4_TTTGCGCAGGACAGCT","10X_P7_4","endothelial cell","CL:0000115"
"10X_P7_4_TTTGGTTCAGACTCGC","10X_P7_4","cardiac muscle cell","CL:0000746"
"10X_P7_4_TTTGTCAAGTGGAGAA","10X_P7_4","cardiac muscle cell","CL:0000746"
"10X_P7_4_TTTGTCACAAGCCATT","10X_P7_4","endocardial cell","CL:0002350"
"10X_P7_4_TTTGTCAGTCGATTGT","10X_P7_4","endothelial cell","CL:0000115"
"10X_P7_4_TTTGTCAGTGCGCTTG","10X_P7_4","fibroblast","CL:0000057"
