"","plate.barcode","cell_ontology_class","cell_ontology_id","free_annotation","cluster.ids"
"A10.MAA000907.3_11_M.1.1","MAA000907","endothelial cell of hepatic sinusoid","CL:1000398","endothelial cell","0"
"A10.MAA100041.3_9_M.1.1","MAA100041","hepatocyte","CL:0000182","hepatocyte","3"
"A10.MAA100138.3_56_F.1.1","MAA100138","hepatocyte","CL:0000182","hepatocyte","3"
"A11.MAA000907.3_11_M.1.1","MAA000907","endothelial cell of hepatic sinusoid","CL:1000398","endothelial cell","0"
"A11.MAA100041.3_9_M.1.1","MAA100041","hepatocyte","CL:0000182","hepatocyte","4"
"A11.MAA100138.3_56_F.1.1","MAA100138","hepatocyte","CL:0000182","hepatocyte","3"
"A11.MAA100140.3_57_F.1.1","MAA100140","hepatocyte","CL:0000182","hepatocyte","6"
"A12.MAA000907.3_11_M.1.1","MAA000907","Kupffer cell","CL:0000091","kuppfer","5"
"A12.MAA100042.3_9_M.1.1","MAA100042","hepatocyte","CL:0000182","hepatocyte","4"
"A12.MAA100140.3_57_F.1.1","MAA100140","hepatocyte","CL:0000182","hepatocyte","6"
"A13.MAA000907.3_11_M.1.1","MAA000907","Kupffer cell","CL:0000091","kuppfer","5"
"A14.MAA000907.3_11_M.1.1","MAA000907","hepatocyte","CL:0000182","hepatocyte","2"
"A15.MAA000907.3_11_M.1.1","MAA000907","Kupffer cell","CL:0000091","kuppfer","5"
"A16.MAA000907.3_11_M.1.1","MAA000907","Kupffer cell","CL:0000091","kuppfer","5"
"A17.MAA000907.3_11_M.1.1","MAA000907","Kupffer cell","CL:0000091","kuppfer","5"
"A18.MAA000907.3_11_M.1.1","MAA000907","hepatocyte","CL:0000182","hepatocyte","2"
"A19.MAA000907.3_11_M.1.1","MAA000907","endothelial cell of hepatic sinusoid","CL:1000398","endothelial cell","0"
"A1.MAA000907.3_11_M.1.1","MAA000907","natural killer cell","CL:0000623","Nk/NKT cells","8"
"A1.MAA100039.3_11_M.1.1","MAA100039","hepatocyte","CL:0000182","hepatocyte","4"
"A1.MAA100138.3_56_F.1.1","MAA100138","hepatocyte","CL:0000182","hepatocyte","1"
"A1.MAA100140.3_57_F.1.1","MAA100140","hepatocyte","CL:0000182","hepatocyte","1"
"A20.MAA000907.3_11_M.1.1","MAA000907","endothelial cell of hepatic sinusoid","CL:1000398","endothelial cell","0"
"A21.MAA000907.3_11_M.1.1","MAA000907","B cell","CL:0000236","B cell","7"
"A22.MAA000907.3_11_M.1.1","MAA000907","Kupffer cell","CL:0000091","kuppfer","5"
"A2.MAA000907.3_11_M.1.1","MAA000907","B cell","CL:0000236","B cell","7"
"A2.MAA100039.3_11_M.1.1","MAA100039","hepatocyte","CL:0000182","hepatocyte","4"
"A2.MAA100040.3_11_M.1.1","MAA100040","hepatocyte","CL:0000182","hepatocyte","4"
"A2.MAA100138.3_56_F.1.1","MAA100138","hepatocyte","CL:0000182","hepatocyte","1"
"A2.MAA100140.3_57_F.1.1","MAA100140","hepatocyte","CL:0000182","hepatocyte","1"
"A3.MAA000907.3_11_M.1.1","MAA000907","hepatocyte","CL:0000182","hepatocyte","2"
"A3.MAA100039.3_11_M.1.1","MAA100039","hepatocyte","CL:0000182","hepatocyte","2"
"A3.MAA100040.3_11_M.1.1","MAA100040","hepatocyte","CL:0000182","hepatocyte","4"
"A3.MAA100138.3_56_F.1.1","MAA100138","hepatocyte","CL:0000182","hepatocyte","1"
"A3.MAA100140.3_57_F.1.1","MAA100140","hepatocyte","CL:0000182","hepatocyte","3"
"A4.MAA000907.3_11_M.1.1","MAA000907","B cell","CL:0000236","B cell","7"
"A4.MAA100039.3_11_M.1.1","MAA100039","hepatocyte","CL:0000182","hepatocyte","3"
"A4.MAA100041.3_9_M.1.1","MAA100041","hepatocyte","CL:0000182","hepatocyte","3"
"A4.MAA100138.3_56_F.1.1","MAA100138","hepatocyte","CL:0000182","hepatocyte","1"
"A4.MAA100140.3_57_F.1.1","MAA100140","hepatocyte","CL:0000182","hepatocyte","1"
"A5.MAA000907.3_11_M.1.1","MAA000907","endothelial cell of hepatic sinusoid","CL:1000398","endothelial cell","0"
"A5.MAA100138.3_56_F.1.1","MAA100138","hepatocyte","CL:0000182","hepatocyte","6"
"A5.MAA100140.3_57_F.1.1","MAA100140","hepatocyte","CL:0000182","hepatocyte","6"
"A6.MAA000907.3_11_M.1.1","MAA000907","endothelial cell of hepatic sinusoid","CL:1000398","endothelial cell","0"
"A6.MAA100039.3_11_M.1.1","MAA100039","hepatocyte","CL:0000182","hepatocyte","4"
"A6.MAA100040.3_11_M.1.1","MAA100040","hepatocyte","CL:0000182","hepatocyte","4"
"A6.MAA100042.3_9_M.1.1","MAA100042","hepatocyte","CL:0000182","hepatocyte","3"
"A6.MAA100138.3_56_F.1.1","MAA100138","hepatocyte","CL:0000182","hepatocyte","1"
"A6.MAA100140.3_57_F.1.1","MAA100140","hepatocyte","CL:0000182","hepatocyte","1"
"A7.MAA000907.3_11_M.1.1","MAA000907","Kupffer cell","CL:0000091","kuppfer","5"
"A7.MAA100040.3_11_M.1.1","MAA100040","hepatocyte","CL:0000182","hepatocyte","2"
"A7.MAA100042.3_9_M.1.1","MAA100042","hepatocyte","CL:0000182","hepatocyte","3"
"A7.MAA100138.3_56_F.1.1","MAA100138","hepatocyte","CL:0000182","hepatocyte","1"
"A7.MAA100140.3_57_F.1.1","MAA100140","hepatocyte","CL:0000182","hepatocyte","1"
"A8.MAA000907.3_11_M.1.1","MAA000907","natural killer cell","CL:0000623","Nk/NKT cells","8"
"A8.MAA100138.3_56_F.1.1","MAA100138","hepatocyte","CL:0000182","hepatocyte","1"
"A8.MAA100140.3_57_F.1.1","MAA100140","hepatocyte","CL:0000182","hepatocyte","3"
"A9.MAA000907.3_11_M.1.1","MAA000907","natural killer cell","CL:0000623","Nk/NKT cells","8"
"A9.MAA100040.3_11_M.1.1","MAA100040","hepatocyte","CL:0000182","hepatocyte","2"
"A9.MAA100042.3_9_M.1.1","MAA100042","hepatocyte","CL:0000182","hepatocyte","2"
"A9.MAA100138.3_56_F.1.1","MAA100138","hepatocyte","CL:0000182","hepatocyte","6"
"A9.MAA100140.3_57_F.1.1","MAA100140","hepatocyte","CL:0000182","hepatocyte","6"
"B10.MAA000377.3_9_M.1.1","MAA000377","endothelial cell of hepatic sinusoid","CL:1000398","endothelial cell","0"
"B10.MAA000907.3_11_M.1.1","MAA000907","hepatocyte","CL:0000182","hepatocyte","2"
"B10.MAA100039.3_11_M.1.1","MAA100039","hepatocyte","CL:0000182","hepatocyte","2"
"B10.MAA100138.3_56_F.1.1","MAA100138","hepatocyte","CL:0000182","hepatocyte","6"
"B11.MAA000907.3_11_M.1.1","MAA000907","B cell","CL:0000236","B cell","7"
"B11.MAA100039.3_11_M.1.1","MAA100039","hepatocyte","CL:0000182","hepatocyte","3"
"B11.MAA100042.3_9_M.1.1","MAA100042","hepatocyte","CL:0000182","hepatocyte","4"
"B11.MAA100138.3_56_F.1.1","MAA100138","hepatocyte","CL:0000182","hepatocyte","6"
"B12.MAA000907.3_11_M.1.1","MAA000907","endothelial cell of hepatic sinusoid","CL:1000398","endothelial cell","0"
"B12.MAA100039.3_11_M.1.1","MAA100039","hepatocyte","CL:0000182","hepatocyte","3"
"B12.MAA100041.3_9_M.1.1","MAA100041","hepatocyte","CL:0000182","hepatocyte","3"
"B12.MAA100042.3_9_M.1.1","MAA100042","hepatocyte","CL:0000182","hepatocyte","3"
"B12.MAA100140.3_57_F.1.1","MAA100140","hepatocyte","CL:0000182","hepatocyte","6"
"B13.MAA000907.3_11_M.1.1","MAA000907","Kupffer cell","CL:0000091","kuppfer","5"
"B14.MAA000377.3_9_M.1.1","MAA000377","B cell","CL:0000236","B cell","7"
"B14.MAA000907.3_11_M.1.1","MAA000907","endothelial cell of hepatic sinusoid","CL:1000398","endothelial cell","0"
"B15.MAA000907.3_11_M.1.1","MAA000907","endothelial cell of hepatic sinusoid","CL:1000398","endothelial cell","0"
"B16.MAA000907.3_11_M.1.1","MAA000907","hepatocyte","CL:0000182","hepatocyte","2"
"B17.MAA000907.3_11_M.1.1","MAA000907","endothelial cell of hepatic sinusoid","CL:1000398","endothelial cell","0"
"B18.MAA000907.3_11_M.1.1","MAA000907","endothelial cell of hepatic sinusoid","CL:1000398","endothelial cell","0"
"B19.MAA000907.3_11_M.1.1","MAA000907","Kupffer cell","CL:0000091","kuppfer","5"
"B1.MAA000907.3_11_M.1.1","MAA000907","endothelial cell of hepatic sinusoid","CL:1000398","endothelial cell","0"
"B1.MAA100039.3_11_M.1.1","MAA100039","hepatocyte","CL:0000182","hepatocyte","4"
"B1.MAA100040.3_11_M.1.1","MAA100040","hepatocyte","CL:0000182","hepatocyte","4"
"B1.MAA100138.3_56_F.1.1","MAA100138","hepatocyte","CL:0000182","hepatocyte","1"
"B1.MAA100140.3_57_F.1.1","MAA100140","hepatocyte","CL:0000182","hepatocyte","6"
"B20.MAA000907.3_11_M.1.1","MAA000907","endothelial cell of hepatic sinusoid","CL:1000398","endothelial cell","0"
"B21.MAA000907.3_11_M.1.1","MAA000907","natural killer cell","CL:0000623","Nk/NKT cells","8"
"B22.MAA000907.3_11_M.1.1","MAA000907","hepatocyte","CL:0000182","hepatocyte","2"
"B2.MAA000907.3_11_M.1.1","MAA000907","endothelial cell of hepatic sinusoid","CL:1000398","endothelial cell","0"
"B2.MAA100040.3_11_M.1.1","MAA100040","hepatocyte","CL:0000182","hepatocyte","2"
"B2.MAA100138.3_56_F.1.1","MAA100138","hepatocyte","CL:0000182","hepatocyte","1"
"B2.MAA100140.3_57_F.1.1","MAA100140","hepatocyte","CL:0000182","hepatocyte","1"
"B3.MAA000907.3_11_M.1.1","MAA000907","endothelial cell of hepatic sinusoid","CL:1000398","endothelial cell","0"
"B3.MAA100039.3_11_M.1.1","MAA100039","hepatocyte","CL:0000182","hepatocyte","4"
"B3.MAA100040.3_11_M.1.1","MAA100040","hepatocyte","CL:0000182","hepatocyte","4"
"B3.MAA100041.3_9_M.1.1","MAA100041","hepatocyte","CL:0000182","hepatocyte","4"
"B3.MAA100138.3_56_F.1.1","MAA100138","hepatocyte","CL:0000182","hepatocyte","1"
"B3.MAA100140.3_57_F.1.1","MAA100140","hepatocyte","CL:0000182","hepatocyte","6"
"B4.MAA000907.3_11_M.1.1","MAA000907","B cell","CL:0000236","B cell","7"
"B4.MAA100039.3_11_M.1.1","MAA100039","hepatocyte","CL:0000182","hepatocyte","4"
"B4.MAA100040.3_11_M.1.1","MAA100040","hepatocyte","CL:0000182","hepatocyte","4"
"B4.MAA100042.3_9_M.1.1","MAA100042","hepatocyte","CL:0000182","hepatocyte","2"
"B4.MAA100138.3_56_F.1.1","MAA100138","hepatocyte","CL:0000182","hepatocyte","1"
"B4.MAA100140.3_57_F.1.1","MAA100140","hepatocyte","CL:0000182","hepatocyte","1"
"B5.MAA000907.3_11_M.1.1","MAA000907","endothelial cell of hepatic sinusoid","CL:1000398","endothelial cell","0"
"B5.MAA100039.3_11_M.1.1","MAA100039","hepatocyte","CL:0000182","hepatocyte","3"
"B5.MAA100138.3_56_F.1.1","MAA100138","hepatocyte","CL:0000182","hepatocyte","1"
"B5.MAA100140.3_57_F.1.1","MAA100140","hepatocyte","CL:0000182","hepatocyte","1"
"B6.MAA000377.3_9_M.1.1","MAA000377","endothelial cell of hepatic sinusoid","CL:1000398","endothelial cell","0"
"B6.MAA000907.3_11_M.1.1","MAA000907","Kupffer cell","CL:0000091","kuppfer","5"
"B6.MAA100039.3_11_M.1.1","MAA100039","hepatocyte","CL:0000182","hepatocyte","3"
"B6.MAA100040.3_11_M.1.1","MAA100040","hepatocyte","CL:0000182","hepatocyte","4"
"B6.MAA100138.3_56_F.1.1","MAA100138","hepatocyte","CL:0000182","hepatocyte","6"
"B6.MAA100140.3_57_F.1.1","MAA100140","hepatocyte","CL:0000182","hepatocyte","1"
"B7.MAA000377.3_9_M.1.1","MAA000377","B cell","CL:0000236","B cell","7"
"B7.MAA000907.3_11_M.1.1","MAA000907","hepatocyte","CL:0000182","hepatocyte","2"
"B7.MAA100039.3_11_M.1.1","MAA100039","hepatocyte","CL:0000182","hepatocyte","2"
"B7.MAA100040.3_11_M.1.1","MAA100040","hepatocyte","CL:0000182","hepatocyte","4"
"B7.MAA100041.3_9_M.1.1","MAA100041","hepatocyte","CL:0000182","hepatocyte","4"
"B7.MAA100138.3_56_F.1.1","MAA100138","hepatocyte","CL:0000182","hepatocyte","6"
"B8.MAA000377.3_9_M.1.1","MAA000377","B cell","CL:0000236","B cell","7"
"B8.MAA000907.3_11_M.1.1","MAA000907","endothelial cell of hepatic sinusoid","CL:1000398","endothelial cell","0"
"B8.MAA100040.3_11_M.1.1","MAA100040","hepatocyte","CL:0000182","hepatocyte","3"
"B8.MAA100138.3_56_F.1.1","MAA100138","hepatocyte","CL:0000182","hepatocyte","1"
"B9.MAA000907.3_11_M.1.1","MAA000907","natural killer cell","CL:0000623","Nk/NKT cells","8"
"B9.MAA100039.3_11_M.1.1","MAA100039","hepatocyte","CL:0000182","hepatocyte","2"
"B9.MAA100138.3_56_F.1.1","MAA100138","hepatocyte","CL:0000182","hepatocyte","3"
"B9.MAA100140.3_57_F.1.1","MAA100140","hepatocyte","CL:0000182","hepatocyte","1"
"C10.MAA000377.3_9_M.1.1","MAA000377","endothelial cell of hepatic sinusoid","CL:1000398","endothelial cell","0"
"C10.MAA000907.3_11_M.1.1","MAA000907","endothelial cell of hepatic sinusoid","CL:1000398","endothelial cell","0"
"C10.MAA100039.3_11_M.1.1","MAA100039","hepatocyte","CL:0000182","hepatocyte","4"
"C10.MAA100040.3_11_M.1.1","MAA100040","hepatocyte","CL:0000182","hepatocyte","4"
"C10.MAA100140.3_57_F.1.1","MAA100140","hepatocyte","CL:0000182","hepatocyte","1"
"C11.MAA000907.3_11_M.1.1","MAA000907","endothelial cell of hepatic sinusoid","CL:1000398","endothelial cell","0"
"C11.MAA100039.3_11_M.1.1","MAA100039","hepatocyte","CL:0000182","hepatocyte","4"
"C11.MAA100042.3_9_M.1.1","MAA100042","hepatocyte","CL:0000182","hepatocyte","3"
"C11.MAA100138.3_56_F.1.1","MAA100138","hepatocyte","CL:0000182","hepatocyte","1"
"C11.MAA100140.3_57_F.1.1","MAA100140","hepatocyte","CL:0000182","hepatocyte","1"
"C12.MAA100039.3_11_M.1.1","MAA100039","hepatocyte","CL:0000182","hepatocyte","2"
"C12.MAA100041.3_9_M.1.1","MAA100041","hepatocyte","CL:0000182","hepatocyte","4"
"C12.MAA100042.3_9_M.1.1","MAA100042","hepatocyte","CL:0000182","hepatocyte","4"
"C12.MAA100140.3_57_F.1.1","MAA100140","hepatocyte","CL:0000182","hepatocyte","6"
"C13.MAA000377.3_9_M.1.1","MAA000377","endothelial cell of hepatic sinusoid","CL:1000398","endothelial cell","0"
"C13.MAA000907.3_11_M.1.1","MAA000907","hepatocyte","CL:0000182","hepatocyte","2"
"C14.MAA000377.3_9_M.1.1","MAA000377","Kupffer cell","CL:0000091","kuppfer","5"
"C14.MAA000907.3_11_M.1.1","MAA000907","endothelial cell of hepatic sinusoid","CL:1000398","endothelial cell","0"
"C15.MAA000907.3_11_M.1.1","MAA000907","Kupffer cell","CL:0000091","kuppfer","5"
"C16.MAA000907.3_11_M.1.1","MAA000907","endothelial cell of hepatic sinusoid","CL:1000398","endothelial cell","0"
"C17.MAA000907.3_11_M.1.1","MAA000907","endothelial cell of hepatic sinusoid","CL:1000398","endothelial cell","0"
"C18.MAA000377.3_9_M.1.1","MAA000377","endothelial cell of hepatic sinusoid","CL:1000398","endothelial cell","0"
"C18.MAA000907.3_11_M.1.1","MAA000907","endothelial cell of hepatic sinusoid","CL:1000398","endothelial cell","0"
"C19.MAA000907.3_11_M.1.1","MAA000907","hepatocyte","CL:0000182","hepatocyte","2"
"C1.MAA000907.3_11_M.1.1","MAA000907","Kupffer cell","CL:0000091","kuppfer","5"
"C1.MAA100039.3_11_M.1.1","MAA100039","hepatocyte","CL:0000182","hepatocyte","4"
"C1.MAA100040.3_11_M.1.1","MAA100040","hepatocyte","CL:0000182","hepatocyte","2"
"C1.MAA100138.3_56_F.1.1","MAA100138","hepatocyte","CL:0000182","hepatocyte","1"
"C1.MAA100140.3_57_F.1.1","MAA100140","hepatocyte","CL:0000182","hepatocyte","1"
"C20.MAA000907.3_11_M.1.1","MAA000907","endothelial cell of hepatic sinusoid","CL:1000398","endothelial cell","0"
"C21.MAA000907.3_11_M.1.1","MAA000907","natural killer cell","CL:0000623","Nk/NKT cells","8"
"C22.MAA000907.3_11_M.1.1","MAA000907","B cell","CL:0000236","B cell","7"
"C2.MAA000907.3_11_M.1.1","MAA000907","endothelial cell of hepatic sinusoid","CL:1000398","endothelial cell","0"
"C2.MAA100039.3_11_M.1.1","MAA100039","hepatocyte","CL:0000182","hepatocyte","4"
"C2.MAA100138.3_56_F.1.1","MAA100138","hepatocyte","CL:0000182","hepatocyte","1"
"C2.MAA100140.3_57_F.1.1","MAA100140","hepatocyte","CL:0000182","hepatocyte","1"
"C3.MAA000907.3_11_M.1.1","MAA000907","endothelial cell of hepatic sinusoid","CL:1000398","endothelial cell","0"
"C3.MAA100041.3_9_M.1.1","MAA100041","hepatocyte","CL:0000182","hepatocyte","3"
"C3.MAA100138.3_56_F.1.1","MAA100138","hepatocyte","CL:0000182","hepatocyte","1"
"C3.MAA100140.3_57_F.1.1","MAA100140","hepatocyte","CL:0000182","hepatocyte","1"
"C4.MAA000907.3_11_M.1.1","MAA000907","endothelial cell of hepatic sinusoid","CL:1000398","endothelial cell","0"
"C4.MAA100039.3_11_M.1.1","MAA100039","hepatocyte","CL:0000182","hepatocyte","2"
"C4.MAA100040.3_11_M.1.1","MAA100040","hepatocyte","CL:0000182","hepatocyte","4"
"C4.MAA100042.3_9_M.1.1","MAA100042","hepatocyte","CL:0000182","hepatocyte","3"
"C4.MAA100138.3_56_F.1.1","MAA100138","hepatocyte","CL:0000182","hepatocyte","3"
"C4.MAA100140.3_57_F.1.1","MAA100140","hepatocyte","CL:0000182","hepatocyte","1"
"C5.MAA000907.3_11_M.1.1","MAA000907","natural killer cell","CL:0000623","Nk/NKT cells","8"
"C5.MAA100140.3_57_F.1.1","MAA100140","hepatocyte","CL:0000182","hepatocyte","1"
"C6.MAA000907.3_11_M.1.1","MAA000907","natural killer cell","CL:0000623","Nk/NKT cells","8"
"C6.MAA100039.3_11_M.1.1","MAA100039","hepatocyte","CL:0000182","hepatocyte","4"
"C6.MAA100040.3_11_M.1.1","MAA100040","hepatocyte","CL:0000182","hepatocyte","4"
"C6.MAA100042.3_9_M.1.1","MAA100042","hepatocyte","CL:0000182","hepatocyte","3"
"C6.MAA100138.3_56_F.1.1","MAA100138","hepatocyte","CL:0000182","hepatocyte","6"
"C6.MAA100140.3_57_F.1.1","MAA100140","hepatocyte","CL:0000182","hepatocyte","6"
"C7.MAA100040.3_11_M.1.1","MAA100040","hepatocyte","CL:0000182","hepatocyte","4"
"C7.MAA100042.3_9_M.1.1","MAA100042","hepatocyte","CL:0000182","hepatocyte","3"
"C7.MAA100138.3_56_F.1.1","MAA100138","hepatocyte","CL:0000182","hepatocyte","3"
"C7.MAA100140.3_57_F.1.1","MAA100140","hepatocyte","CL:0000182","hepatocyte","1"
"C8.MAA000907.3_11_M.1.1","MAA000907","endothelial cell of hepatic sinusoid","CL:1000398","endothelial cell","0"
"C8.MAA100039.3_11_M.1.1","MAA100039","hepatocyte","CL:0000182","hepatocyte","2"
"C8.MAA100041.3_9_M.1.1","MAA100041","hepatocyte","CL:0000182","hepatocyte","2"
"C8.MAA100138.3_56_F.1.1","MAA100138","hepatocyte","CL:0000182","hepatocyte","1"
"C8.MAA100140.3_57_F.1.1","MAA100140","hepatocyte","CL:0000182","hepatocyte","6"
"C9.MAA000907.3_11_M.1.1","MAA000907","hepatocyte","CL:0000182","hepatocyte","2"
"C9.MAA100039.3_11_M.1.1","MAA100039","hepatocyte","CL:0000182","hepatocyte","4"
"C9.MAA100041.3_9_M.1.1","MAA100041","hepatocyte","CL:0000182","hepatocyte","4"
"C9.MAA100042.3_9_M.1.1","MAA100042","hepatocyte","CL:0000182","hepatocyte","1"
"C9.MAA100140.3_57_F.1.1","MAA100140","hepatocyte","CL:0000182","hepatocyte","1"
"D10.MAA000907.3_11_M.1.1","MAA000907","endothelial cell of hepatic sinusoid","CL:1000398","endothelial cell","0"
"D10.MAA100039.3_11_M.1.1","MAA100039","hepatocyte","CL:0000182","hepatocyte","4"
"D10.MAA100041.3_9_M.1.1","MAA100041","hepatocyte","CL:0000182","hepatocyte","3"
"D10.MAA100138.3_56_F.1.1","MAA100138","hepatocyte","CL:0000182","hepatocyte","6"
"D10.MAA100140.3_57_F.1.1","MAA100140","hepatocyte","CL:0000182","hepatocyte","1"
"D11.MAA000907.3_11_M.1.1","MAA000907","natural killer cell","CL:0000623","Nk/NKT cells","8"
"D11.MAA100039.3_11_M.1.1","MAA100039","hepatocyte","CL:0000182","hepatocyte","4"
"D11.MAA100138.3_56_F.1.1","MAA100138","hepatocyte","CL:0000182","hepatocyte","1"
"D11.MAA100140.3_57_F.1.1","MAA100140","hepatocyte","CL:0000182","hepatocyte","6"
"D12.MAA000377.3_9_M.1.1","MAA000377","endothelial cell of hepatic sinusoid","CL:1000398","endothelial cell","0"
"D12.MAA000907.3_11_M.1.1","MAA000907","Kupffer cell","CL:0000091","kuppfer","5"
"D12.MAA100039.3_11_M.1.1","MAA100039","hepatocyte","CL:0000182","hepatocyte","2"
"D12.MAA100042.3_9_M.1.1","MAA100042","hepatocyte","CL:0000182","hepatocyte","2"
"D12.MAA100138.3_56_F.1.1","MAA100138","hepatocyte","CL:0000182","hepatocyte","1"
"D12.MAA100140.3_57_F.1.1","MAA100140","hepatocyte","CL:0000182","hepatocyte","6"
"D13.MAA000907.3_11_M.1.1","MAA000907","endothelial cell of hepatic sinusoid","CL:1000398","endothelial cell","0"
"D14.MAA000907.3_11_M.1.1","MAA000907","endothelial cell of hepatic sinusoid","CL:1000398","endothelial cell","0"
"D15.MAA000377.3_9_M.1.1","MAA000377","hepatocyte","CL:0000182","hepatocyte","2"
"D15.MAA000907.3_11_M.1.1","MAA000907","B cell","CL:0000236","B cell","7"
"D17.MAA000907.3_11_M.1.1","MAA000907","endothelial cell of hepatic sinusoid","CL:1000398","endothelial cell","0"
"D18.MAA000907.3_11_M.1.1","MAA000907","endothelial cell of hepatic sinusoid","CL:1000398","endothelial cell","0"
"D1.MAA000907.3_11_M.1.1","MAA000907","Kupffer cell","CL:0000091","kuppfer","5"
"D1.MAA100039.3_11_M.1.1","MAA100039","hepatocyte","CL:0000182","hepatocyte","4"
"D1.MAA100042.3_9_M.1.1","MAA100042","hepatocyte","CL:0000182","hepatocyte","3"
"D1.MAA100138.3_56_F.1.1","MAA100138","hepatocyte","CL:0000182","hepatocyte","1"
"D1.MAA100140.3_57_F.1.1","MAA100140","hepatocyte","CL:0000182","hepatocyte","1"
"D20.MAA000907.3_11_M.1.1","MAA000907","B cell","CL:0000236","B cell","7"
"D21.MAA000907.3_11_M.1.1","MAA000907","B cell","CL:0000236","B cell","7"
"D22.MAA000907.3_11_M.1.1","MAA000907","natural killer cell","CL:0000623","Nk/NKT cells","8"
"D2.MAA000907.3_11_M.1.1","MAA000907","B cell","CL:0000236","B cell","7"
"D2.MAA100039.3_11_M.1.1","MAA100039","hepatocyte","CL:0000182","hepatocyte","4"
"D2.MAA100040.3_11_M.1.1","MAA100040","hepatocyte","CL:0000182","hepatocyte","2"
"D2.MAA100041.3_9_M.1.1","MAA100041","hepatocyte","CL:0000182","hepatocyte","3"
"D2.MAA100138.3_56_F.1.1","MAA100138","hepatocyte","CL:0000182","hepatocyte","1"
"D2.MAA100140.3_57_F.1.1","MAA100140","hepatocyte","CL:0000182","hepatocyte","1"
"D3.MAA100039.3_11_M.1.1","MAA100039","hepatocyte","CL:0000182","hepatocyte","2"
"D3.MAA100040.3_11_M.1.1","MAA100040","hepatocyte","CL:0000182","hepatocyte","4"
"D3.MAA100041.3_9_M.1.1","MAA100041","hepatocyte","CL:0000182","hepatocyte","3"
"D3.MAA100138.3_56_F.1.1","MAA100138","hepatocyte","CL:0000182","hepatocyte","6"
"D4.MAA000907.3_11_M.1.1","MAA000907","endothelial cell of hepatic sinusoid","CL:1000398","endothelial cell","0"
"D4.MAA100039.3_11_M.1.1","MAA100039","hepatocyte","CL:0000182","hepatocyte","4"
"D4.MAA100040.3_11_M.1.1","MAA100040","hepatocyte","CL:0000182","hepatocyte","4"
"D4.MAA100138.3_56_F.1.1","MAA100138","hepatocyte","CL:0000182","hepatocyte","1"
"D4.MAA100140.3_57_F.1.1","MAA100140","hepatocyte","CL:0000182","hepatocyte","1"
"D5.MAA000907.3_11_M.1.1","MAA000907","endothelial cell of hepatic sinusoid","CL:1000398","endothelial cell","0"
"D5.MAA100039.3_11_M.1.1","MAA100039","hepatocyte","CL:0000182","hepatocyte","2"
"D5.MAA100040.3_11_M.1.1","MAA100040","hepatocyte","CL:0000182","hepatocyte","3"
"D5.MAA100138.3_56_F.1.1","MAA100138","hepatocyte","CL:0000182","hepatocyte","1"
"D5.MAA100140.3_57_F.1.1","MAA100140","hepatocyte","CL:0000182","hepatocyte","1"
"D6.MAA000907.3_11_M.1.1","MAA000907","endothelial cell of hepatic sinusoid","CL:1000398","endothelial cell","0"
"D6.MAA100039.3_11_M.1.1","MAA100039","hepatocyte","CL:0000182","hepatocyte","3"
"D6.MAA100138.3_56_F.1.1","MAA100138","hepatocyte","CL:0000182","hepatocyte","6"
"D6.MAA100140.3_57_F.1.1","MAA100140","hepatocyte","CL:0000182","hepatocyte","1"
"D7.MAA000907.3_11_M.1.1","MAA000907","endothelial cell of hepatic sinusoid","CL:1000398","endothelial cell","0"
"D7.MAA100039.3_11_M.1.1","MAA100039","hepatocyte","CL:0000182","hepatocyte","3"
"D7.MAA100042.3_9_M.1.1","MAA100042","hepatocyte","CL:0000182","hepatocyte","2"
"D7.MAA100138.3_56_F.1.1","MAA100138","hepatocyte","CL:0000182","hepatocyte","6"
"D8.MAA100039.3_11_M.1.1","MAA100039","hepatocyte","CL:0000182","hepatocyte","4"
"D8.MAA100042.3_9_M.1.1","MAA100042","hepatocyte","CL:0000182","hepatocyte","3"
"D8.MAA100140.3_57_F.1.1","MAA100140","hepatocyte","CL:0000182","hepatocyte","6"
"D9.MAA000907.3_11_M.1.1","MAA000907","hepatocyte","CL:0000182","hepatocyte","2"
"D9.MAA100039.3_11_M.1.1","MAA100039","hepatocyte","CL:0000182","hepatocyte","3"
"D9.MAA100138.3_56_F.1.1","MAA100138","hepatocyte","CL:0000182","hepatocyte","6"
"E10.MAA100039.3_11_M.1.1","MAA100039","hepatocyte","CL:0000182","hepatocyte","4"
"E10.MAA100138.3_56_F.1.1","MAA100138","hepatocyte","CL:0000182","hepatocyte","1"
"E10.MAA100140.3_57_F.1.1","MAA100140","hepatocyte","CL:0000182","hepatocyte","1"
"E11.MAA000907.3_11_M.1.1","MAA000907","endothelial cell of hepatic sinusoid","CL:1000398","endothelial cell","0"
"E11.MAA100039.3_11_M.1.1","MAA100039","hepatocyte","CL:0000182","hepatocyte","4"
"E11.MAA100138.3_56_F.1.1","MAA100138","hepatocyte","CL:0000182","hepatocyte","1"
"E11.MAA100140.3_57_F.1.1","MAA100140","hepatocyte","CL:0000182","hepatocyte","1"
"E12.MAA000907.3_11_M.1.1","MAA000907","Kupffer cell","CL:0000091","kuppfer","5"
"E12.MAA100138.3_56_F.1.1","MAA100138","hepatocyte","CL:0000182","hepatocyte","6"
"E12.MAA100140.3_57_F.1.1","MAA100140","hepatocyte","CL:0000182","hepatocyte","6"
"E14.MAA000377.3_9_M.1.1","MAA000377","endothelial cell of hepatic sinusoid","CL:1000398","endothelial cell","0"
"E14.MAA000907.3_11_M.1.1","MAA000907","endothelial cell of hepatic sinusoid","CL:1000398","endothelial cell","0"
"E15.MAA000907.3_11_M.1.1","MAA000907","natural killer cell","CL:0000623","Nk/NKT cells","8"
"E16.MAA000907.3_11_M.1.1","MAA000907","endothelial cell of hepatic sinusoid","CL:1000398","endothelial cell","0"
"E17.MAA000907.3_11_M.1.1","MAA000907","endothelial cell of hepatic sinusoid","CL:1000398","endothelial cell","0"
"E18.MAA000907.3_11_M.1.1","MAA000907","Kupffer cell","CL:0000091","kuppfer","5"
"E19.MAA000907.3_11_M.1.1","MAA000907","natural killer cell","CL:0000623","Nk/NKT cells","8"
"E1.MAA000907.3_11_M.1.1","MAA000907","endothelial cell of hepatic sinusoid","CL:1000398","endothelial cell","0"
"E1.MAA100039.3_11_M.1.1","MAA100039","hepatocyte","CL:0000182","hepatocyte","4"
"E1.MAA100042.3_9_M.1.1","MAA100042","hepatocyte","CL:0000182","hepatocyte","3"
"E1.MAA100138.3_56_F.1.1","MAA100138","hepatocyte","CL:0000182","hepatocyte","1"
"E1.MAA100140.3_57_F.1.1","MAA100140","hepatocyte","CL:0000182","hepatocyte","6"
"E20.MAA000907.3_11_M.1.1","MAA000907","endothelial cell of hepatic sinusoid","CL:1000398","endothelial cell","0"
"E21.MAA000907.3_11_M.1.1","MAA000907","hepatocyte","CL:0000182","hepatocyte","2"
"E22.MAA000907.3_11_M.1.1","MAA000907","endothelial cell of hepatic sinusoid","CL:1000398","endothelial cell","0"
"E2.MAA000907.3_11_M.1.1","MAA000907","endothelial cell of hepatic sinusoid","CL:1000398","endothelial cell","0"
"E2.MAA100039.3_11_M.1.1","MAA100039","hepatocyte","CL:0000182","hepatocyte","4"
"E2.MAA100042.3_9_M.1.1","MAA100042","hepatocyte","CL:0000182","hepatocyte","2"
"E2.MAA100138.3_56_F.1.1","MAA100138","hepatocyte","CL:0000182","hepatocyte","1"
"E2.MAA100140.3_57_F.1.1","MAA100140","hepatocyte","CL:0000182","hepatocyte","1"
"E3.MAA000907.3_11_M.1.1","MAA000907","endothelial cell of hepatic sinusoid","CL:1000398","endothelial cell","0"
"E3.MAA100039.3_11_M.1.1","MAA100039","hepatocyte","CL:0000182","hepatocyte","4"
"E3.MAA100040.3_11_M.1.1","MAA100040","hepatocyte","CL:0000182","hepatocyte","3"
"E3.MAA100042.3_9_M.1.1","MAA100042","hepatocyte","CL:0000182","hepatocyte","4"
"E3.MAA100138.3_56_F.1.1","MAA100138","hepatocyte","CL:0000182","hepatocyte","3"
"E3.MAA100140.3_57_F.1.1","MAA100140","hepatocyte","CL:0000182","hepatocyte","1"
"E4.MAA000907.3_11_M.1.1","MAA000907","endothelial cell of hepatic sinusoid","CL:1000398","endothelial cell","0"
"E4.MAA100039.3_11_M.1.1","MAA100039","hepatocyte","CL:0000182","hepatocyte","2"
"E4.MAA100042.3_9_M.1.1","MAA100042","hepatocyte","CL:0000182","hepatocyte","3"
"E4.MAA100138.3_56_F.1.1","MAA100138","hepatocyte","CL:0000182","hepatocyte","3"
"E4.MAA100140.3_57_F.1.1","MAA100140","hepatocyte","CL:0000182","hepatocyte","1"
"E5.MAA000907.3_11_M.1.1","MAA000907","natural killer cell","CL:0000623","Nk/NKT cells","8"
"E5.MAA100040.3_11_M.1.1","MAA100040","hepatocyte","CL:0000182","hepatocyte","2"
"E5.MAA100138.3_56_F.1.1","MAA100138","hepatocyte","CL:0000182","hepatocyte","1"
"E5.MAA100140.3_57_F.1.1","MAA100140","hepatocyte","CL:0000182","hepatocyte","1"
"E6.MAA000907.3_11_M.1.1","MAA000907","endothelial cell of hepatic sinusoid","CL:1000398","endothelial cell","0"
"E6.MAA100042.3_9_M.1.1","MAA100042","hepatocyte","CL:0000182","hepatocyte","6"
"E6.MAA100138.3_56_F.1.1","MAA100138","hepatocyte","CL:0000182","hepatocyte","6"
"E6.MAA100140.3_57_F.1.1","MAA100140","hepatocyte","CL:0000182","hepatocyte","6"
"E7.MAA000907.3_11_M.1.1","MAA000907","endothelial cell of hepatic sinusoid","CL:1000398","endothelial cell","0"
"E7.MAA100040.3_11_M.1.1","MAA100040","hepatocyte","CL:0000182","hepatocyte","4"
"E7.MAA100138.3_56_F.1.1","MAA100138","hepatocyte","CL:0000182","hepatocyte","6"
"E7.MAA100140.3_57_F.1.1","MAA100140","hepatocyte","CL:0000182","hepatocyte","1"
"E8.MAA000907.3_11_M.1.1","MAA000907","Kupffer cell","CL:0000091","kuppfer","5"
"E8.MAA100039.3_11_M.1.1","MAA100039","hepatocyte","CL:0000182","hepatocyte","3"
"E8.MAA100040.3_11_M.1.1","MAA100040","hepatocyte","CL:0000182","hepatocyte","2"
"E8.MAA100138.3_56_F.1.1","MAA100138","hepatocyte","CL:0000182","hepatocyte","1"
"E8.MAA100140.3_57_F.1.1","MAA100140","hepatocyte","CL:0000182","hepatocyte","3"
"E9.MAA100041.3_9_M.1.1","MAA100041","hepatocyte","CL:0000182","hepatocyte","4"
"E9.MAA100138.3_56_F.1.1","MAA100138","hepatocyte","CL:0000182","hepatocyte","6"
"E9.MAA100140.3_57_F.1.1","MAA100140","hepatocyte","CL:0000182","hepatocyte","6"
"F10.MAA000377.3_9_M.1.1","MAA000377","hepatocyte","CL:0000182","hepatocyte","3"
"F10.MAA100042.3_9_M.1.1","MAA100042","hepatocyte","CL:0000182","hepatocyte","4"
"F10.MAA100138.3_56_F.1.1","MAA100138","hepatocyte","CL:0000182","hepatocyte","6"
"F10.MAA100140.3_57_F.1.1","MAA100140","hepatocyte","CL:0000182","hepatocyte","6"
"F11.MAA000377.3_9_M.1.1","MAA000377","hepatocyte","CL:0000182","hepatocyte","3"
"F11.MAA000907.3_11_M.1.1","MAA000907","endothelial cell of hepatic sinusoid","CL:1000398","endothelial cell","0"
"F11.MAA100042.3_9_M.1.1","MAA100042","hepatocyte","CL:0000182","hepatocyte","3"
"F11.MAA100138.3_56_F.1.1","MAA100138","hepatocyte","CL:0000182","hepatocyte","6"
"F12.MAA000907.3_11_M.1.1","MAA000907","endothelial cell of hepatic sinusoid","CL:1000398","endothelial cell","0"
"F12.MAA100039.3_11_M.1.1","MAA100039","hepatocyte","CL:0000182","hepatocyte","3"
"F13.MAA000377.3_9_M.1.1","MAA000377","hepatocyte","CL:0000182","hepatocyte","2"
"F13.MAA000907.3_11_M.1.1","MAA000907","endothelial cell of hepatic sinusoid","CL:1000398","endothelial cell","0"
"F15.MAA000377.3_9_M.1.1","MAA000377","hepatocyte","CL:0000182","hepatocyte","2"
"F15.MAA000907.3_11_M.1.1","MAA000907","natural killer cell","CL:0000623","Nk/NKT cells","8"
"F16.MAA000377.3_9_M.1.1","MAA000377","endothelial cell of hepatic sinusoid","CL:1000398","endothelial cell","0"
"F16.MAA000907.3_11_M.1.1","MAA000907","natural killer cell","CL:0000623","Nk/NKT cells","8"
"F17.MAA000377.3_9_M.1.1","MAA000377","hepatocyte","CL:0000182","hepatocyte","2"
"F17.MAA000907.3_11_M.1.1","MAA000907","natural killer cell","CL:0000623","Nk/NKT cells","8"
"F18.MAA000377.3_9_M.1.1","MAA000377","natural killer cell","CL:0000623","Nk/NKT cells","8"
"F18.MAA000907.3_11_M.1.1","MAA000907","endothelial cell of hepatic sinusoid","CL:1000398","endothelial cell","0"
"F19.MAA000377.3_9_M.1.1","MAA000377","hepatocyte","CL:0000182","hepatocyte","2"
"F19.MAA000907.3_11_M.1.1","MAA000907","Kupffer cell","CL:0000091","kuppfer","5"
"F1.MAA000907.3_11_M.1.1","MAA000907","natural killer cell","CL:0000623","Nk/NKT cells","8"
"F1.MAA100039.3_11_M.1.1","MAA100039","hepatocyte","CL:0000182","hepatocyte","3"
"F1.MAA100138.3_56_F.1.1","MAA100138","hepatocyte","CL:0000182","hepatocyte","1"
"F1.MAA100140.3_57_F.1.1","MAA100140","hepatocyte","CL:0000182","hepatocyte","1"
"F20.MAA000377.3_9_M.1.1","MAA000377","endothelial cell of hepatic sinusoid","CL:1000398","endothelial cell","0"
"F20.MAA000907.3_11_M.1.1","MAA000907","hepatocyte","CL:0000182","hepatocyte","3"
"F21.MAA000907.3_11_M.1.1","MAA000907","natural killer cell","CL:0000623","Nk/NKT cells","8"
"F22.MAA000907.3_11_M.1.1","MAA000907","hepatocyte","CL:0000182","hepatocyte","2"
"F2.MAA000907.3_11_M.1.1","MAA000907","endothelial cell of hepatic sinusoid","CL:1000398","endothelial cell","0"
"F2.MAA100138.3_56_F.1.1","MAA100138","hepatocyte","CL:0000182","hepatocyte","1"
"F2.MAA100140.3_57_F.1.1","MAA100140","hepatocyte","CL:0000182","hepatocyte","3"
"F3.MAA000907.3_11_M.1.1","MAA000907","endothelial cell of hepatic sinusoid","CL:1000398","endothelial cell","0"
"F3.MAA100039.3_11_M.1.1","MAA100039","hepatocyte","CL:0000182","hepatocyte","3"
"F3.MAA100040.3_11_M.1.1","MAA100040","hepatocyte","CL:0000182","hepatocyte","4"
"F3.MAA100042.3_9_M.1.1","MAA100042","hepatocyte","CL:0000182","hepatocyte","4"
"F3.MAA100138.3_56_F.1.1","MAA100138","hepatocyte","CL:0000182","hepatocyte","1"
"F3.MAA100140.3_57_F.1.1","MAA100140","hepatocyte","CL:0000182","hepatocyte","6"
"F4.MAA000907.3_11_M.1.1","MAA000907","natural killer cell","CL:0000623","Nk/NKT cells","8"
"F4.MAA100039.3_11_M.1.1","MAA100039","hepatocyte","CL:0000182","hepatocyte","4"
"F4.MAA100042.3_9_M.1.1","MAA100042","hepatocyte","CL:0000182","hepatocyte","3"
"F4.MAA100138.3_56_F.1.1","MAA100138","hepatocyte","CL:0000182","hepatocyte","1"
"F4.MAA100140.3_57_F.1.1","MAA100140","hepatocyte","CL:0000182","hepatocyte","1"
"F5.MAA100039.3_11_M.1.1","MAA100039","hepatocyte","CL:0000182","hepatocyte","4"
"F5.MAA100040.3_11_M.1.1","MAA100040","hepatocyte","CL:0000182","hepatocyte","2"
"F5.MAA100042.3_9_M.1.1","MAA100042","hepatocyte","CL:0000182","hepatocyte","2"
"F5.MAA100138.3_56_F.1.1","MAA100138","hepatocyte","CL:0000182","hepatocyte","1"
"F5.MAA100140.3_57_F.1.1","MAA100140","hepatocyte","CL:0000182","hepatocyte","6"
"F6.MAA000907.3_11_M.1.1","MAA000907","Kupffer cell","CL:0000091","kuppfer","5"
"F6.MAA100039.3_11_M.1.1","MAA100039","hepatocyte","CL:0000182","hepatocyte","3"
"F6.MAA100040.3_11_M.1.1","MAA100040","hepatocyte","CL:0000182","hepatocyte","3"
"F6.MAA100042.3_9_M.1.1","MAA100042","hepatocyte","CL:0000182","hepatocyte","3"
"F6.MAA100138.3_56_F.1.1","MAA100138","hepatocyte","CL:0000182","hepatocyte","1"
"F6.MAA100140.3_57_F.1.1","MAA100140","hepatocyte","CL:0000182","hepatocyte","1"
"F7.MAA000907.3_11_M.1.1","MAA000907","endothelial cell of hepatic sinusoid","CL:1000398","endothelial cell","0"
"F7.MAA100039.3_11_M.1.1","MAA100039","hepatocyte","CL:0000182","hepatocyte","3"
"F7.MAA100040.3_11_M.1.1","MAA100040","hepatocyte","CL:0000182","hepatocyte","2"
"F7.MAA100138.3_56_F.1.1","MAA100138","hepatocyte","CL:0000182","hepatocyte","3"
"F7.MAA100140.3_57_F.1.1","MAA100140","hepatocyte","CL:0000182","hepatocyte","1"
"F8.MAA000907.3_11_M.1.1","MAA000907","endothelial cell of hepatic sinusoid","CL:1000398","endothelial cell","0"
"F8.MAA100039.3_11_M.1.1","MAA100039","hepatocyte","CL:0000182","hepatocyte","3"
"F8.MAA100040.3_11_M.1.1","MAA100040","hepatocyte","CL:0000182","hepatocyte","3"
"F8.MAA100042.3_9_M.1.1","MAA100042","hepatocyte","CL:0000182","hepatocyte","3"
"F8.MAA100138.3_56_F.1.1","MAA100138","hepatocyte","CL:0000182","hepatocyte","1"
"F8.MAA100140.3_57_F.1.1","MAA100140","hepatocyte","CL:0000182","hepatocyte","6"
"F9.MAA100039.3_11_M.1.1","MAA100039","hepatocyte","CL:0000182","hepatocyte","3"
"F9.MAA100040.3_11_M.1.1","MAA100040","hepatocyte","CL:0000182","hepatocyte","4"
"F9.MAA100042.3_9_M.1.1","MAA100042","hepatocyte","CL:0000182","hepatocyte","3"
"F9.MAA100138.3_56_F.1.1","MAA100138","hepatocyte","CL:0000182","hepatocyte","1"
"F9.MAA100140.3_57_F.1.1","MAA100140","hepatocyte","CL:0000182","hepatocyte","1"
"G10.MAA100138.3_56_F.1.1","MAA100138","hepatocyte","CL:0000182","hepatocyte","1"
"G10.MAA100140.3_57_F.1.1","MAA100140","hepatocyte","CL:0000182","hepatocyte","1"
"G11.MAA000377.3_9_M.1.1","MAA000377","endothelial cell of hepatic sinusoid","CL:1000398","endothelial cell","0"
"G11.MAA000907.3_11_M.1.1","MAA000907","natural killer cell","CL:0000623","Nk/NKT cells","8"
"G11.MAA100039.3_11_M.1.1","MAA100039","hepatocyte","CL:0000182","hepatocyte","4"
"G11.MAA100138.3_56_F.1.1","MAA100138","hepatocyte","CL:0000182","hepatocyte","3"
"G11.MAA100140.3_57_F.1.1","MAA100140","hepatocyte","CL:0000182","hepatocyte","6"
"G12.MAA100039.3_11_M.1.1","MAA100039","hepatocyte","CL:0000182","hepatocyte","3"
"G13.MAA000377.3_9_M.1.1","MAA000377","hepatocyte","CL:0000182","hepatocyte","2"
"G15.MAA000377.3_9_M.1.1","MAA000377","B cell","CL:0000236","B cell","7"
"G15.MAA000907.3_11_M.1.1","MAA000907","endothelial cell of hepatic sinusoid","CL:1000398","endothelial cell","0"
"G16.MAA000907.3_11_M.1.1","MAA000907","hepatocyte","CL:0000182","hepatocyte","2"
"G18.MAA000377.3_9_M.1.1","MAA000377","hepatocyte","CL:0000182","hepatocyte","2"
"G18.MAA000907.3_11_M.1.1","MAA000907","B cell","CL:0000236","B cell","7"
"G19.MAA000377.3_9_M.1.1","MAA000377","natural killer cell","CL:0000623","Nk/NKT cells","8"
"G19.MAA000907.3_11_M.1.1","MAA000907","natural killer cell","CL:0000623","Nk/NKT cells","8"
"G1.MAA000907.3_11_M.1.1","MAA000907","B cell","CL:0000236","B cell","7"
"G1.MAA100042.3_9_M.1.1","MAA100042","hepatocyte","CL:0000182","hepatocyte","3"
"G1.MAA100140.3_57_F.1.1","MAA100140","hepatocyte","CL:0000182","hepatocyte","1"
"G20.MAA000907.3_11_M.1.1","MAA000907","natural killer cell","CL:0000623","Nk/NKT cells","8"
"G21.MAA000907.3_11_M.1.1","MAA000907","B cell","CL:0000236","B cell","7"
"G22.MAA000907.3_11_M.1.1","MAA000907","natural killer cell","CL:0000623","Nk/NKT cells","8"
"G2.MAA000907.3_11_M.1.1","MAA000907","Kupffer cell","CL:0000091","kuppfer","5"
"G2.MAA100040.3_11_M.1.1","MAA100040","hepatocyte","CL:0000182","hepatocyte","4"
"G2.MAA100138.3_56_F.1.1","MAA100138","hepatocyte","CL:0000182","hepatocyte","1"
"G3.MAA100042.3_9_M.1.1","MAA100042","hepatocyte","CL:0000182","hepatocyte","4"
"G3.MAA100140.3_57_F.1.1","MAA100140","hepatocyte","CL:0000182","hepatocyte","6"
"G4.MAA000907.3_11_M.1.1","MAA000907","endothelial cell of hepatic sinusoid","CL:1000398","endothelial cell","0"
"G4.MAA100039.3_11_M.1.1","MAA100039","hepatocyte","CL:0000182","hepatocyte","4"
"G4.MAA100040.3_11_M.1.1","MAA100040","hepatocyte","CL:0000182","hepatocyte","4"
"G4.MAA100042.3_9_M.1.1","MAA100042","hepatocyte","CL:0000182","hepatocyte","4"
"G4.MAA100138.3_56_F.1.1","MAA100138","hepatocyte","CL:0000182","hepatocyte","1"
"G4.MAA100140.3_57_F.1.1","MAA100140","hepatocyte","CL:0000182","hepatocyte","6"
"G5.MAA000907.3_11_M.1.1","MAA000907","endothelial cell of hepatic sinusoid","CL:1000398","endothelial cell","0"
"G5.MAA100040.3_11_M.1.1","MAA100040","hepatocyte","CL:0000182","hepatocyte","3"
"G5.MAA100138.3_56_F.1.1","MAA100138","hepatocyte","CL:0000182","hepatocyte","1"
"G6.MAA000907.3_11_M.1.1","MAA000907","B cell","CL:0000236","B cell","7"
"G6.MAA100039.3_11_M.1.1","MAA100039","hepatocyte","CL:0000182","hepatocyte","4"
"G6.MAA100040.3_11_M.1.1","MAA100040","hepatocyte","CL:0000182","hepatocyte","4"
"G6.MAA100138.3_56_F.1.1","MAA100138","hepatocyte","CL:0000182","hepatocyte","6"
"G6.MAA100140.3_57_F.1.1","MAA100140","hepatocyte","CL:0000182","hepatocyte","1"
"G7.MAA000907.3_11_M.1.1","MAA000907","endothelial cell of hepatic sinusoid","CL:1000398","endothelial cell","0"
"G7.MAA100039.3_11_M.1.1","MAA100039","hepatocyte","CL:0000182","hepatocyte","3"
"G7.MAA100042.3_9_M.1.1","MAA100042","hepatocyte","CL:0000182","hepatocyte","4"
"G7.MAA100138.3_56_F.1.1","MAA100138","hepatocyte","CL:0000182","hepatocyte","6"
"G8.MAA100039.3_11_M.1.1","MAA100039","hepatocyte","CL:0000182","hepatocyte","4"
"G8.MAA100042.3_9_M.1.1","MAA100042","hepatocyte","CL:0000182","hepatocyte","3"
"G8.MAA100138.3_56_F.1.1","MAA100138","hepatocyte","CL:0000182","hepatocyte","6"
"G8.MAA100140.3_57_F.1.1","MAA100140","hepatocyte","CL:0000182","hepatocyte","1"
"G9.MAA000907.3_11_M.1.1","MAA000907","endothelial cell of hepatic sinusoid","CL:1000398","endothelial cell","0"
"G9.MAA100039.3_11_M.1.1","MAA100039","hepatocyte","CL:0000182","hepatocyte","3"
"G9.MAA100042.3_9_M.1.1","MAA100042","hepatocyte","CL:0000182","hepatocyte","3"
"G9.MAA100138.3_56_F.1.1","MAA100138","hepatocyte","CL:0000182","hepatocyte","6"
"H10.MAA000907.3_11_M.1.1","MAA000907","endothelial cell of hepatic sinusoid","CL:1000398","endothelial cell","0"
"H10.MAA100041.3_9_M.1.1","MAA100041","hepatocyte","CL:0000182","hepatocyte","4"
"H11.MAA000907.3_11_M.1.1","MAA000907","hepatocyte","CL:0000182","hepatocyte","2"
"H11.MAA100039.3_11_M.1.1","MAA100039","hepatocyte","CL:0000182","hepatocyte","4"
"H11.MAA100041.3_9_M.1.1","MAA100041","hepatocyte","CL:0000182","hepatocyte","4"
"H11.MAA100138.3_56_F.1.1","MAA100138","hepatocyte","CL:0000182","hepatocyte","3"
"H11.MAA100140.3_57_F.1.1","MAA100140","hepatocyte","CL:0000182","hepatocyte","6"
"H12.MAA000377.3_9_M.1.1","MAA000377","natural killer cell","CL:0000623","Nk/NKT cells","8"
"H12.MAA000907.3_11_M.1.1","MAA000907","endothelial cell of hepatic sinusoid","CL:1000398","endothelial cell","0"
"H12.MAA100040.3_11_M.1.1","MAA100040","hepatocyte","CL:0000182","hepatocyte","2"
"H12.MAA100041.3_9_M.1.1","MAA100041","hepatocyte","CL:0000182","hepatocyte","4"
"H12.MAA100042.3_9_M.1.1","MAA100042","hepatocyte","CL:0000182","hepatocyte","4"
"H12.MAA100138.3_56_F.1.1","MAA100138","hepatocyte","CL:0000182","hepatocyte","3"
"H12.MAA100140.3_57_F.1.1","MAA100140","hepatocyte","CL:0000182","hepatocyte","1"
"H13.MAA000907.3_11_M.1.1","MAA000907","hepatocyte","CL:0000182","hepatocyte","2"
"H14.MAA000377.3_9_M.1.1","MAA000377","Kupffer cell","CL:0000091","kuppfer","5"
"H14.MAA000907.3_11_M.1.1","MAA000907","hepatocyte","CL:0000182","hepatocyte","2"
"H15.MAA000907.3_11_M.1.1","MAA000907","B cell","CL:0000236","B cell","7"
"H16.MAA000377.3_9_M.1.1","MAA000377","Kupffer cell","CL:0000091","kuppfer","5"
"H16.MAA000907.3_11_M.1.1","MAA000907","endothelial cell of hepatic sinusoid","CL:1000398","endothelial cell","0"
"H17.MAA000377.3_9_M.1.1","MAA000377","Kupffer cell","CL:0000091","kuppfer","5"
"H17.MAA000907.3_11_M.1.1","MAA000907","Kupffer cell","CL:0000091","kuppfer","5"
"H18.MAA000907.3_11_M.1.1","MAA000907","Kupffer cell","CL:0000091","kuppfer","5"
"H1.MAA000907.3_11_M.1.1","MAA000907","endothelial cell of hepatic sinusoid","CL:1000398","endothelial cell","0"
"H1.MAA100039.3_11_M.1.1","MAA100039","hepatocyte","CL:0000182","hepatocyte","3"
"H1.MAA100041.3_9_M.1.1","MAA100041","hepatocyte","CL:0000182","hepatocyte","3"
"H1.MAA100042.3_9_M.1.1","MAA100042","hepatocyte","CL:0000182","hepatocyte","2"
"H1.MAA100138.3_56_F.1.1","MAA100138","hepatocyte","CL:0000182","hepatocyte","1"
"H1.MAA100140.3_57_F.1.1","MAA100140","hepatocyte","CL:0000182","hepatocyte","1"
"H20.MAA000377.3_9_M.1.1","MAA000377","hepatocyte","CL:0000182","hepatocyte","2"
"H20.MAA000907.3_11_M.1.1","MAA000907","endothelial cell of hepatic sinusoid","CL:1000398","endothelial cell","0"
"H22.MAA000907.3_11_M.1.1","MAA000907","B cell","CL:0000236","B cell","7"
"H2.MAA000907.3_11_M.1.1","MAA000907","Kupffer cell","CL:0000091","kuppfer","5"
"H2.MAA100039.3_11_M.1.1","MAA100039","hepatocyte","CL:0000182","hepatocyte","2"
"H2.MAA100041.3_9_M.1.1","MAA100041","hepatocyte","CL:0000182","hepatocyte","2"
"H2.MAA100042.3_9_M.1.1","MAA100042","hepatocyte","CL:0000182","hepatocyte","3"
"H2.MAA100138.3_56_F.1.1","MAA100138","hepatocyte","CL:0000182","hepatocyte","1"
"H2.MAA100140.3_57_F.1.1","MAA100140","hepatocyte","CL:0000182","hepatocyte","3"
"H3.MAA000377.3_9_M.1.1","MAA000377","hepatocyte","CL:0000182","hepatocyte","2"
"H3.MAA000907.3_11_M.1.1","MAA000907","endothelial cell of hepatic sinusoid","CL:1000398","endothelial cell","0"
"H3.MAA100041.3_9_M.1.1","MAA100041","hepatocyte","CL:0000182","hepatocyte","3"
"H3.MAA100138.3_56_F.1.1","MAA100138","hepatocyte","CL:0000182","hepatocyte","1"
"H3.MAA100140.3_57_F.1.1","MAA100140","hepatocyte","CL:0000182","hepatocyte","1"
"H4.MAA100039.3_11_M.1.1","MAA100039","hepatocyte","CL:0000182","hepatocyte","2"
"H4.MAA100140.3_57_F.1.1","MAA100140","hepatocyte","CL:0000182","hepatocyte","1"
"H5.MAA000907.3_11_M.1.1","MAA000907","endothelial cell of hepatic sinusoid","CL:1000398","endothelial cell","0"
"H5.MAA100042.3_9_M.1.1","MAA100042","hepatocyte","CL:0000182","hepatocyte","3"
"H5.MAA100138.3_56_F.1.1","MAA100138","hepatocyte","CL:0000182","hepatocyte","1"
"H5.MAA100140.3_57_F.1.1","MAA100140","hepatocyte","CL:0000182","hepatocyte","6"
"H6.MAA000907.3_11_M.1.1","MAA000907","hepatocyte","CL:0000182","hepatocyte","2"
"H6.MAA100042.3_9_M.1.1","MAA100042","hepatocyte","CL:0000182","hepatocyte","3"
"H6.MAA100138.3_56_F.1.1","MAA100138","hepatocyte","CL:0000182","hepatocyte","6"
"H6.MAA100140.3_57_F.1.1","MAA100140","hepatocyte","CL:0000182","hepatocyte","6"
"H7.MAA000907.3_11_M.1.1","MAA000907","natural killer cell","CL:0000623","Nk/NKT cells","8"
"H7.MAA100039.3_11_M.1.1","MAA100039","hepatocyte","CL:0000182","hepatocyte","4"
"H7.MAA100140.3_57_F.1.1","MAA100140","hepatocyte","CL:0000182","hepatocyte","6"
"H8.MAA100039.3_11_M.1.1","MAA100039","hepatocyte","CL:0000182","hepatocyte","3"
"H8.MAA100041.3_9_M.1.1","MAA100041","hepatocyte","CL:0000182","hepatocyte","2"
"H8.MAA100138.3_56_F.1.1","MAA100138","hepatocyte","CL:0000182","hepatocyte","6"
"H9.MAA000907.3_11_M.1.1","MAA000907","endothelial cell of hepatic sinusoid","CL:1000398","endothelial cell","0"
"H9.MAA100041.3_9_M.1.1","MAA100041","hepatocyte","CL:0000182","hepatocyte","4"
"H9.MAA100042.3_9_M.1.1","MAA100042","hepatocyte","CL:0000182","hepatocyte","3"
"H9.MAA100138.3_56_F.1.1","MAA100138","hepatocyte","CL:0000182","hepatocyte","6"
"H9.MAA100140.3_57_F.1.1","MAA100140","hepatocyte","CL:0000182","hepatocyte","1"
"I10.MAA000907.3_11_M.1.1","MAA000907","endothelial cell of hepatic sinusoid","CL:1000398","endothelial cell","0"
"I14.MAA000377.3_9_M.1.1","MAA000377","hepatocyte","CL:0000182","hepatocyte","2"
"I14.MAA000907.3_11_M.1.1","MAA000907","endothelial cell of hepatic sinusoid","CL:1000398","endothelial cell","0"
"I15.MAA000377.3_9_M.1.1","MAA000377","endothelial cell of hepatic sinusoid","CL:1000398","endothelial cell","0"
"I16.MAA000907.3_11_M.1.1","MAA000907","endothelial cell of hepatic sinusoid","CL:1000398","endothelial cell","0"
"I18.MAA000907.3_11_M.1.1","MAA000907","endothelial cell of hepatic sinusoid","CL:1000398","endothelial cell","0"
"I19.MAA000907.3_11_M.1.1","MAA000907","endothelial cell of hepatic sinusoid","CL:1000398","endothelial cell","0"
"I1.MAA000907.3_11_M.1.1","MAA000907","endothelial cell of hepatic sinusoid","CL:1000398","endothelial cell","0"
"I20.MAA000907.3_11_M.1.1","MAA000907","endothelial cell of hepatic sinusoid","CL:1000398","endothelial cell","0"
"I21.MAA000907.3_11_M.1.1","MAA000907","endothelial cell of hepatic sinusoid","CL:1000398","endothelial cell","0"
"I22.MAA000377.3_9_M.1.1","MAA000377","natural killer cell","CL:0000623","Nk/NKT cells","8"
"I22.MAA000907.3_11_M.1.1","MAA000907","endothelial cell of hepatic sinusoid","CL:1000398","endothelial cell","0"
"I2.MAA000907.3_11_M.1.1","MAA000907","B cell","CL:0000236","B cell","7"
"I4.MAA000907.3_11_M.1.1","MAA000907","Kupffer cell","CL:0000091","kuppfer","5"
"I7.MAA000907.3_11_M.1.1","MAA000907","endothelial cell of hepatic sinusoid","CL:1000398","endothelial cell","0"
"I8.MAA000907.3_11_M.1.1","MAA000907","hepatocyte","CL:0000182","hepatocyte","2"
"I9.MAA000377.3_9_M.1.1","MAA000377","Kupffer cell","CL:0000091","kuppfer","5"
"I9.MAA000907.3_11_M.1.1","MAA000907","hepatocyte","CL:0000182","hepatocyte","2"
"J10.MAA000907.3_11_M.1.1","MAA000907","endothelial cell of hepatic sinusoid","CL:1000398","endothelial cell","0"
"J11.MAA000907.3_11_M.1.1","MAA000907","hepatocyte","CL:0000182","hepatocyte","2"
"J12.MAA000377.3_9_M.1.1","MAA000377","endothelial cell of hepatic sinusoid","CL:1000398","endothelial cell","0"
"J12.MAA000907.3_11_M.1.1","MAA000907","endothelial cell of hepatic sinusoid","CL:1000398","endothelial cell","0"
"J13.MAA000907.3_11_M.1.1","MAA000907","endothelial cell of hepatic sinusoid","CL:1000398","endothelial cell","0"
"J14.MAA000907.3_11_M.1.1","MAA000907","hepatocyte","CL:0000182","hepatocyte","3"
"J15.MAA000907.3_11_M.1.1","MAA000907","endothelial cell of hepatic sinusoid","CL:1000398","endothelial cell","0"
"J16.MAA000377.3_9_M.1.1","MAA000377","Kupffer cell","CL:0000091","kuppfer","5"
"J16.MAA000907.3_11_M.1.1","MAA000907","endothelial cell of hepatic sinusoid","CL:1000398","endothelial cell","0"
"J17.MAA000377.3_9_M.1.1","MAA000377","hepatocyte","CL:0000182","hepatocyte","3"
"J17.MAA000907.3_11_M.1.1","MAA000907","endothelial cell of hepatic sinusoid","CL:1000398","endothelial cell","0"
"J18.MAA000377.3_9_M.1.1","MAA000377","endothelial cell of hepatic sinusoid","CL:1000398","endothelial cell","0"
"J19.MAA000907.3_11_M.1.1","MAA000907","Kupffer cell","CL:0000091","kuppfer","5"
"J1.MAA000907.3_11_M.1.1","MAA000907","Kupffer cell","CL:0000091","kuppfer","5"
"J20.MAA000377.3_9_M.1.1","MAA000377","natural killer cell","CL:0000623","Nk/NKT cells","8"
"J20.MAA000907.3_11_M.1.1","MAA000907","endothelial cell of hepatic sinusoid","CL:1000398","endothelial cell","0"
"J21.MAA000377.3_9_M.1.1","MAA000377","Kupffer cell","CL:0000091","kuppfer","5"
"J21.MAA000907.3_11_M.1.1","MAA000907","Kupffer cell","CL:0000091","kuppfer","5"
"J22.MAA000377.3_9_M.1.1","MAA000377","Kupffer cell","CL:0000091","kuppfer","5"
"J2.MAA000907.3_11_M.1.1","MAA000907","endothelial cell of hepatic sinusoid","CL:1000398","endothelial cell","0"
"J4.MAA000907.3_11_M.1.1","MAA000907","Kupffer cell","CL:0000091","kuppfer","5"
"J5.MAA000907.3_11_M.1.1","MAA000907","Kupffer cell","CL:0000091","kuppfer","5"
"J7.MAA000907.3_11_M.1.1","MAA000907","endothelial cell of hepatic sinusoid","CL:1000398","endothelial cell","0"
"J8.MAA000907.3_11_M.1.1","MAA000907","Kupffer cell","CL:0000091","kuppfer","5"
"J9.MAA000907.3_11_M.1.1","MAA000907","endothelial cell of hepatic sinusoid","CL:1000398","endothelial cell","0"
"K10.MAA000907.3_11_M.1.1","MAA000907","hepatocyte","CL:0000182","hepatocyte","2"
"K11.MAA000377.3_9_M.1.1","MAA000377","hepatocyte","CL:0000182","hepatocyte","2"
"K11.MAA000907.3_11_M.1.1","MAA000907","hepatocyte","CL:0000182","hepatocyte","2"
"K13.MAA000377.3_9_M.1.1","MAA000377","endothelial cell of hepatic sinusoid","CL:1000398","endothelial cell","0"
"K13.MAA000907.3_11_M.1.1","MAA000907","endothelial cell of hepatic sinusoid","CL:1000398","endothelial cell","0"
"K14.MAA000377.3_9_M.1.1","MAA000377","endothelial cell of hepatic sinusoid","CL:1000398","endothelial cell","0"
"K14.MAA000907.3_11_M.1.1","MAA000907","endothelial cell of hepatic sinusoid","CL:1000398","endothelial cell","0"
"K15.MAA000377.3_9_M.1.1","MAA000377","hepatocyte","CL:0000182","hepatocyte","2"
"K15.MAA000907.3_11_M.1.1","MAA000907","Kupffer cell","CL:0000091","kuppfer","5"
"K17.MAA000377.3_9_M.1.1","MAA000377","B cell","CL:0000236","B cell","7"
"K17.MAA000907.3_11_M.1.1","MAA000907","B cell","CL:0000236","B cell","7"
"K18.MAA000377.3_9_M.1.1","MAA000377","endothelial cell of hepatic sinusoid","CL:1000398","endothelial cell","0"
"K18.MAA000907.3_11_M.1.1","MAA000907","endothelial cell of hepatic sinusoid","CL:1000398","endothelial cell","0"
"K1.MAA000907.3_11_M.1.1","MAA000907","Kupffer cell","CL:0000091","kuppfer","5"
"K20.MAA000907.3_11_M.1.1","MAA000907","endothelial cell of hepatic sinusoid","CL:1000398","endothelial cell","0"
"K21.MAA000907.3_11_M.1.1","MAA000907","endothelial cell of hepatic sinusoid","CL:1000398","endothelial cell","0"
"K22.MAA000907.3_11_M.1.1","MAA000907","hepatocyte","CL:0000182","hepatocyte","2"
"K2.MAA000907.3_11_M.1.1","MAA000907","endothelial cell of hepatic sinusoid","CL:1000398","endothelial cell","0"
"K3.MAA000907.3_11_M.1.1","MAA000907","endothelial cell of hepatic sinusoid","CL:1000398","endothelial cell","0"
"K4.MAA000907.3_11_M.1.1","MAA000907","endothelial cell of hepatic sinusoid","CL:1000398","endothelial cell","0"
"K5.MAA000907.3_11_M.1.1","MAA000907","Kupffer cell","CL:0000091","kuppfer","5"
"K6.MAA000907.3_11_M.1.1","MAA000907","Kupffer cell","CL:0000091","kuppfer","5"
"K7.MAA000907.3_11_M.1.1","MAA000907","B cell","CL:0000236","B cell","7"
"K8.MAA000907.3_11_M.1.1","MAA000907","endothelial cell of hepatic sinusoid","CL:1000398","endothelial cell","0"
"K9.MAA000377.3_9_M.1.1","MAA000377","hepatocyte","CL:0000182","hepatocyte","2"
"K9.MAA000907.3_11_M.1.1","MAA000907","B cell","CL:0000236","B cell","7"
"L10.MAA000907.3_11_M.1.1","MAA000907","hepatocyte","CL:0000182","hepatocyte","2"
"L11.MAA000377.3_9_M.1.1","MAA000377","hepatocyte","CL:0000182","hepatocyte","2"
"L11.MAA000907.3_11_M.1.1","MAA000907","endothelial cell of hepatic sinusoid","CL:1000398","endothelial cell","0"
"L12.MAA000377.3_9_M.1.1","MAA000377","Kupffer cell","CL:0000091","kuppfer","5"
"L12.MAA000907.3_11_M.1.1","MAA000907","B cell","CL:0000236","B cell","7"
"L13.MAA000377.3_9_M.1.1","MAA000377","B cell","CL:0000236","B cell","7"
"L13.MAA000907.3_11_M.1.1","MAA000907","Kupffer cell","CL:0000091","kuppfer","5"
"L14.MAA000907.3_11_M.1.1","MAA000907","endothelial cell of hepatic sinusoid","CL:1000398","endothelial cell","0"
"L15.MAA000377.3_9_M.1.1","MAA000377","B cell","CL:0000236","B cell","7"
"L15.MAA000907.3_11_M.1.1","MAA000907","hepatocyte","CL:0000182","hepatocyte","2"
"L16.MAA000907.3_11_M.1.1","MAA000907","endothelial cell of hepatic sinusoid","CL:1000398","endothelial cell","0"
"L17.MAA000907.3_11_M.1.1","MAA000907","B cell","CL:0000236","B cell","7"
"L18.MAA000907.3_11_M.1.1","MAA000907","endothelial cell of hepatic sinusoid","CL:1000398","endothelial cell","0"
"L19.MAA000907.3_11_M.1.1","MAA000907","endothelial cell of hepatic sinusoid","CL:1000398","endothelial cell","0"
"L1.MAA000907.3_11_M.1.1","MAA000907","Kupffer cell","CL:0000091","kuppfer","5"
"L20.MAA000907.3_11_M.1.1","MAA000907","endothelial cell of hepatic sinusoid","CL:1000398","endothelial cell","0"
"L21.MAA000907.3_11_M.1.1","MAA000907","endothelial cell of hepatic sinusoid","CL:1000398","endothelial cell","0"
"L22.MAA000907.3_11_M.1.1","MAA000907","hepatocyte","CL:0000182","hepatocyte","2"
"L2.MAA000907.3_11_M.1.1","MAA000907","endothelial cell of hepatic sinusoid","CL:1000398","endothelial cell","0"
"L3.MAA000907.3_11_M.1.1","MAA000907","Kupffer cell","CL:0000091","kuppfer","5"
"L4.MAA000907.3_11_M.1.1","MAA000907","endothelial cell of hepatic sinusoid","CL:1000398","endothelial cell","0"
"L5.MAA000907.3_11_M.1.1","MAA000907","endothelial cell of hepatic sinusoid","CL:1000398","endothelial cell","0"
"L6.MAA000907.3_11_M.1.1","MAA000907","B cell","CL:0000236","B cell","7"
"L7.MAA000377.3_9_M.1.1","MAA000377","Kupffer cell","CL:0000091","kuppfer","5"
"L7.MAA000907.3_11_M.1.1","MAA000907","endothelial cell of hepatic sinusoid","CL:1000398","endothelial cell","0"
"L8.MAA000907.3_11_M.1.1","MAA000907","endothelial cell of hepatic sinusoid","CL:1000398","endothelial cell","0"
"L9.MAA000377.3_9_M.1.1","MAA000377","B cell","CL:0000236","B cell","7"
"L9.MAA000907.3_11_M.1.1","MAA000907","endothelial cell of hepatic sinusoid","CL:1000398","endothelial cell","0"
"M10.MAA000377.3_9_M.1.1","MAA000377","Kupffer cell","CL:0000091","kuppfer","5"
"M10.MAA000907.3_11_M.1.1","MAA000907","natural killer cell","CL:0000623","Nk/NKT cells","8"
"M11.MAA000907.3_11_M.1.1","MAA000907","endothelial cell of hepatic sinusoid","CL:1000398","endothelial cell","0"
"M12.MAA000907.3_11_M.1.1","MAA000907","hepatocyte","CL:0000182","hepatocyte","2"
"M13.MAA000907.3_11_M.1.1","MAA000907","endothelial cell of hepatic sinusoid","CL:1000398","endothelial cell","0"
"M14.MAA000907.3_11_M.1.1","MAA000907","endothelial cell of hepatic sinusoid","CL:1000398","endothelial cell","0"
"M15.MAA000377.3_9_M.1.1","MAA000377","natural killer cell","CL:0000623","Nk/NKT cells","8"
"M15.MAA000907.3_11_M.1.1","MAA000907","B cell","CL:0000236","B cell","7"
"M16.MAA000377.3_9_M.1.1","MAA000377","hepatocyte","CL:0000182","hepatocyte","3"
"M16.MAA000907.3_11_M.1.1","MAA000907","endothelial cell of hepatic sinusoid","CL:1000398","endothelial cell","0"
"M17.MAA000907.3_11_M.1.1","MAA000907","natural killer cell","CL:0000623","Nk/NKT cells","8"
"M18.MAA000907.3_11_M.1.1","MAA000907","natural killer cell","CL:0000623","Nk/NKT cells","8"
"M1.MAA000907.3_11_M.1.1","MAA000907","B cell","CL:0000236","B cell","7"
"M20.MAA000907.3_11_M.1.1","MAA000907","endothelial cell of hepatic sinusoid","CL:1000398","endothelial cell","0"
"M21.MAA000907.3_11_M.1.1","MAA000907","endothelial cell of hepatic sinusoid","CL:1000398","endothelial cell","0"
"M22.MAA000907.3_11_M.1.1","MAA000907","endothelial cell of hepatic sinusoid","CL:1000398","endothelial cell","0"
"M2.MAA000377.3_9_M.1.1","MAA000377","hepatocyte","CL:0000182","hepatocyte","2"
"M2.MAA000907.3_11_M.1.1","MAA000907","endothelial cell of hepatic sinusoid","CL:1000398","endothelial cell","0"
"M3.MAA000907.3_11_M.1.1","MAA000907","hepatocyte","CL:0000182","hepatocyte","2"
"M4.MAA000907.3_11_M.1.1","MAA000907","endothelial cell of hepatic sinusoid","CL:1000398","endothelial cell","0"
"M6.MAA000907.3_11_M.1.1","MAA000907","Kupffer cell","CL:0000091","kuppfer","5"
"M7.MAA000907.3_11_M.1.1","MAA000907","endothelial cell of hepatic sinusoid","CL:1000398","endothelial cell","0"
"M8.MAA000907.3_11_M.1.1","MAA000907","natural killer cell","CL:0000623","Nk/NKT cells","8"
"M9.MAA000907.3_11_M.1.1","MAA000907","B cell","CL:0000236","B cell","7"
"N10.MAA000907.3_11_M.1.1","MAA000907","endothelial cell of hepatic sinusoid","CL:1000398","endothelial cell","0"
"N11.MAA000377.3_9_M.1.1","MAA000377","hepatocyte","CL:0000182","hepatocyte","3"
"N11.MAA000907.3_11_M.1.1","MAA000907","endothelial cell of hepatic sinusoid","CL:1000398","endothelial cell","0"
"N12.MAA000907.3_11_M.1.1","MAA000907","endothelial cell of hepatic sinusoid","CL:1000398","endothelial cell","0"
"N14.MAA000907.3_11_M.1.1","MAA000907","hepatocyte","CL:0000182","hepatocyte","2"
"N15.MAA000377.3_9_M.1.1","MAA000377","B cell","CL:0000236","B cell","7"
"N15.MAA000907.3_11_M.1.1","MAA000907","hepatocyte","CL:0000182","hepatocyte","2"
"N16.MAA000377.3_9_M.1.1","MAA000377","endothelial cell of hepatic sinusoid","CL:1000398","endothelial cell","0"
"N16.MAA000907.3_11_M.1.1","MAA000907","natural killer cell","CL:0000623","Nk/NKT cells","8"
"N17.MAA000907.3_11_M.1.1","MAA000907","endothelial cell of hepatic sinusoid","CL:1000398","endothelial cell","0"
"N18.MAA000907.3_11_M.1.1","MAA000907","endothelial cell of hepatic sinusoid","CL:1000398","endothelial cell","0"
"N19.MAA000907.3_11_M.1.1","MAA000907","endothelial cell of hepatic sinusoid","CL:1000398","endothelial cell","0"
"N1.MAA000907.3_11_M.1.1","MAA000907","B cell","CL:0000236","B cell","7"
"N20.MAA000377.3_9_M.1.1","MAA000377","hepatocyte","CL:0000182","hepatocyte","2"
"N20.MAA000907.3_11_M.1.1","MAA000907","Kupffer cell","CL:0000091","kuppfer","5"
"N21.MAA000377.3_9_M.1.1","MAA000377","endothelial cell of hepatic sinusoid","CL:1000398","endothelial cell","0"
"N21.MAA000907.3_11_M.1.1","MAA000907","endothelial cell of hepatic sinusoid","CL:1000398","endothelial cell","0"
"N22.MAA000377.3_9_M.1.1","MAA000377","endothelial cell of hepatic sinusoid","CL:1000398","endothelial cell","0"
"N22.MAA000907.3_11_M.1.1","MAA000907","B cell","CL:0000236","B cell","7"
"N2.MAA000907.3_11_M.1.1","MAA000907","endothelial cell of hepatic sinusoid","CL:1000398","endothelial cell","0"
"N3.MAA000907.3_11_M.1.1","MAA000907","Kupffer cell","CL:0000091","kuppfer","5"
"N4.MAA000377.3_9_M.1.1","MAA000377","Kupffer cell","CL:0000091","kuppfer","5"
"N4.MAA000907.3_11_M.1.1","MAA000907","endothelial cell of hepatic sinusoid","CL:1000398","endothelial cell","0"
"N5.MAA000907.3_11_M.1.1","MAA000907","endothelial cell of hepatic sinusoid","CL:1000398","endothelial cell","0"
"N6.MAA000907.3_11_M.1.1","MAA000907","natural killer cell","CL:0000623","Nk/NKT cells","8"
"N7.MAA000377.3_9_M.1.1","MAA000377","hepatocyte","CL:0000182","hepatocyte","2"
"N7.MAA000907.3_11_M.1.1","MAA000907","endothelial cell of hepatic sinusoid","CL:1000398","endothelial cell","0"
"N8.MAA000907.3_11_M.1.1","MAA000907","endothelial cell of hepatic sinusoid","CL:1000398","endothelial cell","0"
"N9.MAA000907.3_11_M.1.1","MAA000907","natural killer cell","CL:0000623","Nk/NKT cells","8"
"O11.MAA000377.3_9_M.1.1","MAA000377","endothelial cell of hepatic sinusoid","CL:1000398","endothelial cell","0"
"O11.MAA000907.3_11_M.1.1","MAA000907","B cell","CL:0000236","B cell","7"
"O12.MAA000377.3_9_M.1.1","MAA000377","hepatocyte","CL:0000182","hepatocyte","2"
"O13.MAA000907.3_11_M.1.1","MAA000907","Kupffer cell","CL:0000091","kuppfer","5"
"O14.MAA000377.3_9_M.1.1","MAA000377","hepatocyte","CL:0000182","hepatocyte","2"
"O14.MAA000907.3_11_M.1.1","MAA000907","hepatocyte","CL:0000182","hepatocyte","2"
"O15.MAA000907.3_11_M.1.1","MAA000907","Kupffer cell","CL:0000091","kuppfer","5"
"O16.MAA000907.3_11_M.1.1","MAA000907","endothelial cell of hepatic sinusoid","CL:1000398","endothelial cell","0"
"O17.MAA000907.3_11_M.1.1","MAA000907","endothelial cell of hepatic sinusoid","CL:1000398","endothelial cell","0"
"O18.MAA000907.3_11_M.1.1","MAA000907","endothelial cell of hepatic sinusoid","CL:1000398","endothelial cell","0"
"O19.MAA000907.3_11_M.1.1","MAA000907","endothelial cell of hepatic sinusoid","CL:1000398","endothelial cell","0"
"O1.MAA000907.3_11_M.1.1","MAA000907","endothelial cell of hepatic sinusoid","CL:1000398","endothelial cell","0"
"O20.MAA000907.3_11_M.1.1","MAA000907","endothelial cell of hepatic sinusoid","CL:1000398","endothelial cell","0"
"O21.MAA000377.3_9_M.1.1","MAA000377","natural killer cell","CL:0000623","Nk/NKT cells","8"
"O21.MAA000907.3_11_M.1.1","MAA000907","Kupffer cell","CL:0000091","kuppfer","5"
"O22.MAA000377.3_9_M.1.1","MAA000377","Kupffer cell","CL:0000091","kuppfer","5"
"O22.MAA000907.3_11_M.1.1","MAA000907","endothelial cell of hepatic sinusoid","CL:1000398","endothelial cell","0"
"O2.MAA000907.3_11_M.1.1","MAA000907","Kupffer cell","CL:0000091","kuppfer","5"
"O3.MAA000907.3_11_M.1.1","MAA000907","Kupffer cell","CL:0000091","kuppfer","5"
"O4.MAA000907.3_11_M.1.1","MAA000907","Kupffer cell","CL:0000091","kuppfer","5"
"O5.MAA000907.3_11_M.1.1","MAA000907","endothelial cell of hepatic sinusoid","CL:1000398","endothelial cell","0"
"O6.MAA000907.3_11_M.1.1","MAA000907","Kupffer cell","CL:0000091","kuppfer","5"
"O7.MAA000377.3_9_M.1.1","MAA000377","endothelial cell of hepatic sinusoid","CL:1000398","endothelial cell","0"
"O7.MAA000907.3_11_M.1.1","MAA000907","endothelial cell of hepatic sinusoid","CL:1000398","endothelial cell","0"
"O8.MAA000907.3_11_M.1.1","MAA000907","endothelial cell of hepatic sinusoid","CL:1000398","endothelial cell","0"
"O9.MAA000377.3_9_M.1.1","MAA000377","Kupffer cell","CL:0000091","kuppfer","5"
"O9.MAA000907.3_11_M.1.1","MAA000907","hepatocyte","CL:0000182","hepatocyte","2"
"P10.MAA000907.3_11_M.1.1","MAA000907","endothelial cell of hepatic sinusoid","CL:1000398","endothelial cell","0"
"P11.MAA000907.3_11_M.1.1","MAA000907","endothelial cell of hepatic sinusoid","CL:1000398","endothelial cell","0"
"P12.MAA000907.3_11_M.1.1","MAA000907","endothelial cell of hepatic sinusoid","CL:1000398","endothelial cell","0"
"P13.MAA000907.3_11_M.1.1","MAA000907","endothelial cell of hepatic sinusoid","CL:1000398","endothelial cell","0"
"P14.MAA000907.3_11_M.1.1","MAA000907","hepatocyte","CL:0000182","hepatocyte","2"
"P15.MAA000377.3_9_M.1.1","MAA000377","hepatocyte","CL:0000182","hepatocyte","2"
"P15.MAA000907.3_11_M.1.1","MAA000907","endothelial cell of hepatic sinusoid","CL:1000398","endothelial cell","0"
"P16.MAA000907.3_11_M.1.1","MAA000907","endothelial cell of hepatic sinusoid","CL:1000398","endothelial cell","0"
"P17.MAA000377.3_9_M.1.1","MAA000377","hepatocyte","CL:0000182","hepatocyte","2"
"P17.MAA000907.3_11_M.1.1","MAA000907","endothelial cell of hepatic sinusoid","CL:1000398","endothelial cell","0"
"P18.MAA000377.3_9_M.1.1","MAA000377","endothelial cell of hepatic sinusoid","CL:1000398","endothelial cell","0"
"P18.MAA000907.3_11_M.1.1","MAA000907","endothelial cell of hepatic sinusoid","CL:1000398","endothelial cell","0"
"P19.MAA000907.3_11_M.1.1","MAA000907","hepatocyte","CL:0000182","hepatocyte","2"
"P1.MAA000907.3_11_M.1.1","MAA000907","endothelial cell of hepatic sinusoid","CL:1000398","endothelial cell","0"
"P20.MAA000907.3_11_M.1.1","MAA000907","endothelial cell of hepatic sinusoid","CL:1000398","endothelial cell","0"
"P21.MAA000377.3_9_M.1.1","MAA000377","B cell","CL:0000236","B cell","7"
"P21.MAA000907.3_11_M.1.1","MAA000907","natural killer cell","CL:0000623","Nk/NKT cells","8"
"P22.MAA000377.3_9_M.1.1","MAA000377","hepatocyte","CL:0000182","hepatocyte","2"
"P22.MAA000907.3_11_M.1.1","MAA000907","B cell","CL:0000236","B cell","7"
"P2.MAA000907.3_11_M.1.1","MAA000907","endothelial cell of hepatic sinusoid","CL:1000398","endothelial cell","0"
"P3.MAA000907.3_11_M.1.1","MAA000907","endothelial cell of hepatic sinusoid","CL:1000398","endothelial cell","0"
"P4.MAA000907.3_11_M.1.1","MAA000907","endothelial cell of hepatic sinusoid","CL:1000398","endothelial cell","0"
"P5.MAA000907.3_11_M.1.1","MAA000907","endothelial cell of hepatic sinusoid","CL:1000398","endothelial cell","0"
"P6.MAA000907.3_11_M.1.1","MAA000907","B cell","CL:0000236","B cell","7"
"P7.MAA000907.3_11_M.1.1","MAA000907","hepatocyte","CL:0000182","hepatocyte","2"
"P8.MAA000907.3_11_M.1.1","MAA000907","endothelial cell of hepatic sinusoid","CL:1000398","endothelial cell","0"
"P9.MAA000907.3_11_M.1.1","MAA000907","endothelial cell of hepatic sinusoid","CL:1000398","endothelial cell","0"
