"","plate.barcode","annotation","cell_ontology_id"
"A18.B000971.3_39_F.1.1","B000971","T cell","CL:0000084"
"B20.B000971.3_39_F.1.1","B000971","B cell","CL:0000236"
"C22.B000971.3_39_F.1.1","B000971","T cell","CL:0000084"
"E2.B000971.3_39_F.1.1","B000971","T cell","CL:0000084"
"F8.B000971.3_39_F.1.1","B000971","B cell","CL:0000236"
"A19.B000971.3_39_F.1.1","B000971","B cell","CL:0000236"
"B21.B000971.3_39_F.1.1","B000971","B cell","CL:0000236"
"D1.B000971.3_39_F.1.1","B000971","B cell","CL:0000236"
"E4.B000971.3_39_F.1.1","B000971","B cell","CL:0000236"
"F11.B000971.3_39_F.1.1","B000971","B cell","CL:0000236"
"D2.B000971.3_39_F.1.1","B000971","B cell","CL:0000236"
"E5.B000971.3_39_F.1.1","B000971","B cell","CL:0000236"
"F12.B000971.3_39_F.1.1","B000971","B cell","CL:0000236"
"A20.B000971.3_39_F.1.1","B000971","T cell","CL:0000084"
"B22.B000971.3_39_F.1.1","B000971","B cell","CL:0000236"
"D3.B000971.3_39_F.1.1","B000971","B cell","CL:0000236"
"E6.B000971.3_39_F.1.1","B000971","B cell","CL:0000236"
"F13.B000971.3_39_F.1.1","B000971","B cell","CL:0000236"
"A21.B000971.3_39_F.1.1","B000971","B cell","CL:0000236"
"C1.B000971.3_39_F.1.1","B000971","B cell","CL:0000236"
"A22.B000971.3_39_F.1.1","B000971","T cell","CL:0000084"
"C2.B000971.3_39_F.1.1","B000971","T cell","CL:0000084"
"D4.B000971.3_39_F.1.1","B000971","B cell","CL:0000236"
"E7.B000971.3_39_F.1.1","B000971","B cell","CL:0000236"
"F14.B000971.3_39_F.1.1","B000971","B cell","CL:0000236"
"C3.B000971.3_39_F.1.1","B000971","B cell","CL:0000236"
"D5.B000971.3_39_F.1.1","B000971","B cell","CL:0000236"
"E8.B000971.3_39_F.1.1","B000971","T cell","CL:0000084"
"F15.B000971.3_39_F.1.1","B000971","T cell","CL:0000084"
"B2.B000971.3_39_F.1.1","B000971","T cell","CL:0000084"
"C4.B000971.3_39_F.1.1","B000971","B cell","CL:0000236"
"D6.B000971.3_39_F.1.1","B000971","B cell","CL:0000236"
"E9.B000971.3_39_F.1.1","B000971","B cell","CL:0000236"
"F16.B000971.3_39_F.1.1","B000971","B cell","CL:0000236"
"A1.B000971.3_39_F.1.1","B000971","T cell","CL:0000084"
"B3.B000971.3_39_F.1.1","B000971","T cell","CL:0000084"
"C5.B000971.3_39_F.1.1","B000971","B cell","CL:0000236"
"D7.B000971.3_39_F.1.1","B000971","B cell","CL:0000236"
"E10.B000971.3_39_F.1.1","B000971","T cell","CL:0000084"
"F18.B000971.3_39_F.1.1","B000971","B cell","CL:0000236"
"A2.B000971.3_39_F.1.1","B000971","T cell","CL:0000084"
"B4.B000971.3_39_F.1.1","B000971","T cell","CL:0000084"
"C6.B000971.3_39_F.1.1","B000971","T cell","CL:0000084"
"E11.B000971.3_39_F.1.1","B000971","B cell","CL:0000236"
"F19.B000971.3_39_F.1.1","B000971","B cell","CL:0000236"
"A3.B000971.3_39_F.1.1","B000971","T cell","CL:0000084"
"B5.B000971.3_39_F.1.1","B000971","T cell","CL:0000084"
"C7.B000971.3_39_F.1.1","B000971","T cell","CL:0000084"
"D9.B000971.3_39_F.1.1","B000971","B cell","CL:0000236"
"E12.B000971.3_39_F.1.1","B000971","B cell","CL:0000236"
"F20.B000971.3_39_F.1.1","B000971","T cell","CL:0000084"
"A4.B000971.3_39_F.1.1","B000971","B cell","CL:0000236"
"B6.B000971.3_39_F.1.1","B000971","B cell","CL:0000236"
"C8.B000971.3_39_F.1.1","B000971","B cell","CL:0000236"
"D10.B000971.3_39_F.1.1","B000971","B cell","CL:0000236"
"E13.B000971.3_39_F.1.1","B000971","T cell","CL:0000084"
"A5.B000971.3_39_F.1.1","B000971","B cell","CL:0000236"
"B7.B000971.3_39_F.1.1","B000971","T cell","CL:0000084"
"C9.B000971.3_39_F.1.1","B000971","B cell","CL:0000236"
"D11.B000971.3_39_F.1.1","B000971","T cell","CL:0000084"
"E14.B000971.3_39_F.1.1","B000971","B cell","CL:0000236"
"A6.B000971.3_39_F.1.1","B000971","B cell","CL:0000236"
"B8.B000971.3_39_F.1.1","B000971","B cell","CL:0000236"
"C10.B000971.3_39_F.1.1","B000971","T cell","CL:0000084"
"D12.B000971.3_39_F.1.1","B000971","B cell","CL:0000236"
"E15.B000971.3_39_F.1.1","B000971","T cell","CL:0000084"
"A7.B000971.3_39_F.1.1","B000971","B cell","CL:0000236"
"B9.B000971.3_39_F.1.1","B000971","T cell","CL:0000084"
"C11.B000971.3_39_F.1.1","B000971","B cell","CL:0000236"
"D13.B000971.3_39_F.1.1","B000971","B cell","CL:0000236"
"A8.B000971.3_39_F.1.1","B000971","B cell","CL:0000236"
"B10.B000971.3_39_F.1.1","B000971","T cell","CL:0000084"
"C12.B000971.3_39_F.1.1","B000971","B cell","CL:0000236"
"D14.B000971.3_39_F.1.1","B000971","B cell","CL:0000236"
"E18.B000971.3_39_F.1.1","B000971","B cell","CL:0000236"
"A9.B000971.3_39_F.1.1","B000971","T cell","CL:0000084"
"B11.B000971.3_39_F.1.1","B000971","T cell","CL:0000084"
"C13.B000971.3_39_F.1.1","B000971","B cell","CL:0000236"
"D15.B000971.3_39_F.1.1","B000971","B cell","CL:0000236"
"E20.B000971.3_39_F.1.1","B000971","B cell","CL:0000236"
"D16.B000971.3_39_F.1.1","B000971","T cell","CL:0000084"
"E21.B000971.3_39_F.1.1","B000971","B cell","CL:0000236"
"A10.B000971.3_39_F.1.1","B000971","B cell","CL:0000236"
"B12.B000971.3_39_F.1.1","B000971","B cell","CL:0000236"
"C14.B000971.3_39_F.1.1","B000971","T cell","CL:0000084"
"A11.B000971.3_39_F.1.1","B000971","B cell","CL:0000236"
"A12.B000971.3_39_F.1.1","B000971","B cell","CL:0000236"
"B14.B000971.3_39_F.1.1","B000971","B cell","CL:0000236"
"C16.B000971.3_39_F.1.1","B000971","B cell","CL:0000236"
"B13.B000971.3_39_F.1.1","B000971","B cell","CL:0000236"
"D18.B000971.3_39_F.1.1","B000971","T cell","CL:0000084"
"F1.B000971.3_39_F.1.1","B000971","T cell","CL:0000084"
"C15.B000971.3_39_F.1.1","B000971","B cell","CL:0000236"
"D17.B000971.3_39_F.1.1","B000971","B cell","CL:0000236"
"E22.B000971.3_39_F.1.1","B000971","T cell","CL:0000084"
"A13.B000971.3_39_F.1.1","B000971","B cell","CL:0000236"
"B15.B000971.3_39_F.1.1","B000971","B cell","CL:0000236"
"C17.B000971.3_39_F.1.1","B000971","B cell","CL:0000236"
"D19.B000971.3_39_F.1.1","B000971","B cell","CL:0000236"
"F2.B000971.3_39_F.1.1","B000971","B cell","CL:0000236"
"A15.B000971.3_39_F.1.1","B000971","B cell","CL:0000236"
"B17.B000971.3_39_F.1.1","B000971","T cell","CL:0000084"
"A14.B000971.3_39_F.1.1","B000971","T cell","CL:0000084"
"B16.B000971.3_39_F.1.1","B000971","T cell","CL:0000084"
"C18.B000971.3_39_F.1.1","B000971","B cell","CL:0000236"
"D20.B000971.3_39_F.1.1","B000971","T cell","CL:0000084"
"F3.B000971.3_39_F.1.1","B000971","B cell","CL:0000236"
"C19.B000971.3_39_F.1.1","B000971","B cell","CL:0000236"
"A16.B000971.3_39_F.1.1","B000971","B cell","CL:0000236"
"B18.B000971.3_39_F.1.1","B000971","B cell","CL:0000236"
"D21.B000971.3_39_F.1.1","B000971","myeloid cell","CL:0000763"
"C20.B000971.3_39_F.1.1","B000971","B cell","CL:0000236"
"F5.B000971.3_39_F.1.1","B000971","T cell","CL:0000084"
"A17.B000971.3_39_F.1.1","B000971","B cell","CL:0000236"
"B19.B000971.3_39_F.1.1","B000971","T cell","CL:0000084"
"C21.B000971.3_39_F.1.1","B000971","B cell","CL:0000236"
"E1.B000971.3_39_F.1.1","B000971","T cell","CL:0000084"
"F6.B000971.3_39_F.1.1","B000971","B cell","CL:0000236"
"G12.B000971.3_39_F.1.1","B000971","B cell","CL:0000236"
"H20.B000971.3_39_F.1.1","B000971","B cell","CL:0000236"
"J3.B000971.3_39_F.1.1","B000971","B cell","CL:0000236"
"G14.B000971.3_39_F.1.1","B000971","T cell","CL:0000084"
"H21.B000971.3_39_F.1.1","B000971","T cell","CL:0000084"
"J4.B000971.3_39_F.1.1","B000971","B cell","CL:0000236"
"K11.B000971.3_39_F.1.1","B000971","B cell","CL:0000236"
"K12.B000971.3_39_F.1.1","B000971","B cell","CL:0000236"
"L20.B000971.3_39_F.1.1","B000971","B cell","CL:0000236"
"N1.B000971.3_39_F.1.1","B000971","T cell","CL:0000084"
"L18.B000971.3_39_F.1.1","B000971","B cell","CL:0000236"
"M22.B000971.3_39_F.1.1","B000971","B cell","CL:0000236"
"O6.B000971.3_39_F.1.1","B000971","B cell","CL:0000236"
"P8.B000971.3_39_F.1.1","B000971","B cell","CL:0000236"
"O7.B000971.3_39_F.1.1","B000971","B cell","CL:0000236"
"G15.B000971.3_39_F.1.1","B000971","T cell","CL:0000084"
"H22.B000971.3_39_F.1.1","B000971","T cell","CL:0000084"
"J5.B000971.3_39_F.1.1","B000971","B cell","CL:0000236"
"K13.B000971.3_39_F.1.1","B000971","B cell","CL:0000236"
"L21.B000971.3_39_F.1.1","B000971","B cell","CL:0000236"
"P9.B000971.3_39_F.1.1","B000971","B cell","CL:0000236"
"N2.B000971.3_39_F.1.1","B000971","B cell","CL:0000236"
"O8.B000971.3_39_F.1.1","B000971","B cell","CL:0000236"
"P10.B000971.3_39_F.1.1","B000971","B cell","CL:0000236"
"I1.B000971.3_39_F.1.1","B000971","B cell","CL:0000236"
"J6.B000971.3_39_F.1.1","B000971","T cell","CL:0000084"
"K14.B000971.3_39_F.1.1","B000971","B cell","CL:0000236"
"L22.B000971.3_39_F.1.1","B000971","T cell","CL:0000084"
"N3.B000971.3_39_F.1.1","B000971","T cell","CL:0000084"
"O9.B000971.3_39_F.1.1","B000971","B cell","CL:0000236"
"P11.B000971.3_39_F.1.1","B000971","B cell","CL:0000236"
"G16.B000971.3_39_F.1.1","B000971","T cell","CL:0000084"
"M1.B000971.3_39_F.1.1","B000971","B cell","CL:0000236"
"N4.B000971.3_39_F.1.1","B000971","B cell","CL:0000236"
"O10.B000971.3_39_F.1.1","B000971","B cell","CL:0000236"
"P13.B000971.3_39_F.1.1","B000971","B cell","CL:0000236"
"G17.B000971.3_39_F.1.1","B000971","myeloid cell","CL:0000763"
"I2.B000971.3_39_F.1.1","B000971","B cell","CL:0000236"
"J7.B000971.3_39_F.1.1","B000971","B cell","CL:0000236"
"K15.B000971.3_39_F.1.1","B000971","B cell","CL:0000236"
"N5.B000971.3_39_F.1.1","B000971","B cell","CL:0000236"
"O11.B000971.3_39_F.1.1","B000971","T cell","CL:0000084"
"P14.B000971.3_39_F.1.1","B000971","B cell","CL:0000236"
"G18.B000971.3_39_F.1.1","B000971","B cell","CL:0000236"
"I3.B000971.3_39_F.1.1","B000971","B cell","CL:0000236"
"J8.B000971.3_39_F.1.1","B000971","B cell","CL:0000236"
"K16.B000971.3_39_F.1.1","B000971","B cell","CL:0000236"
"M2.B000971.3_39_F.1.1","B000971","B cell","CL:0000236"
"O12.B000971.3_39_F.1.1","B000971","B cell","CL:0000236"
"P15.B000971.3_39_F.1.1","B000971","B cell","CL:0000236"
"G21.B000971.3_39_F.1.1","B000971","T cell","CL:0000084"
"G20.B000971.3_39_F.1.1","B000971","T cell","CL:0000084"
"I4.B000971.3_39_F.1.1","B000971","T cell","CL:0000084"
"J9.B000971.3_39_F.1.1","B000971","B cell","CL:0000236"
"K18.B000971.3_39_F.1.1","B000971","T cell","CL:0000084"
"M3.B000971.3_39_F.1.1","B000971","B cell","CL:0000236"
"N6.B000971.3_39_F.1.1","B000971","T cell","CL:0000084"
"I5.B000971.3_39_F.1.1","B000971","B cell","CL:0000236"
"G22.B000971.3_39_F.1.1","B000971","T cell","CL:0000084"
"I6.B000971.3_39_F.1.1","B000971","B cell","CL:0000236"
"J11.B000971.3_39_F.1.1","B000971","B cell","CL:0000236"
"J10.B000971.3_39_F.1.1","B000971","B cell","CL:0000236"
"L1.B000971.3_39_F.1.1","B000971","B cell","CL:0000236"
"M5.B000971.3_39_F.1.1","B000971","myeloid cell","CL:0000763"
"N8.B000971.3_39_F.1.1","B000971","T cell","CL:0000084"
"K21.B000971.3_39_F.1.1","B000971","B cell","CL:0000236"
"M4.B000971.3_39_F.1.1","B000971","B cell","CL:0000236"
"N7.B000971.3_39_F.1.1","B000971","B cell","CL:0000236"
"O13.B000971.3_39_F.1.1","B000971","B cell","CL:0000236"
"P16.B000971.3_39_F.1.1","B000971","B cell","CL:0000236"
"O14.B000971.3_39_F.1.1","B000971","B cell","CL:0000236"
"H1.B000971.3_39_F.1.1","B000971","T cell","CL:0000084"
"I7.B000971.3_39_F.1.1","B000971","B cell","CL:0000236"
"J12.B000971.3_39_F.1.1","B000971","B cell","CL:0000236"
"L2.B000971.3_39_F.1.1","B000971","B cell","CL:0000236"
"M6.B000971.3_39_F.1.1","B000971","T cell","CL:0000084"
"P18.B000971.3_39_F.1.1","B000971","B cell","CL:0000236"
"N9.B000971.3_39_F.1.1","B000971","B cell","CL:0000236"
"O15.B000971.3_39_F.1.1","B000971","B cell","CL:0000236"
"P19.B000971.3_39_F.1.1","B000971","B cell","CL:0000236"
"I8.B000971.3_39_F.1.1","B000971","B cell","CL:0000236"
"L3.B000971.3_39_F.1.1","B000971","B cell","CL:0000236"
"M7.B000971.3_39_F.1.1","B000971","B cell","CL:0000236"
"N10.B000971.3_39_F.1.1","B000971","B cell","CL:0000236"
"O16.B000971.3_39_F.1.1","B000971","B cell","CL:0000236"
"P20.B000971.3_39_F.1.1","B000971","B cell","CL:0000236"
"H2.B000971.3_39_F.1.1","B000971","B cell","CL:0000236"
"O17.B000971.3_39_F.1.1","B000971","B cell","CL:0000236"
"P21.B000971.3_39_F.1.1","B000971","B cell","CL:0000236"
"F22.B000971.3_39_F.1.1","B000971","B cell","CL:0000236"
"H4.B000971.3_39_F.1.1","B000971","B cell","CL:0000236"
"F21.B000971.3_39_F.1.1","B000971","B cell","CL:0000236"
"H3.B000971.3_39_F.1.1","B000971","B cell","CL:0000236"
"I9.B000971.3_39_F.1.1","B000971","B cell","CL:0000236"
"J14.B000971.3_39_F.1.1","B000971","B cell","CL:0000236"
"L4.B000971.3_39_F.1.1","B000971","B cell","CL:0000236"
"M8.B000971.3_39_F.1.1","B000971","B cell","CL:0000236"
"N13.B000971.3_39_F.1.1","B000971","B cell","CL:0000236"
"I10.B000971.3_39_F.1.1","B000971","B cell","CL:0000236"
"G1.B000971.3_39_F.1.1","B000971","B cell","CL:0000236"
"H5.B000971.3_39_F.1.1","B000971","B cell","CL:0000236"
"I11.B000971.3_39_F.1.1","B000971","B cell","CL:0000236"
"J18.B000971.3_39_F.1.1","B000971","B cell","CL:0000236"
"L6.B000971.3_39_F.1.1","B000971","B cell","CL:0000236"
"J16.B000971.3_39_F.1.1","B000971","B cell","CL:0000236"
"M10.B000971.3_39_F.1.1","B000971","B cell","CL:0000236"
"N15.B000971.3_39_F.1.1","B000971","T cell","CL:0000084"
"O19.B000971.3_39_F.1.1","B000971","B cell","CL:0000236"
"L5.B000971.3_39_F.1.1","B000971","B cell","CL:0000236"
"M9.B000971.3_39_F.1.1","B000971","B cell","CL:0000236"
"N14.B000971.3_39_F.1.1","B000971","B cell","CL:0000236"
"O18.B000971.3_39_F.1.1","B000971","B cell","CL:0000236"
"P22.B000971.3_39_F.1.1","B000971","B cell","CL:0000236"
"G2.B000971.3_39_F.1.1","B000971","B cell","CL:0000236"
"H6.B000971.3_39_F.1.1","B000971","B cell","CL:0000236"
"I13.B000971.3_39_F.1.1","B000971","B cell","CL:0000236"
"J20.B000971.3_39_F.1.1","B000971","T cell","CL:0000084"
"L7.B000971.3_39_F.1.1","B000971","B cell","CL:0000236"
"M11.B000971.3_39_F.1.1","B000971","B cell","CL:0000236"
"G3.B000971.3_39_F.1.1","B000971","T cell","CL:0000084"
"H7.B000971.3_39_F.1.1","B000971","B cell","CL:0000236"
"N17.B000971.3_39_F.1.1","B000971","T cell","CL:0000084"
"I14.B000971.3_39_F.1.1","B000971","B cell","CL:0000236"
"K1.B000971.3_39_F.1.1","B000971","B cell","CL:0000236"
"O20.B000971.3_39_F.1.1","B000971","B cell","CL:0000236"
"L8.B000971.3_39_F.1.1","B000971","B cell","CL:0000236"
"M12.B000971.3_39_F.1.1","B000971","B cell","CL:0000236"
"N18.B000971.3_39_F.1.1","B000971","B cell","CL:0000236"
"O21.B000971.3_39_F.1.1","B000971","T cell","CL:0000084"
"G4.B000971.3_39_F.1.1","B000971","B cell","CL:0000236"
"N20.B000971.3_39_F.1.1","B000971","B cell","CL:0000236"
"O22.B000971.3_39_F.1.1","B000971","B cell","CL:0000236"
"H8.B000971.3_39_F.1.1","B000971","T cell","CL:0000084"
"I15.B000971.3_39_F.1.1","B000971","B cell","CL:0000236"
"K2.B000971.3_39_F.1.1","B000971","T cell","CL:0000084"
"L9.B000971.3_39_F.1.1","B000971","B cell","CL:0000236"
"M13.B000971.3_39_F.1.1","B000971","B cell","CL:0000236"
"L10.B000971.3_39_F.1.1","B000971","B cell","CL:0000236"
"M14.B000971.3_39_F.1.1","B000971","B cell","CL:0000236"
"N21.B000971.3_39_F.1.1","B000971","T cell","CL:0000084"
"P1.B000971.3_39_F.1.1","B000971","B cell","CL:0000236"
"G5.B000971.3_39_F.1.1","B000971","B cell","CL:0000236"
"H9.B000971.3_39_F.1.1","B000971","B cell","CL:0000236"
"I16.B000971.3_39_F.1.1","B000971","B cell","CL:0000236"
"K3.B000971.3_39_F.1.1","B000971","B cell","CL:0000236"
"G6.B000971.3_39_F.1.1","B000971","T cell","CL:0000084"
"H11.B000971.3_39_F.1.1","B000971","B cell","CL:0000236"
"I18.B000971.3_39_F.1.1","B000971","B cell","CL:0000236"
"K4.B000971.3_39_F.1.1","B000971","B cell","CL:0000236"
"L11.B000971.3_39_F.1.1","B000971","B cell","CL:0000236"
"M16.B000971.3_39_F.1.1","B000971","T cell","CL:0000084"
"N22.B000971.3_39_F.1.1","B000971","T cell","CL:0000084"
"P2.B000971.3_39_F.1.1","B000971","B cell","CL:0000236"
"G7.B000971.3_39_F.1.1","B000971","B cell","CL:0000236"
"H12.B000971.3_39_F.1.1","B000971","B cell","CL:0000236"
"I20.B000971.3_39_F.1.1","B000971","B cell","CL:0000236"
"K5.B000971.3_39_F.1.1","B000971","B cell","CL:0000236"
"L12.B000971.3_39_F.1.1","B000971","B cell","CL:0000236"
"M17.B000971.3_39_F.1.1","B000971","B cell","CL:0000236"
"O1.B000971.3_39_F.1.1","B000971","B cell","CL:0000236"
"P3.B000971.3_39_F.1.1","B000971","B cell","CL:0000236"
"G8.B000971.3_39_F.1.1","B000971","B cell","CL:0000236"
"H14.B000971.3_39_F.1.1","B000971","B cell","CL:0000236"
"M18.B000971.3_39_F.1.1","B000971","B cell","CL:0000236"
"O2.B000971.3_39_F.1.1","B000971","T cell","CL:0000084"
"P4.B000971.3_39_F.1.1","B000971","B cell","CL:0000236"
"I21.B000971.3_39_F.1.1","B000971","T cell","CL:0000084"
"K6.B000971.3_39_F.1.1","B000971","B cell","CL:0000236"
"L14.B000971.3_39_F.1.1","B000971","B cell","CL:0000236"
"M19.B000971.3_39_F.1.1","B000971","B cell","CL:0000236"
"O3.B000971.3_39_F.1.1","B000971","B cell","CL:0000236"
"P5.B000971.3_39_F.1.1","B000971","B cell","CL:0000236"
"G9.B000971.3_39_F.1.1","B000971","B cell","CL:0000236"
"H16.B000971.3_39_F.1.1","B000971","B cell","CL:0000236"
"I22.B000971.3_39_F.1.1","B000971","B cell","CL:0000236"
"K7.B000971.3_39_F.1.1","B000971","B cell","CL:0000236"
"L15.B000971.3_39_F.1.1","B000971","T cell","CL:0000084"
"O4.B000971.3_39_F.1.1","B000971","B cell","CL:0000236"
"P6.B000971.3_39_F.1.1","B000971","B cell","CL:0000236"
"G10.B000971.3_39_F.1.1","B000971","B cell","CL:0000236"
"G11.B000971.3_39_F.1.1","B000971","B cell","CL:0000236"
"H18.B000971.3_39_F.1.1","B000971","B cell","CL:0000236"
"H17.B000971.3_39_F.1.1","B000971","T cell","CL:0000084"
"J1.B000971.3_39_F.1.1","B000971","T cell","CL:0000084"
"K8.B000971.3_39_F.1.1","B000971","B cell","CL:0000236"
"L16.B000971.3_39_F.1.1","B000971","B cell","CL:0000236"
"M20.B000971.3_39_F.1.1","B000971","B cell","CL:0000236"
"J2.B000971.3_39_F.1.1","B000971","B cell","CL:0000236"
"K9.B000971.3_39_F.1.1","B000971","T cell","CL:0000084"
"L17.B000971.3_39_F.1.1","B000971","B cell","CL:0000236"
"M21.B000971.3_39_F.1.1","B000971","B cell","CL:0000236"
"O5.B000971.3_39_F.1.1","B000971","B cell","CL:0000236"
"P7.B000971.3_39_F.1.1","B000971","B cell","CL:0000236"
"A5.B001750.3_38_F.1.1","B001750","B cell","CL:0000236"
"A7.B001750.3_38_F.1.1","B001750","B cell","CL:0000236"
"A6.B001750.3_38_F.1.1","B001750","B cell","CL:0000236"
"A8.B001750.3_38_F.1.1","B001750","B cell","CL:0000236"
"A9.B001750.3_38_F.1.1","B001750","B cell","CL:0000236"
"A10.B001750.3_38_F.1.1","B001750","B cell","CL:0000236"
"A11.B001750.3_38_F.1.1","B001750","T cell","CL:0000084"
"A1.B001750.3_38_F.1.1","B001750","myeloid cell","CL:0000763"
"A2.B001750.3_38_F.1.1","B001750","B cell","CL:0000236"
"A3.B001750.3_38_F.1.1","B001750","B cell","CL:0000236"
"B6.B001750.3_38_F.1.1","B001750","B cell","CL:0000236"
"C8.B001750.3_38_F.1.1","B001750","B cell","CL:0000236"
"D10.B001750.3_38_F.1.1","B001750","B cell","CL:0000236"
"E21.B001750.3_38_F.1.1","B001750","B cell","CL:0000236"
"G6.B001750.3_38_F.1.1","B001750","B cell","CL:0000236"
"H11.B001750.3_38_F.1.1","B001750","B cell","CL:0000236"
"I19.B001750.3_38_F.1.1","B001750","B cell","CL:0000236"
"K7.B001750.3_38_F.1.1","B001750","T cell","CL:0000084"
"L11.B001750.3_38_F.1.1","B001750","B cell","CL:0000236"
"M17.B001750.3_38_F.1.1","B001750","B cell","CL:0000236"
"N19.B001750.3_38_F.1.1","B001750","B cell","CL:0000236"
"F1.B001750.3_38_F.1.1","B001750","B cell","CL:0000236"
"G7.B001750.3_38_F.1.1","B001750","T cell","CL:0000084"
"H12.B001750.3_38_F.1.1","B001750","B cell","CL:0000236"
"I20.B001750.3_38_F.1.1","B001750","T cell","CL:0000084"
"K8.B001750.3_38_F.1.1","B001750","T cell","CL:0000084"
"L12.B001750.3_38_F.1.1","B001750","B cell","CL:0000236"
"M18.B001750.3_38_F.1.1","B001750","B cell","CL:0000236"
"N20.B001750.3_38_F.1.1","B001750","B cell","CL:0000236"
"P3.B001750.3_38_F.1.1","B001750","B cell","CL:0000236"
"P2.B001750.3_38_F.1.1","B001750","B cell","CL:0000236"
"B7.B001750.3_38_F.1.1","B001750","myeloid cell","CL:0000763"
"C9.B001750.3_38_F.1.1","B001750","T cell","CL:0000084"
"D12.B001750.3_38_F.1.1","B001750","T cell","CL:0000084"
"B8.B001750.3_38_F.1.1","B001750","T cell","CL:0000084"
"M19.B001750.3_38_F.1.1","B001750","B cell","CL:0000236"
"N21.B001750.3_38_F.1.1","B001750","T cell","CL:0000084"
"P4.B001750.3_38_F.1.1","B001750","B cell","CL:0000236"
"B9.B001750.3_38_F.1.1","B001750","B cell","CL:0000236"
"C11.B001750.3_38_F.1.1","B001750","B cell","CL:0000236"
"D16.B001750.3_38_F.1.1","B001750","B cell","CL:0000236"
"C10.B001750.3_38_F.1.1","B001750","B cell","CL:0000236"
"F3.B001750.3_38_F.1.1","B001750","myeloid cell","CL:0000763"
"G9.B001750.3_38_F.1.1","B001750","T cell","CL:0000084"
"H14.B001750.3_38_F.1.1","B001750","B cell","CL:0000236"
"D13.B001750.3_38_F.1.1","B001750","B cell","CL:0000236"
"F2.B001750.3_38_F.1.1","B001750","B cell","CL:0000236"
"G8.B001750.3_38_F.1.1","B001750","B cell","CL:0000236"
"H13.B001750.3_38_F.1.1","B001750","B cell","CL:0000236"
"J1.B001750.3_38_F.1.1","B001750","B cell","CL:0000236"
"K9.B001750.3_38_F.1.1","B001750","B cell","CL:0000236"
"L14.B001750.3_38_F.1.1","B001750","B cell","CL:0000236"
"J2.B001750.3_38_F.1.1","B001750","B cell","CL:0000236"
"B10.B001750.3_38_F.1.1","B001750","B cell","CL:0000236"
"C12.B001750.3_38_F.1.1","B001750","T cell","CL:0000084"
"D17.B001750.3_38_F.1.1","B001750","B cell","CL:0000236"
"F4.B001750.3_38_F.1.1","B001750","B cell","CL:0000236"
"G10.B001750.3_38_F.1.1","B001750","T cell","CL:0000084"
"H15.B001750.3_38_F.1.1","B001750","B cell","CL:0000236"
"K10.B001750.3_38_F.1.1","B001750","B cell","CL:0000236"
"J3.B001750.3_38_F.1.1","B001750","T cell","CL:0000084"
"K11.B001750.3_38_F.1.1","B001750","T cell","CL:0000084"
"L16.B001750.3_38_F.1.1","B001750","B cell","CL:0000236"
"L15.B001750.3_38_F.1.1","B001750","T cell","CL:0000084"
"M20.B001750.3_38_F.1.1","B001750","B cell","CL:0000236"
"N22.B001750.3_38_F.1.1","B001750","B cell","CL:0000236"
"P5.B001750.3_38_F.1.1","B001750","B cell","CL:0000236"
"M21.B001750.3_38_F.1.1","B001750","T cell","CL:0000084"
"B11.B001750.3_38_F.1.1","B001750","B cell","CL:0000236"
"C13.B001750.3_38_F.1.1","B001750","T cell","CL:0000084"
"D18.B001750.3_38_F.1.1","B001750","B cell","CL:0000236"
"F5.B001750.3_38_F.1.1","B001750","B cell","CL:0000236"
"G11.B001750.3_38_F.1.1","B001750","B cell","CL:0000236"
"H16.B001750.3_38_F.1.1","B001750","B cell","CL:0000236"
"O1.B001750.3_38_F.1.1","B001750","B cell","CL:0000236"
"J4.B001750.3_38_F.1.1","B001750","B cell","CL:0000236"
"K12.B001750.3_38_F.1.1","B001750","B cell","CL:0000236"
"P6.B001750.3_38_F.1.1","B001750","B cell","CL:0000236"
"L17.B001750.3_38_F.1.1","B001750","B cell","CL:0000236"
"C14.B001750.3_38_F.1.1","B001750","B cell","CL:0000236"
"D19.B001750.3_38_F.1.1","B001750","B cell","CL:0000236"
"F6.B001750.3_38_F.1.1","B001750","B cell","CL:0000236"
"G12.B001750.3_38_F.1.1","B001750","T cell","CL:0000084"
"H17.B001750.3_38_F.1.1","B001750","B cell","CL:0000236"
"J6.B001750.3_38_F.1.1","B001750","B cell","CL:0000236"
"K13.B001750.3_38_F.1.1","B001750","T cell","CL:0000084"
"M22.B001750.3_38_F.1.1","B001750","B cell","CL:0000236"
"L18.B001750.3_38_F.1.1","B001750","T cell","CL:0000084"
"N1.B001750.3_38_F.1.1","B001750","B cell","CL:0000236"
"O3.B001750.3_38_F.1.1","B001750","B cell","CL:0000236"
"O2.B001750.3_38_F.1.1","B001750","T cell","CL:0000084"
"P7.B001750.3_38_F.1.1","B001750","B cell","CL:0000236"
"B12.B001750.3_38_F.1.1","B001750","T cell","CL:0000084"
"P8.B001750.3_38_F.1.1","B001750","B cell","CL:0000236"
"F7.B001750.3_38_F.1.1","B001750","T cell","CL:0000084"
"G13.B001750.3_38_F.1.1","B001750","B cell","CL:0000236"
"H18.B001750.3_38_F.1.1","B001750","B cell","CL:0000236"
"J7.B001750.3_38_F.1.1","B001750","T cell","CL:0000084"
"K14.B001750.3_38_F.1.1","B001750","T cell","CL:0000084"
"L19.B001750.3_38_F.1.1","B001750","B cell","CL:0000236"
"N2.B001750.3_38_F.1.1","B001750","T cell","CL:0000084"
"O4.B001750.3_38_F.1.1","B001750","B cell","CL:0000236"
"P9.B001750.3_38_F.1.1","B001750","B cell","CL:0000236"
"B13.B001750.3_38_F.1.1","B001750","T cell","CL:0000084"
"C15.B001750.3_38_F.1.1","B001750","T cell","CL:0000084"
"D20.B001750.3_38_F.1.1","B001750","B cell","CL:0000236"
"J8.B001750.3_38_F.1.1","B001750","B cell","CL:0000236"
"K15.B001750.3_38_F.1.1","B001750","B cell","CL:0000236"
"L20.B001750.3_38_F.1.1","B001750","T cell","CL:0000084"
"N3.B001750.3_38_F.1.1","B001750","B cell","CL:0000236"
"O6.B001750.3_38_F.1.1","B001750","B cell","CL:0000236"
"P10.B001750.3_38_F.1.1","B001750","B cell","CL:0000236"
"B14.B001750.3_38_F.1.1","B001750","B cell","CL:0000236"
"A13.B001750.3_38_F.1.1","B001750","B cell","CL:0000236"
"B15.B001750.3_38_F.1.1","B001750","B cell","CL:0000236"
"C16.B001750.3_38_F.1.1","B001750","B cell","CL:0000236"
"D21.B001750.3_38_F.1.1","B001750","T cell","CL:0000084"
"G14.B001750.3_38_F.1.1","B001750","B cell","CL:0000236"
"H19.B001750.3_38_F.1.1","B001750","B cell","CL:0000236"
"C17.B001750.3_38_F.1.1","B001750","B cell","CL:0000236"
"K16.B001750.3_38_F.1.1","B001750","B cell","CL:0000236"
"M2.B001750.3_38_F.1.1","B001750","B cell","CL:0000236"
"N4.B001750.3_38_F.1.1","B001750","B cell","CL:0000236"
"O7.B001750.3_38_F.1.1","B001750","B cell","CL:0000236"
"P11.B001750.3_38_F.1.1","B001750","B cell","CL:0000236"
"D22.B001750.3_38_F.1.1","B001750","B cell","CL:0000236"
"A14.B001750.3_38_F.1.1","B001750","T cell","CL:0000084"
"G15.B001750.3_38_F.1.1","B001750","B cell","CL:0000236"
"H20.B001750.3_38_F.1.1","B001750","B cell","CL:0000236"
"J9.B001750.3_38_F.1.1","B001750","B cell","CL:0000236"
"B16.B001750.3_38_F.1.1","B001750","B cell","CL:0000236"
"M3.B001750.3_38_F.1.1","B001750","B cell","CL:0000236"
"N5.B001750.3_38_F.1.1","B001750","T cell","CL:0000084"
"O8.B001750.3_38_F.1.1","B001750","B cell","CL:0000236"
"P12.B001750.3_38_F.1.1","B001750","myeloid cell","CL:0000763"
"A15.B001750.3_38_F.1.1","B001750","B cell","CL:0000236"
"C18.B001750.3_38_F.1.1","B001750","B cell","CL:0000236"
"B17.B001750.3_38_F.1.1","B001750","B cell","CL:0000236"
"C19.B001750.3_38_F.1.1","B001750","B cell","CL:0000236"
"E1.B001750.3_38_F.1.1","B001750","B cell","CL:0000236"
"G16.B001750.3_38_F.1.1","B001750","B cell","CL:0000236"
"H22.B001750.3_38_F.1.1","B001750","T cell","CL:0000084"
"J10.B001750.3_38_F.1.1","B001750","B cell","CL:0000236"
"K18.B001750.3_38_F.1.1","B001750","T cell","CL:0000084"
"E2.B001750.3_38_F.1.1","B001750","B cell","CL:0000236"
"N6.B001750.3_38_F.1.1","B001750","B cell","CL:0000236"
"O9.B001750.3_38_F.1.1","B001750","B cell","CL:0000236"
"P13.B001750.3_38_F.1.1","B001750","B cell","CL:0000236"
"A16.B001750.3_38_F.1.1","B001750","T cell","CL:0000084"
"B18.B001750.3_38_F.1.1","B001750","T cell","CL:0000084"
"C20.B001750.3_38_F.1.1","B001750","B cell","CL:0000236"
"F11.B001750.3_38_F.1.1","B001750","T cell","CL:0000084"
"E3.B001750.3_38_F.1.1","B001750","B cell","CL:0000236"
"F12.B001750.3_38_F.1.1","B001750","B cell","CL:0000236"
"G17.B001750.3_38_F.1.1","B001750","B cell","CL:0000236"
"I1.B001750.3_38_F.1.1","B001750","myeloid cell","CL:0000763"
"J11.B001750.3_38_F.1.1","B001750","B cell","CL:0000236"
"K19.B001750.3_38_F.1.1","B001750","T cell","CL:0000084"
"M4.B001750.3_38_F.1.1","B001750","B cell","CL:0000236"
"G18.B001750.3_38_F.1.1","B001750","B cell","CL:0000236"
"A17.B001750.3_38_F.1.1","B001750","T cell","CL:0000084"
"B19.B001750.3_38_F.1.1","B001750","T cell","CL:0000084"
"C21.B001750.3_38_F.1.1","B001750","B cell","CL:0000236"
"E7.B001750.3_38_F.1.1","B001750","T cell","CL:0000084"
"F15.B001750.3_38_F.1.1","B001750","B cell","CL:0000236"
"G19.B001750.3_38_F.1.1","B001750","B cell","CL:0000236"
"I3.B001750.3_38_F.1.1","B001750","B cell","CL:0000236"
"I2.B001750.3_38_F.1.1","B001750","B cell","CL:0000236"
"J13.B001750.3_38_F.1.1","B001750","T cell","CL:0000084"
"J12.B001750.3_38_F.1.1","B001750","B cell","CL:0000236"
"K20.B001750.3_38_F.1.1","B001750","B cell","CL:0000236"
"M5.B001750.3_38_F.1.1","B001750","B cell","CL:0000236"
"N7.B001750.3_38_F.1.1","B001750","B cell","CL:0000236"
"O10.B001750.3_38_F.1.1","B001750","B cell","CL:0000236"
"P15.B001750.3_38_F.1.1","B001750","B cell","CL:0000236"
"A18.B001750.3_38_F.1.1","B001750","B cell","CL:0000236"
"B20.B001750.3_38_F.1.1","B001750","B cell","CL:0000236"
"C22.B001750.3_38_F.1.1","B001750","B cell","CL:0000236"
"E8.B001750.3_38_F.1.1","B001750","B cell","CL:0000236"
"F16.B001750.3_38_F.1.1","B001750","B cell","CL:0000236"
"G20.B001750.3_38_F.1.1","B001750","B cell","CL:0000236"
"I4.B001750.3_38_F.1.1","B001750","B cell","CL:0000236"
"J14.B001750.3_38_F.1.1","B001750","B cell","CL:0000236"
"L1.B001750.3_38_F.1.1","B001750","B cell","CL:0000236"
"M7.B001750.3_38_F.1.1","B001750","B cell","CL:0000236"
"K22.B001750.3_38_F.1.1","B001750","T cell","CL:0000084"
"N9.B001750.3_38_F.1.1","B001750","T cell","CL:0000084"
"O12.B001750.3_38_F.1.1","B001750","B cell","CL:0000236"
"P17.B001750.3_38_F.1.1","B001750","B cell","CL:0000236"
"M6.B001750.3_38_F.1.1","B001750","B cell","CL:0000236"
"N8.B001750.3_38_F.1.1","B001750","T cell","CL:0000084"
"O11.B001750.3_38_F.1.1","B001750","B cell","CL:0000236"
"P16.B001750.3_38_F.1.1","B001750","T cell","CL:0000084"
"I5.B001750.3_38_F.1.1","B001750","B cell","CL:0000236"
"J15.B001750.3_38_F.1.1","B001750","B cell","CL:0000236"
"L2.B001750.3_38_F.1.1","B001750","B cell","CL:0000236"
"M8.B001750.3_38_F.1.1","B001750","B cell","CL:0000236"
"N10.B001750.3_38_F.1.1","B001750","T cell","CL:0000084"
"O15.B001750.3_38_F.1.1","B001750","B cell","CL:0000236"
"P18.B001750.3_38_F.1.1","B001750","B cell","CL:0000236"
"A20.B001750.3_38_F.1.1","B001750","B cell","CL:0000236"
"B22.B001750.3_38_F.1.1","B001750","B cell","CL:0000236"
"D2.B001750.3_38_F.1.1","B001750","B cell","CL:0000236"
"A19.B001750.3_38_F.1.1","B001750","B cell","CL:0000236"
"B21.B001750.3_38_F.1.1","B001750","T cell","CL:0000084"
"D1.B001750.3_38_F.1.1","B001750","B cell","CL:0000236"
"E9.B001750.3_38_F.1.1","B001750","T cell","CL:0000084"
"F17.B001750.3_38_F.1.1","B001750","B cell","CL:0000236"
"G22.B001750.3_38_F.1.1","B001750","B cell","CL:0000236"
"E11.B001750.3_38_F.1.1","B001750","B cell","CL:0000236"
"O16.B001750.3_38_F.1.1","B001750","B cell","CL:0000236"
"P19.B001750.3_38_F.1.1","B001750","B cell","CL:0000236"
"A21.B001750.3_38_F.1.1","B001750","T cell","CL:0000084"
"C1.B001750.3_38_F.1.1","B001750","T cell","CL:0000084"
"D3.B001750.3_38_F.1.1","B001750","B cell","CL:0000236"
"F19.B001750.3_38_F.1.1","B001750","B cell","CL:0000236"
"E13.B001750.3_38_F.1.1","B001750","T cell","CL:0000084"
"F20.B001750.3_38_F.1.1","B001750","B cell","CL:0000236"
"H2.B001750.3_38_F.1.1","B001750","B cell","CL:0000236"
"H1.B001750.3_38_F.1.1","B001750","B cell","CL:0000236"
"I8.B001750.3_38_F.1.1","B001750","T cell","CL:0000084"
"J18.B001750.3_38_F.1.1","B001750","B cell","CL:0000236"
"L3.B001750.3_38_F.1.1","B001750","B cell","CL:0000236"
"M9.B001750.3_38_F.1.1","B001750","B cell","CL:0000236"
"N11.B001750.3_38_F.1.1","B001750","B cell","CL:0000236"
"I11.B001750.3_38_F.1.1","B001750","T cell","CL:0000084"
"A22.B001750.3_38_F.1.1","B001750","T cell","CL:0000084"
"C2.B001750.3_38_F.1.1","B001750","T cell","CL:0000084"
"D4.B001750.3_38_F.1.1","B001750","T cell","CL:0000084"
"E14.B001750.3_38_F.1.1","B001750","B cell","CL:0000236"
"F21.B001750.3_38_F.1.1","B001750","B cell","CL:0000236"
"H3.B001750.3_38_F.1.1","B001750","B cell","CL:0000236"
"I12.B001750.3_38_F.1.1","B001750","T cell","CL:0000084"
"J20.B001750.3_38_F.1.1","B001750","B cell","CL:0000236"
"J19.B001750.3_38_F.1.1","B001750","B cell","CL:0000236"
"L5.B001750.3_38_F.1.1","B001750","B cell","CL:0000236"
"M11.B001750.3_38_F.1.1","B001750","B cell","CL:0000236"
"L4.B001750.3_38_F.1.1","B001750","B cell","CL:0000236"
"M10.B001750.3_38_F.1.1","B001750","B cell","CL:0000236"
"N12.B001750.3_38_F.1.1","B001750","T cell","CL:0000084"
"O17.B001750.3_38_F.1.1","B001750","B cell","CL:0000236"
"P20.B001750.3_38_F.1.1","B001750","B cell","CL:0000236"
"O18.B001750.3_38_F.1.1","B001750","B cell","CL:0000236"
"P21.B001750.3_38_F.1.1","B001750","B cell","CL:0000236"
"B1.B001750.3_38_F.1.1","B001750","T cell","CL:0000084"
"N13.B001750.3_38_F.1.1","B001750","T cell","CL:0000084"
"C3.B001750.3_38_F.1.1","B001750","B cell","CL:0000236"
"D5.B001750.3_38_F.1.1","B001750","B cell","CL:0000236"
"E16.B001750.3_38_F.1.1","B001750","T cell","CL:0000084"
"F22.B001750.3_38_F.1.1","B001750","B cell","CL:0000236"
"J22.B001750.3_38_F.1.1","B001750","T cell","CL:0000084"
"L6.B001750.3_38_F.1.1","B001750","T cell","CL:0000084"
"M12.B001750.3_38_F.1.1","B001750","B cell","CL:0000236"
"N14.B001750.3_38_F.1.1","B001750","B cell","CL:0000236"
"H6.B001750.3_38_F.1.1","B001750","T cell","CL:0000084"
"I13.B001750.3_38_F.1.1","B001750","B cell","CL:0000236"
"O19.B001750.3_38_F.1.1","B001750","B cell","CL:0000236"
"B2.B001750.3_38_F.1.1","B001750","B cell","CL:0000236"
"C4.B001750.3_38_F.1.1","B001750","B cell","CL:0000236"
"D6.B001750.3_38_F.1.1","B001750","T cell","CL:0000084"
"E17.B001750.3_38_F.1.1","B001750","B cell","CL:0000236"
"H7.B001750.3_38_F.1.1","B001750","B cell","CL:0000236"
"I15.B001750.3_38_F.1.1","B001750","T cell","CL:0000084"
"K1.B001750.3_38_F.1.1","B001750","B cell","CL:0000236"
"L7.B001750.3_38_F.1.1","B001750","B cell","CL:0000236"
"G1.B001750.3_38_F.1.1","B001750","B cell","CL:0000236"
"M13.B001750.3_38_F.1.1","B001750","B cell","CL:0000236"
"N15.B001750.3_38_F.1.1","B001750","B cell","CL:0000236"
"O20.B001750.3_38_F.1.1","B001750","B cell","CL:0000236"
"E18.B001750.3_38_F.1.1","B001750","B cell","CL:0000236"
"G2.B001750.3_38_F.1.1","B001750","B cell","CL:0000236"
"H8.B001750.3_38_F.1.1","B001750","T cell","CL:0000084"
"I16.B001750.3_38_F.1.1","B001750","B cell","CL:0000236"
"K2.B001750.3_38_F.1.1","B001750","B cell","CL:0000236"
"L8.B001750.3_38_F.1.1","B001750","B cell","CL:0000236"
"B3.B001750.3_38_F.1.1","B001750","T cell","CL:0000084"
"C5.B001750.3_38_F.1.1","B001750","T cell","CL:0000084"
"D7.B001750.3_38_F.1.1","B001750","T cell","CL:0000084"
"M14.B001750.3_38_F.1.1","B001750","B cell","CL:0000236"
"O21.B001750.3_38_F.1.1","B001750","B cell","CL:0000236"
"N16.B001750.3_38_F.1.1","B001750","T cell","CL:0000084"
"B4.B001750.3_38_F.1.1","B001750","T cell","CL:0000084"
"E19.B001750.3_38_F.1.1","B001750","T cell","CL:0000084"
"G3.B001750.3_38_F.1.1","B001750","B cell","CL:0000236"
"H9.B001750.3_38_F.1.1","B001750","B cell","CL:0000236"
"I17.B001750.3_38_F.1.1","B001750","B cell","CL:0000236"
"K3.B001750.3_38_F.1.1","B001750","B cell","CL:0000236"
"L9.B001750.3_38_F.1.1","B001750","B cell","CL:0000236"
"C6.B001750.3_38_F.1.1","B001750","B cell","CL:0000236"
"M15.B001750.3_38_F.1.1","B001750","T cell","CL:0000084"
"N17.B001750.3_38_F.1.1","B001750","B cell","CL:0000236"
"D8.B001750.3_38_F.1.1","B001750","T cell","CL:0000084"
"O22.B001750.3_38_F.1.1","B001750","T cell","CL:0000084"
"B5.B001750.3_38_F.1.1","B001750","B cell","CL:0000236"
"C7.B001750.3_38_F.1.1","B001750","B cell","CL:0000236"
"D9.B001750.3_38_F.1.1","B001750","B cell","CL:0000236"
"E20.B001750.3_38_F.1.1","B001750","T cell","CL:0000084"
"G4.B001750.3_38_F.1.1","B001750","B cell","CL:0000236"
"H10.B001750.3_38_F.1.1","B001750","B cell","CL:0000236"
"I18.B001750.3_38_F.1.1","B001750","B cell","CL:0000236"
"K4.B001750.3_38_F.1.1","B001750","B cell","CL:0000236"
"L10.B001750.3_38_F.1.1","B001750","T cell","CL:0000084"
"M16.B001750.3_38_F.1.1","B001750","T cell","CL:0000084"
"N18.B001750.3_38_F.1.1","B001750","T cell","CL:0000084"
"P1.B001750.3_38_F.1.1","B001750","myeloid cell","CL:0000763"
"A21.MAA000508.3_9_M.1.1","MAA000508","B cell","CL:0000236"
"C6.MAA000508.3_9_M.1.1","MAA000508","B cell","CL:0000236"
"A22.MAA000508.3_9_M.1.1","MAA000508","T cell","CL:0000084"
"C8.MAA000508.3_9_M.1.1","MAA000508","B cell","CL:0000236"
"E8.MAA000508.3_9_M.1.1","MAA000508","B cell","CL:0000236"
"E6.MAA000508.3_9_M.1.1","MAA000508","B cell","CL:0000236"
"B1.MAA000508.3_9_M.1.1","MAA000508","B cell","CL:0000236"
"C9.MAA000508.3_9_M.1.1","MAA000508","myeloid cell","CL:0000763"
"E12.MAA000508.3_9_M.1.1","MAA000508","myeloid cell","CL:0000763"
"B2.MAA000508.3_9_M.1.1","MAA000508","B cell","CL:0000236"
"C18.MAA000508.3_9_M.1.1","MAA000508","B cell","CL:0000236"
"E22.MAA000508.3_9_M.1.1","MAA000508","B cell","CL:0000236"
"A1.MAA000508.3_9_M.1.1","MAA000508","B cell","CL:0000236"
"B3.MAA000508.3_9_M.1.1","MAA000508","B cell","CL:0000236"
"C19.MAA000508.3_9_M.1.1","MAA000508","B cell","CL:0000236"
"F1.MAA000508.3_9_M.1.1","MAA000508","B cell","CL:0000236"
"A2.MAA000508.3_9_M.1.1","MAA000508","B cell","CL:0000236"
"B4.MAA000508.3_9_M.1.1","MAA000508","B cell","CL:0000236"
"C22.MAA000508.3_9_M.1.1","MAA000508","B cell","CL:0000236"
"F2.MAA000508.3_9_M.1.1","MAA000508","B cell","CL:0000236"
"A3.MAA000508.3_9_M.1.1","MAA000508","B cell","CL:0000236"
"B5.MAA000508.3_9_M.1.1","MAA000508","B cell","CL:0000236"
"D1.MAA000508.3_9_M.1.1","MAA000508","B cell","CL:0000236"
"F3.MAA000508.3_9_M.1.1","MAA000508","B cell","CL:0000236"
"A4.MAA000508.3_9_M.1.1","MAA000508","B cell","CL:0000236"
"B6.MAA000508.3_9_M.1.1","MAA000508","B cell","CL:0000236"
"D2.MAA000508.3_9_M.1.1","MAA000508","B cell","CL:0000236"
"F4.MAA000508.3_9_M.1.1","MAA000508","B cell","CL:0000236"
"B7.MAA000508.3_9_M.1.1","MAA000508","T cell","CL:0000084"
"D3.MAA000508.3_9_M.1.1","MAA000508","B cell","CL:0000236"
"F7.MAA000508.3_9_M.1.1","MAA000508","B cell","CL:0000236"
"A5.MAA000508.3_9_M.1.1","MAA000508","B cell","CL:0000236"
"A6.MAA000508.3_9_M.1.1","MAA000508","B cell","CL:0000236"
"B8.MAA000508.3_9_M.1.1","MAA000508","B cell","CL:0000236"
"D4.MAA000508.3_9_M.1.1","MAA000508","T cell","CL:0000084"
"F12.MAA000508.3_9_M.1.1","MAA000508","B cell","CL:0000236"
"A7.MAA000508.3_9_M.1.1","MAA000508","B cell","CL:0000236"
"B10.MAA000508.3_9_M.1.1","MAA000508","B cell","CL:0000236"
"D5.MAA000508.3_9_M.1.1","MAA000508","B cell","CL:0000236"
"F21.MAA000508.3_9_M.1.1","MAA000508","T cell","CL:0000084"
"A8.MAA000508.3_9_M.1.1","MAA000508","B cell","CL:0000236"
"B12.MAA000508.3_9_M.1.1","MAA000508","B cell","CL:0000236"
"D7.MAA000508.3_9_M.1.1","MAA000508","B cell","CL:0000236"
"G1.MAA000508.3_9_M.1.1","MAA000508","B cell","CL:0000236"
"A10.MAA000508.3_9_M.1.1","MAA000508","B cell","CL:0000236"
"A9.MAA000508.3_9_M.1.1","MAA000508","myeloid cell","CL:0000763"
"B13.MAA000508.3_9_M.1.1","MAA000508","B cell","CL:0000236"
"D10.MAA000508.3_9_M.1.1","MAA000508","T cell","CL:0000084"
"G2.MAA000508.3_9_M.1.1","MAA000508","B cell","CL:0000236"
"B15.MAA000508.3_9_M.1.1","MAA000508","B cell","CL:0000236"
"D16.MAA000508.3_9_M.1.1","MAA000508","B cell","CL:0000236"
"G3.MAA000508.3_9_M.1.1","MAA000508","B cell","CL:0000236"
"A11.MAA000508.3_9_M.1.1","MAA000508","B cell","CL:0000236"
"B18.MAA000508.3_9_M.1.1","MAA000508","B cell","CL:0000236"
"D18.MAA000508.3_9_M.1.1","MAA000508","B cell","CL:0000236"
"G4.MAA000508.3_9_M.1.1","MAA000508","T cell","CL:0000084"
"A12.MAA000508.3_9_M.1.1","MAA000508","T cell","CL:0000084"
"B19.MAA000508.3_9_M.1.1","MAA000508","B cell","CL:0000236"
"D19.MAA000508.3_9_M.1.1","MAA000508","B cell","CL:0000236"
"A13.MAA000508.3_9_M.1.1","MAA000508","B cell","CL:0000236"
"B20.MAA000508.3_9_M.1.1","MAA000508","B cell","CL:0000236"
"D20.MAA000508.3_9_M.1.1","MAA000508","B cell","CL:0000236"
"A14.MAA000508.3_9_M.1.1","MAA000508","T cell","CL:0000084"
"B21.MAA000508.3_9_M.1.1","MAA000508","T cell","CL:0000084"
"D21.MAA000508.3_9_M.1.1","MAA000508","B cell","CL:0000236"
"A15.MAA000508.3_9_M.1.1","MAA000508","B cell","CL:0000236"
"A16.MAA000508.3_9_M.1.1","MAA000508","B cell","CL:0000236"
"C1.MAA000508.3_9_M.1.1","MAA000508","B cell","CL:0000236"
"E1.MAA000508.3_9_M.1.1","MAA000508","T cell","CL:0000084"
"B22.MAA000508.3_9_M.1.1","MAA000508","B cell","CL:0000236"
"D22.MAA000508.3_9_M.1.1","MAA000508","B cell","CL:0000236"
"A17.MAA000508.3_9_M.1.1","MAA000508","B cell","CL:0000236"
"C2.MAA000508.3_9_M.1.1","MAA000508","B cell","CL:0000236"
"E2.MAA000508.3_9_M.1.1","MAA000508","B cell","CL:0000236"
"A18.MAA000508.3_9_M.1.1","MAA000508","T cell","CL:0000084"
"C3.MAA000508.3_9_M.1.1","MAA000508","B cell","CL:0000236"
"E3.MAA000508.3_9_M.1.1","MAA000508","T cell","CL:0000084"
"A19.MAA000508.3_9_M.1.1","MAA000508","B cell","CL:0000236"
"C4.MAA000508.3_9_M.1.1","MAA000508","B cell","CL:0000236"
"E4.MAA000508.3_9_M.1.1","MAA000508","T cell","CL:0000084"
"I10.MAA000508.3_9_M.1.1","MAA000508","B cell","CL:0000236"
"A20.MAA000508.3_9_M.1.1","MAA000508","T cell","CL:0000084"
"C5.MAA000508.3_9_M.1.1","MAA000508","T cell","CL:0000084"
"E5.MAA000508.3_9_M.1.1","MAA000508","T cell","CL:0000084"
"L4.MAA000508.3_9_M.1.1","MAA000508","T cell","CL:0000084"
"O3.MAA000508.3_9_M.1.1","MAA000508","B cell","CL:0000236"
"P8.MAA000508.3_9_M.1.1","MAA000508","T cell","CL:0000084"
"M16.MAA000508.3_9_M.1.1","MAA000508","B cell","CL:0000236"
"L5.MAA000508.3_9_M.1.1","MAA000508","T cell","CL:0000084"
"M17.MAA000508.3_9_M.1.1","MAA000508","B cell","CL:0000236"
"O5.MAA000508.3_9_M.1.1","MAA000508","T cell","CL:0000084"
"P9.MAA000508.3_9_M.1.1","MAA000508","T cell","CL:0000084"
"I12.MAA000508.3_9_M.1.1","MAA000508","B cell","CL:0000236"
"P10.MAA000508.3_9_M.1.1","MAA000508","B cell","CL:0000236"
"I18.MAA000508.3_9_M.1.1","MAA000508","B cell","CL:0000236"
"L6.MAA000508.3_9_M.1.1","MAA000508","B cell","CL:0000236"
"M18.MAA000508.3_9_M.1.1","MAA000508","B cell","CL:0000236"
"O6.MAA000508.3_9_M.1.1","MAA000508","B cell","CL:0000236"
"P11.MAA000508.3_9_M.1.1","MAA000508","B cell","CL:0000236"
"I20.MAA000508.3_9_M.1.1","MAA000508","B cell","CL:0000236"
"L7.MAA000508.3_9_M.1.1","MAA000508","B cell","CL:0000236"
"M20.MAA000508.3_9_M.1.1","MAA000508","B cell","CL:0000236"
"O8.MAA000508.3_9_M.1.1","MAA000508","B cell","CL:0000236"
"J1.MAA000508.3_9_M.1.1","MAA000508","B cell","CL:0000236"
"L11.MAA000508.3_9_M.1.1","MAA000508","B cell","CL:0000236"
"M21.MAA000508.3_9_M.1.1","MAA000508","T cell","CL:0000084"
"O9.MAA000508.3_9_M.1.1","MAA000508","T cell","CL:0000084"
"P12.MAA000508.3_9_M.1.1","MAA000508","B cell","CL:0000236"
"J3.MAA000508.3_9_M.1.1","MAA000508","B cell","CL:0000236"
"L14.MAA000508.3_9_M.1.1","MAA000508","T cell","CL:0000084"
"J2.MAA000508.3_9_M.1.1","MAA000508","B cell","CL:0000236"
"L12.MAA000508.3_9_M.1.1","MAA000508","myeloid cell","CL:0000763"
"M22.MAA000508.3_9_M.1.1","MAA000508","B cell","CL:0000236"
"O10.MAA000508.3_9_M.1.1","MAA000508","B cell","CL:0000236"
"P13.MAA000508.3_9_M.1.1","MAA000508","B cell","CL:0000236"
"N1.MAA000508.3_9_M.1.1","MAA000508","B cell","CL:0000236"
"J4.MAA000508.3_9_M.1.1","MAA000508","B cell","CL:0000236"
"L18.MAA000508.3_9_M.1.1","MAA000508","B cell","CL:0000236"
"N2.MAA000508.3_9_M.1.1","MAA000508","T cell","CL:0000084"
"O12.MAA000508.3_9_M.1.1","MAA000508","B cell","CL:0000236"
"O11.MAA000508.3_9_M.1.1","MAA000508","B cell","CL:0000236"
"P15.MAA000508.3_9_M.1.1","MAA000508","B cell","CL:0000236"
"P14.MAA000508.3_9_M.1.1","MAA000508","B cell","CL:0000236"
"J5.MAA000508.3_9_M.1.1","MAA000508","B cell","CL:0000236"
"L19.MAA000508.3_9_M.1.1","MAA000508","B cell","CL:0000236"
"N4.MAA000508.3_9_M.1.1","MAA000508","B cell","CL:0000236"
"O13.MAA000508.3_9_M.1.1","MAA000508","T cell","CL:0000084"
"P16.MAA000508.3_9_M.1.1","MAA000508","B cell","CL:0000236"
"O14.MAA000508.3_9_M.1.1","MAA000508","B cell","CL:0000236"
"P17.MAA000508.3_9_M.1.1","MAA000508","B cell","CL:0000236"
"J12.MAA000508.3_9_M.1.1","MAA000508","B cell","CL:0000236"
"L20.MAA000508.3_9_M.1.1","MAA000508","B cell","CL:0000236"
"N5.MAA000508.3_9_M.1.1","MAA000508","T cell","CL:0000084"
"J14.MAA000508.3_9_M.1.1","MAA000508","B cell","CL:0000236"
"L21.MAA000508.3_9_M.1.1","MAA000508","T cell","CL:0000084"
"N6.MAA000508.3_9_M.1.1","MAA000508","B cell","CL:0000236"
"O15.MAA000508.3_9_M.1.1","MAA000508","B cell","CL:0000236"
"P18.MAA000508.3_9_M.1.1","MAA000508","B cell","CL:0000236"
"M1.MAA000508.3_9_M.1.1","MAA000508","myeloid cell","CL:0000763"
"N7.MAA000508.3_9_M.1.1","MAA000508","B cell","CL:0000236"
"J20.MAA000508.3_9_M.1.1","MAA000508","B cell","CL:0000236"
"O16.MAA000508.3_9_M.1.1","MAA000508","B cell","CL:0000236"
"P19.MAA000508.3_9_M.1.1","MAA000508","B cell","CL:0000236"
"J22.MAA000508.3_9_M.1.1","MAA000508","B cell","CL:0000236"
"M2.MAA000508.3_9_M.1.1","MAA000508","T cell","CL:0000084"
"N8.MAA000508.3_9_M.1.1","MAA000508","B cell","CL:0000236"
"O17.MAA000508.3_9_M.1.1","MAA000508","T cell","CL:0000084"
"P20.MAA000508.3_9_M.1.1","MAA000508","B cell","CL:0000236"
"O18.MAA000508.3_9_M.1.1","MAA000508","B cell","CL:0000236"
"P21.MAA000508.3_9_M.1.1","MAA000508","myeloid cell","CL:0000763"
"K2.MAA000508.3_9_M.1.1","MAA000508","B cell","CL:0000236"
"M3.MAA000508.3_9_M.1.1","MAA000508","B cell","CL:0000236"
"N9.MAA000508.3_9_M.1.1","MAA000508","B cell","CL:0000236"
"K3.MAA000508.3_9_M.1.1","MAA000508","B cell","CL:0000236"
"M4.MAA000508.3_9_M.1.1","MAA000508","T cell","CL:0000084"
"N11.MAA000508.3_9_M.1.1","MAA000508","T cell","CL:0000084"
"O19.MAA000508.3_9_M.1.1","MAA000508","B cell","CL:0000236"
"P22.MAA000508.3_9_M.1.1","MAA000508","B cell","CL:0000236"
"K4.MAA000508.3_9_M.1.1","MAA000508","B cell","CL:0000236"
"M5.MAA000508.3_9_M.1.1","MAA000508","B cell","CL:0000236"
"N12.MAA000508.3_9_M.1.1","MAA000508","B cell","CL:0000236"
"O20.MAA000508.3_9_M.1.1","MAA000508","B cell","CL:0000236"
"G18.MAA000508.3_9_M.1.1","MAA000508","T cell","CL:0000084"
"K5.MAA000508.3_9_M.1.1","MAA000508","B cell","CL:0000236"
"M6.MAA000508.3_9_M.1.1","MAA000508","B cell","CL:0000236"
"N14.MAA000508.3_9_M.1.1","MAA000508","B cell","CL:0000236"
"O21.MAA000508.3_9_M.1.1","MAA000508","B cell","CL:0000236"
"H1.MAA000508.3_9_M.1.1","MAA000508","B cell","CL:0000236"
"K7.MAA000508.3_9_M.1.1","MAA000508","B cell","CL:0000236"
"M7.MAA000508.3_9_M.1.1","MAA000508","B cell","CL:0000236"
"N16.MAA000508.3_9_M.1.1","MAA000508","B cell","CL:0000236"
"O22.MAA000508.3_9_M.1.1","MAA000508","B cell","CL:0000236"
"H3.MAA000508.3_9_M.1.1","MAA000508","B cell","CL:0000236"
"K9.MAA000508.3_9_M.1.1","MAA000508","B cell","CL:0000236"
"M8.MAA000508.3_9_M.1.1","MAA000508","T cell","CL:0000084"
"N18.MAA000508.3_9_M.1.1","MAA000508","B cell","CL:0000236"
"P1.MAA000508.3_9_M.1.1","MAA000508","T cell","CL:0000084"
"H10.MAA000508.3_9_M.1.1","MAA000508","B cell","CL:0000236"
"K19.MAA000508.3_9_M.1.1","MAA000508","B cell","CL:0000236"
"M9.MAA000508.3_9_M.1.1","MAA000508","B cell","CL:0000236"
"N19.MAA000508.3_9_M.1.1","MAA000508","B cell","CL:0000236"
"P2.MAA000508.3_9_M.1.1","MAA000508","B cell","CL:0000236"
"H21.MAA000508.3_9_M.1.1","MAA000508","B cell","CL:0000236"
"K21.MAA000508.3_9_M.1.1","MAA000508","B cell","CL:0000236"
"M10.MAA000508.3_9_M.1.1","MAA000508","T cell","CL:0000084"
"N20.MAA000508.3_9_M.1.1","MAA000508","T cell","CL:0000084"
"P3.MAA000508.3_9_M.1.1","MAA000508","T cell","CL:0000084"
"I1.MAA000508.3_9_M.1.1","MAA000508","myeloid cell","CL:0000763"
"K22.MAA000508.3_9_M.1.1","MAA000508","B cell","CL:0000236"
"M11.MAA000508.3_9_M.1.1","MAA000508","T cell","CL:0000084"
"N21.MAA000508.3_9_M.1.1","MAA000508","B cell","CL:0000236"
"P4.MAA000508.3_9_M.1.1","MAA000508","B cell","CL:0000236"
"I2.MAA000508.3_9_M.1.1","MAA000508","T cell","CL:0000084"
"L2.MAA000508.3_9_M.1.1","MAA000508","B cell","CL:0000236"
"M12.MAA000508.3_9_M.1.1","MAA000508","T cell","CL:0000084"
"O1.MAA000508.3_9_M.1.1","MAA000508","B cell","CL:0000236"
"P5.MAA000508.3_9_M.1.1","MAA000508","B cell","CL:0000236"
"I3.MAA000508.3_9_M.1.1","MAA000508","B cell","CL:0000236"
"L3.MAA000508.3_9_M.1.1","MAA000508","B cell","CL:0000236"
"M13.MAA000508.3_9_M.1.1","MAA000508","T cell","CL:0000084"
"O2.MAA000508.3_9_M.1.1","MAA000508","B cell","CL:0000236"
"P6.MAA000508.3_9_M.1.1","MAA000508","B cell","CL:0000236"
"A4.MAA000559.3_8_M.1.1","MAA000559","T cell","CL:0000084"
"B10.MAA000559.3_8_M.1.1","MAA000559","B cell","CL:0000236"
"C13.MAA000559.3_8_M.1.1","MAA000559","T cell","CL:0000084"
"D17.MAA000559.3_8_M.1.1","MAA000559","T cell","CL:0000084"
"F1.MAA000559.3_8_M.1.1","MAA000559","B cell","CL:0000236"
"G5.MAA000559.3_8_M.1.1","MAA000559","B cell","CL:0000236"
"H7.MAA000559.3_8_M.1.1","MAA000559","B cell","CL:0000236"
"A5.MAA000559.3_8_M.1.1","MAA000559","T cell","CL:0000084"
"B11.MAA000559.3_8_M.1.1","MAA000559","T cell","CL:0000084"
"C14.MAA000559.3_8_M.1.1","MAA000559","T cell","CL:0000084"
"D18.MAA000559.3_8_M.1.1","MAA000559","myeloid cell","CL:0000763"
"F2.MAA000559.3_8_M.1.1","MAA000559","B cell","CL:0000236"
"G6.MAA000559.3_8_M.1.1","MAA000559","T cell","CL:0000084"
"H8.MAA000559.3_8_M.1.1","MAA000559","B cell","CL:0000236"
"I10.MAA000559.3_8_M.1.1","MAA000559","B cell","CL:0000236"
"I9.MAA000559.3_8_M.1.1","MAA000559","B cell","CL:0000236"
"J13.MAA000559.3_8_M.1.1","MAA000559","B cell","CL:0000236"
"K17.MAA000559.3_8_M.1.1","MAA000559","B cell","CL:0000236"
"M1.MAA000559.3_8_M.1.1","MAA000559","T cell","CL:0000084"
"N5.MAA000559.3_8_M.1.1","MAA000559","B cell","CL:0000236"
"J14.MAA000559.3_8_M.1.1","MAA000559","T cell","CL:0000084"
"B12.MAA000559.3_8_M.1.1","MAA000559","T cell","CL:0000084"
"C15.MAA000559.3_8_M.1.1","MAA000559","B cell","CL:0000236"
"D19.MAA000559.3_8_M.1.1","MAA000559","B cell","CL:0000236"
"F3.MAA000559.3_8_M.1.1","MAA000559","B cell","CL:0000236"
"G7.MAA000559.3_8_M.1.1","MAA000559","B cell","CL:0000236"
"H9.MAA000559.3_8_M.1.1","MAA000559","B cell","CL:0000236"
"I11.MAA000559.3_8_M.1.1","MAA000559","B cell","CL:0000236"
"J15.MAA000559.3_8_M.1.1","MAA000559","B cell","CL:0000236"
"K20.MAA000559.3_8_M.1.1","MAA000559","T cell","CL:0000084"
"K18.MAA000559.3_8_M.1.1","MAA000559","B cell","CL:0000236"
"M3.MAA000559.3_8_M.1.1","MAA000559","B cell","CL:0000236"
"N7.MAA000559.3_8_M.1.1","MAA000559","B cell","CL:0000236"
"M2.MAA000559.3_8_M.1.1","MAA000559","B cell","CL:0000236"
"N6.MAA000559.3_8_M.1.1","MAA000559","B cell","CL:0000236"
"A6.MAA000559.3_8_M.1.1","MAA000559","B cell","CL:0000236"
"G8.MAA000559.3_8_M.1.1","MAA000559","B cell","CL:0000236"
"H10.MAA000559.3_8_M.1.1","MAA000559","B cell","CL:0000236"
"I12.MAA000559.3_8_M.1.1","MAA000559","B cell","CL:0000236"
"J16.MAA000559.3_8_M.1.1","MAA000559","T cell","CL:0000084"
"K22.MAA000559.3_8_M.1.1","MAA000559","B cell","CL:0000236"
"M4.MAA000559.3_8_M.1.1","MAA000559","B cell","CL:0000236"
"N8.MAA000559.3_8_M.1.1","MAA000559","B cell","CL:0000236"
"A7.MAA000559.3_8_M.1.1","MAA000559","B cell","CL:0000236"
"B13.MAA000559.3_8_M.1.1","MAA000559","T cell","CL:0000084"
"C16.MAA000559.3_8_M.1.1","MAA000559","B cell","CL:0000236"
"D20.MAA000559.3_8_M.1.1","MAA000559","B cell","CL:0000236"
"F4.MAA000559.3_8_M.1.1","MAA000559","B cell","CL:0000236"
"A8.MAA000559.3_8_M.1.1","MAA000559","B cell","CL:0000236"
"L1.MAA000559.3_8_M.1.1","MAA000559","T cell","CL:0000084"
"M5.MAA000559.3_8_M.1.1","MAA000559","T cell","CL:0000084"
"N9.MAA000559.3_8_M.1.1","MAA000559","B cell","CL:0000236"
"A9.MAA000559.3_8_M.1.1","MAA000559","T cell","CL:0000084"
"B15.MAA000559.3_8_M.1.1","MAA000559","B cell","CL:0000236"
"C18.MAA000559.3_8_M.1.1","MAA000559","T cell","CL:0000084"
"B14.MAA000559.3_8_M.1.1","MAA000559","B cell","CL:0000236"
"D22.MAA000559.3_8_M.1.1","MAA000559","T cell","CL:0000084"
"F7.MAA000559.3_8_M.1.1","MAA000559","B cell","CL:0000236"
"C17.MAA000559.3_8_M.1.1","MAA000559","T cell","CL:0000084"
"D21.MAA000559.3_8_M.1.1","MAA000559","B cell","CL:0000236"
"F5.MAA000559.3_8_M.1.1","MAA000559","B cell","CL:0000236"
"G9.MAA000559.3_8_M.1.1","MAA000559","B cell","CL:0000236"
"H11.MAA000559.3_8_M.1.1","MAA000559","T cell","CL:0000084"
"I13.MAA000559.3_8_M.1.1","MAA000559","B cell","CL:0000236"
"J17.MAA000559.3_8_M.1.1","MAA000559","B cell","CL:0000236"
"G10.MAA000559.3_8_M.1.1","MAA000559","B cell","CL:0000236"
"A10.MAA000559.3_8_M.1.1","MAA000559","B cell","CL:0000236"
"B16.MAA000559.3_8_M.1.1","MAA000559","B cell","CL:0000236"
"C19.MAA000559.3_8_M.1.1","MAA000559","B cell","CL:0000236"
"E2.MAA000559.3_8_M.1.1","MAA000559","B cell","CL:0000236"
"F8.MAA000559.3_8_M.1.1","MAA000559","B cell","CL:0000236"
"G11.MAA000559.3_8_M.1.1","MAA000559","B cell","CL:0000236"
"H13.MAA000559.3_8_M.1.1","MAA000559","B cell","CL:0000236"
"I15.MAA000559.3_8_M.1.1","MAA000559","B cell","CL:0000236"
"H12.MAA000559.3_8_M.1.1","MAA000559","B cell","CL:0000236"
"J19.MAA000559.3_8_M.1.1","MAA000559","B cell","CL:0000236"
"L3.MAA000559.3_8_M.1.1","MAA000559","T cell","CL:0000084"
"I14.MAA000559.3_8_M.1.1","MAA000559","B cell","CL:0000236"
"J18.MAA000559.3_8_M.1.1","MAA000559","B cell","CL:0000236"
"L2.MAA000559.3_8_M.1.1","MAA000559","B cell","CL:0000236"
"M6.MAA000559.3_8_M.1.1","MAA000559","T cell","CL:0000084"
"N10.MAA000559.3_8_M.1.1","MAA000559","B cell","CL:0000236"
"M7.MAA000559.3_8_M.1.1","MAA000559","B cell","CL:0000236"
"C20.MAA000559.3_8_M.1.1","MAA000559","B cell","CL:0000236"
"E3.MAA000559.3_8_M.1.1","MAA000559","T cell","CL:0000084"
"F9.MAA000559.3_8_M.1.1","MAA000559","T cell","CL:0000084"
"G12.MAA000559.3_8_M.1.1","MAA000559","myeloid cell","CL:0000763"
"H14.MAA000559.3_8_M.1.1","MAA000559","B cell","CL:0000236"
"I16.MAA000559.3_8_M.1.1","MAA000559","B cell","CL:0000236"
"J20.MAA000559.3_8_M.1.1","MAA000559","B cell","CL:0000236"
"N11.MAA000559.3_8_M.1.1","MAA000559","B cell","CL:0000236"
"L4.MAA000559.3_8_M.1.1","MAA000559","T cell","CL:0000084"
"M8.MAA000559.3_8_M.1.1","MAA000559","B cell","CL:0000236"
"A11.MAA000559.3_8_M.1.1","MAA000559","T cell","CL:0000084"
"B17.MAA000559.3_8_M.1.1","MAA000559","B cell","CL:0000236"
"F10.MAA000559.3_8_M.1.1","MAA000559","T cell","CL:0000084"
"G13.MAA000559.3_8_M.1.1","MAA000559","T cell","CL:0000084"
"H15.MAA000559.3_8_M.1.1","MAA000559","B cell","CL:0000236"
"I17.MAA000559.3_8_M.1.1","MAA000559","myeloid cell","CL:0000763"
"J21.MAA000559.3_8_M.1.1","MAA000559","B cell","CL:0000236"
"M9.MAA000559.3_8_M.1.1","MAA000559","myeloid cell","CL:0000763"
"A14.MAA000559.3_8_M.1.1","MAA000559","B cell","CL:0000236"
"A12.MAA000559.3_8_M.1.1","MAA000559","B cell","CL:0000236"
"B18.MAA000559.3_8_M.1.1","MAA000559","T cell","CL:0000084"
"C21.MAA000559.3_8_M.1.1","MAA000559","T cell","CL:0000084"
"E4.MAA000559.3_8_M.1.1","MAA000559","T cell","CL:0000084"
"B19.MAA000559.3_8_M.1.1","MAA000559","B cell","CL:0000236"
"M10.MAA000559.3_8_M.1.1","MAA000559","B cell","CL:0000236"
"A16.MAA000559.3_8_M.1.1","MAA000559","B cell","CL:0000236"
"B20.MAA000559.3_8_M.1.1","MAA000559","B cell","CL:0000236"
"D1.MAA000559.3_8_M.1.1","MAA000559","B cell","CL:0000236"
"C22.MAA000559.3_8_M.1.1","MAA000559","B cell","CL:0000236"
"E7.MAA000559.3_8_M.1.1","MAA000559","B cell","CL:0000236"
"F12.MAA000559.3_8_M.1.1","MAA000559","T cell","CL:0000084"
"G15.MAA000559.3_8_M.1.1","MAA000559","B cell","CL:0000236"
"E5.MAA000559.3_8_M.1.1","MAA000559","T cell","CL:0000084"
"F11.MAA000559.3_8_M.1.1","MAA000559","B cell","CL:0000236"
"G14.MAA000559.3_8_M.1.1","MAA000559","B cell","CL:0000236"
"H16.MAA000559.3_8_M.1.1","MAA000559","B cell","CL:0000236"
"I18.MAA000559.3_8_M.1.1","MAA000559","T cell","CL:0000084"
"J22.MAA000559.3_8_M.1.1","MAA000559","T cell","CL:0000084"
"L6.MAA000559.3_8_M.1.1","MAA000559","myeloid cell","CL:0000763"
"H17.MAA000559.3_8_M.1.1","MAA000559","B cell","CL:0000236"
"A18.MAA000559.3_8_M.1.1","MAA000559","T cell","CL:0000084"
"B21.MAA000559.3_8_M.1.1","MAA000559","B cell","CL:0000236"
"D2.MAA000559.3_8_M.1.1","MAA000559","B cell","CL:0000236"
"E8.MAA000559.3_8_M.1.1","MAA000559","B cell","CL:0000236"
"F13.MAA000559.3_8_M.1.1","MAA000559","B cell","CL:0000236"
"G16.MAA000559.3_8_M.1.1","MAA000559","B cell","CL:0000236"
"H18.MAA000559.3_8_M.1.1","MAA000559","B cell","CL:0000236"
"I19.MAA000559.3_8_M.1.1","MAA000559","B cell","CL:0000236"
"I20.MAA000559.3_8_M.1.1","MAA000559","B cell","CL:0000236"
"K3.MAA000559.3_8_M.1.1","MAA000559","B cell","CL:0000236"
"L8.MAA000559.3_8_M.1.1","MAA000559","B cell","CL:0000236"
"K2.MAA000559.3_8_M.1.1","MAA000559","B cell","CL:0000236"
"L7.MAA000559.3_8_M.1.1","MAA000559","T cell","CL:0000084"
"M11.MAA000559.3_8_M.1.1","MAA000559","B cell","CL:0000236"
"A19.MAA000559.3_8_M.1.1","MAA000559","T cell","CL:0000084"
"B22.MAA000559.3_8_M.1.1","MAA000559","T cell","CL:0000084"
"D3.MAA000559.3_8_M.1.1","MAA000559","B cell","CL:0000236"
"E10.MAA000559.3_8_M.1.1","MAA000559","T cell","CL:0000084"
"F14.MAA000559.3_8_M.1.1","MAA000559","B cell","CL:0000236"
"G17.MAA000559.3_8_M.1.1","MAA000559","T cell","CL:0000084"
"H19.MAA000559.3_8_M.1.1","MAA000559","B cell","CL:0000236"
"I22.MAA000559.3_8_M.1.1","MAA000559","B cell","CL:0000236"
"K4.MAA000559.3_8_M.1.1","MAA000559","T cell","CL:0000084"
"M12.MAA000559.3_8_M.1.1","MAA000559","T cell","CL:0000084"
"L9.MAA000559.3_8_M.1.1","MAA000559","T cell","CL:0000084"
"M13.MAA000559.3_8_M.1.1","MAA000559","B cell","CL:0000236"
"F15.MAA000559.3_8_M.1.1","MAA000559","T cell","CL:0000084"
"G18.MAA000559.3_8_M.1.1","MAA000559","B cell","CL:0000236"
"H20.MAA000559.3_8_M.1.1","MAA000559","B cell","CL:0000236"
"J1.MAA000559.3_8_M.1.1","MAA000559","B cell","CL:0000236"
"K5.MAA000559.3_8_M.1.1","MAA000559","B cell","CL:0000236"
"L10.MAA000559.3_8_M.1.1","MAA000559","B cell","CL:0000236"
"M14.MAA000559.3_8_M.1.1","MAA000559","B cell","CL:0000236"
"A20.MAA000559.3_8_M.1.1","MAA000559","T cell","CL:0000084"
"C1.MAA000559.3_8_M.1.1","MAA000559","B cell","CL:0000236"
"D5.MAA000559.3_8_M.1.1","MAA000559","B cell","CL:0000236"
"E11.MAA000559.3_8_M.1.1","MAA000559","T cell","CL:0000084"
"A21.MAA000559.3_8_M.1.1","MAA000559","B cell","CL:0000236"
"M16.MAA000559.3_8_M.1.1","MAA000559","B cell","CL:0000236"
"A22.MAA000559.3_8_M.1.1","MAA000559","T cell","CL:0000084"
"C3.MAA000559.3_8_M.1.1","MAA000559","B cell","CL:0000236"
"D8.MAA000559.3_8_M.1.1","MAA000559","B cell","CL:0000236"
"C2.MAA000559.3_8_M.1.1","MAA000559","T cell","CL:0000084"
"E14.MAA000559.3_8_M.1.1","MAA000559","B cell","CL:0000236"
"F17.MAA000559.3_8_M.1.1","MAA000559","B cell","CL:0000236"
"G20.MAA000559.3_8_M.1.1","MAA000559","T cell","CL:0000084"
"D7.MAA000559.3_8_M.1.1","MAA000559","B cell","CL:0000236"
"E12.MAA000559.3_8_M.1.1","MAA000559","B cell","CL:0000236"
"F16.MAA000559.3_8_M.1.1","MAA000559","T cell","CL:0000084"
"G19.MAA000559.3_8_M.1.1","MAA000559","B cell","CL:0000236"
"H21.MAA000559.3_8_M.1.1","MAA000559","B cell","CL:0000236"
"J2.MAA000559.3_8_M.1.1","MAA000559","T cell","CL:0000084"
"K6.MAA000559.3_8_M.1.1","MAA000559","T cell","CL:0000084"
"H22.MAA000559.3_8_M.1.1","MAA000559","T cell","CL:0000084"
"B1.MAA000559.3_8_M.1.1","MAA000559","T cell","CL:0000084"
"C4.MAA000559.3_8_M.1.1","MAA000559","B cell","CL:0000236"
"D9.MAA000559.3_8_M.1.1","MAA000559","T cell","CL:0000084"
"E15.MAA000559.3_8_M.1.1","MAA000559","B cell","CL:0000236"
"F18.MAA000559.3_8_M.1.1","MAA000559","B cell","CL:0000236"
"G21.MAA000559.3_8_M.1.1","MAA000559","T cell","CL:0000084"
"I1.MAA000559.3_8_M.1.1","MAA000559","B cell","CL:0000236"
"J4.MAA000559.3_8_M.1.1","MAA000559","B cell","CL:0000236"
"K8.MAA000559.3_8_M.1.1","MAA000559","T cell","CL:0000084"
"J3.MAA000559.3_8_M.1.1","MAA000559","B cell","CL:0000236"
"L13.MAA000559.3_8_M.1.1","MAA000559","B cell","CL:0000236"
"M18.MAA000559.3_8_M.1.1","MAA000559","B cell","CL:0000236"
"K7.MAA000559.3_8_M.1.1","MAA000559","B cell","CL:0000236"
"L12.MAA000559.3_8_M.1.1","MAA000559","B cell","CL:0000236"
"M17.MAA000559.3_8_M.1.1","MAA000559","T cell","CL:0000084"
"G22.MAA000559.3_8_M.1.1","MAA000559","B cell","CL:0000236"
"I2.MAA000559.3_8_M.1.1","MAA000559","T cell","CL:0000084"
"J5.MAA000559.3_8_M.1.1","MAA000559","B cell","CL:0000236"
"K9.MAA000559.3_8_M.1.1","MAA000559","T cell","CL:0000084"
"L14.MAA000559.3_8_M.1.1","MAA000559","B cell","CL:0000236"
"M20.MAA000559.3_8_M.1.1","MAA000559","B cell","CL:0000236"
"B4.MAA000559.3_8_M.1.1","MAA000559","T cell","CL:0000084"
"B2.MAA000559.3_8_M.1.1","MAA000559","T cell","CL:0000084"
"C5.MAA000559.3_8_M.1.1","MAA000559","B cell","CL:0000236"
"D10.MAA000559.3_8_M.1.1","MAA000559","B cell","CL:0000236"
"E16.MAA000559.3_8_M.1.1","MAA000559","B cell","CL:0000236"
"F19.MAA000559.3_8_M.1.1","MAA000559","B cell","CL:0000236"
"C6.MAA000559.3_8_M.1.1","MAA000559","T cell","CL:0000084"
"M21.MAA000559.3_8_M.1.1","MAA000559","B cell","CL:0000236"
"B5.MAA000559.3_8_M.1.1","MAA000559","B cell","CL:0000236"
"C7.MAA000559.3_8_M.1.1","MAA000559","B cell","CL:0000236"
"D12.MAA000559.3_8_M.1.1","MAA000559","B cell","CL:0000236"
"D11.MAA000559.3_8_M.1.1","MAA000559","T cell","CL:0000084"
"E18.MAA000559.3_8_M.1.1","MAA000559","B cell","CL:0000236"
"F22.MAA000559.3_8_M.1.1","MAA000559","B cell","CL:0000236"
"H2.MAA000559.3_8_M.1.1","MAA000559","B cell","CL:0000236"
"E17.MAA000559.3_8_M.1.1","MAA000559","B cell","CL:0000236"
"F20.MAA000559.3_8_M.1.1","MAA000559","B cell","CL:0000236"
"H1.MAA000559.3_8_M.1.1","MAA000559","myeloid cell","CL:0000763"
"I3.MAA000559.3_8_M.1.1","MAA000559","T cell","CL:0000084"
"J6.MAA000559.3_8_M.1.1","MAA000559","B cell","CL:0000236"
"K11.MAA000559.3_8_M.1.1","MAA000559","T cell","CL:0000084"
"L16.MAA000559.3_8_M.1.1","MAA000559","T cell","CL:0000084"
"B6.MAA000559.3_8_M.1.1","MAA000559","B cell","CL:0000236"
"C8.MAA000559.3_8_M.1.1","MAA000559","T cell","CL:0000084"
"D13.MAA000559.3_8_M.1.1","MAA000559","B cell","CL:0000236"
"E19.MAA000559.3_8_M.1.1","MAA000559","T cell","CL:0000084"
"G1.MAA000559.3_8_M.1.1","MAA000559","B cell","CL:0000236"
"H3.MAA000559.3_8_M.1.1","MAA000559","myeloid cell","CL:0000763"
"I4.MAA000559.3_8_M.1.1","MAA000559","B cell","CL:0000236"
"I5.MAA000559.3_8_M.1.1","MAA000559","T cell","CL:0000084"
"J8.MAA000559.3_8_M.1.1","MAA000559","B cell","CL:0000236"
"K12.MAA000559.3_8_M.1.1","MAA000559","T cell","CL:0000084"
"L17.MAA000559.3_8_M.1.1","MAA000559","B cell","CL:0000236"
"M22.MAA000559.3_8_M.1.1","MAA000559","B cell","CL:0000236"
"K13.MAA000559.3_8_M.1.1","MAA000559","B cell","CL:0000236"
"C9.MAA000559.3_8_M.1.1","MAA000559","T cell","CL:0000084"
"D14.MAA000559.3_8_M.1.1","MAA000559","T cell","CL:0000084"
"E20.MAA000559.3_8_M.1.1","MAA000559","T cell","CL:0000084"
"G2.MAA000559.3_8_M.1.1","MAA000559","B cell","CL:0000236"
"H4.MAA000559.3_8_M.1.1","MAA000559","T cell","CL:0000084"
"I6.MAA000559.3_8_M.1.1","MAA000559","B cell","CL:0000236"
"J9.MAA000559.3_8_M.1.1","MAA000559","B cell","CL:0000236"
"K14.MAA000559.3_8_M.1.1","MAA000559","B cell","CL:0000236"
"L19.MAA000559.3_8_M.1.1","MAA000559","T cell","CL:0000084"
"L18.MAA000559.3_8_M.1.1","MAA000559","T cell","CL:0000084"
"N2.MAA000559.3_8_M.1.1","MAA000559","T cell","CL:0000084"
"N1.MAA000559.3_8_M.1.1","MAA000559","B cell","CL:0000236"
"A1.MAA000559.3_8_M.1.1","MAA000559","B cell","CL:0000236"
"B7.MAA000559.3_8_M.1.1","MAA000559","myeloid cell","CL:0000763"
"H5.MAA000559.3_8_M.1.1","MAA000559","B cell","CL:0000236"
"I7.MAA000559.3_8_M.1.1","MAA000559","T cell","CL:0000084"
"J10.MAA000559.3_8_M.1.1","MAA000559","T cell","CL:0000084"
"K15.MAA000559.3_8_M.1.1","MAA000559","myeloid cell","CL:0000763"
"L21.MAA000559.3_8_M.1.1","MAA000559","T cell","CL:0000084"
"N3.MAA000559.3_8_M.1.1","MAA000559","B cell","CL:0000236"
"A3.MAA000559.3_8_M.1.1","MAA000559","B cell","CL:0000236"
"A2.MAA000559.3_8_M.1.1","MAA000559","B cell","CL:0000236"
"B8.MAA000559.3_8_M.1.1","MAA000559","B cell","CL:0000236"
"C10.MAA000559.3_8_M.1.1","MAA000559","T cell","CL:0000084"
"D15.MAA000559.3_8_M.1.1","MAA000559","B cell","CL:0000236"
"E21.MAA000559.3_8_M.1.1","MAA000559","B cell","CL:0000236"
"G3.MAA000559.3_8_M.1.1","MAA000559","T cell","CL:0000084"
"B9.MAA000559.3_8_M.1.1","MAA000559","B cell","CL:0000236"
"L22.MAA000559.3_8_M.1.1","MAA000559","B cell","CL:0000236"
"N4.MAA000559.3_8_M.1.1","MAA000559","B cell","CL:0000236"
"O8.MAA000559.3_8_M.1.1","MAA000559","B cell","CL:0000236"
"P10.MAA000559.3_8_M.1.1","MAA000559","B cell","CL:0000236"
"C11.MAA000559.3_8_M.1.1","MAA000559","B cell","CL:0000236"
"D16.MAA000559.3_8_M.1.1","MAA000559","B cell","CL:0000236"
"E22.MAA000559.3_8_M.1.1","MAA000559","B cell","CL:0000236"
"G4.MAA000559.3_8_M.1.1","MAA000559","T cell","CL:0000084"
"H6.MAA000559.3_8_M.1.1","MAA000559","B cell","CL:0000236"
"I8.MAA000559.3_8_M.1.1","MAA000559","B cell","CL:0000236"
"J11.MAA000559.3_8_M.1.1","MAA000559","T cell","CL:0000084"
"K16.MAA000559.3_8_M.1.1","MAA000559","B cell","CL:0000236"
"P12.MAA000559.3_8_M.1.1","MAA000559","B cell","CL:0000236"
"O10.MAA000559.3_8_M.1.1","MAA000559","B cell","CL:0000236"
"O11.MAA000559.3_8_M.1.1","MAA000559","B cell","CL:0000236"
"P14.MAA000559.3_8_M.1.1","MAA000559","T cell","CL:0000084"
"P13.MAA000559.3_8_M.1.1","MAA000559","B cell","CL:0000236"
"O12.MAA000559.3_8_M.1.1","MAA000559","T cell","CL:0000084"
"P16.MAA000559.3_8_M.1.1","MAA000559","T cell","CL:0000084"
"O13.MAA000559.3_8_M.1.1","MAA000559","B cell","CL:0000236"
"P17.MAA000559.3_8_M.1.1","MAA000559","T cell","CL:0000084"
"P18.MAA000559.3_8_M.1.1","MAA000559","B cell","CL:0000236"
"O14.MAA000559.3_8_M.1.1","MAA000559","T cell","CL:0000084"
"O15.MAA000559.3_8_M.1.1","MAA000559","myeloid cell","CL:0000763"
"P19.MAA000559.3_8_M.1.1","MAA000559","B cell","CL:0000236"
"N13.MAA000559.3_8_M.1.1","MAA000559","B cell","CL:0000236"
"O16.MAA000559.3_8_M.1.1","MAA000559","B cell","CL:0000236"
"P20.MAA000559.3_8_M.1.1","MAA000559","B cell","CL:0000236"
"N14.MAA000559.3_8_M.1.1","MAA000559","B cell","CL:0000236"
"O17.MAA000559.3_8_M.1.1","MAA000559","T cell","CL:0000084"
"P21.MAA000559.3_8_M.1.1","MAA000559","B cell","CL:0000236"
"N15.MAA000559.3_8_M.1.1","MAA000559","B cell","CL:0000236"
"O18.MAA000559.3_8_M.1.1","MAA000559","T cell","CL:0000084"
"N16.MAA000559.3_8_M.1.1","MAA000559","B cell","CL:0000236"
"O19.MAA000559.3_8_M.1.1","MAA000559","B cell","CL:0000236"
"N17.MAA000559.3_8_M.1.1","MAA000559","T cell","CL:0000084"
"O20.MAA000559.3_8_M.1.1","MAA000559","B cell","CL:0000236"
"O21.MAA000559.3_8_M.1.1","MAA000559","B cell","CL:0000236"
"N18.MAA000559.3_8_M.1.1","MAA000559","B cell","CL:0000236"
"N19.MAA000559.3_8_M.1.1","MAA000559","B cell","CL:0000236"
"O22.MAA000559.3_8_M.1.1","MAA000559","B cell","CL:0000236"
"N20.MAA000559.3_8_M.1.1","MAA000559","B cell","CL:0000236"
"P1.MAA000559.3_8_M.1.1","MAA000559","B cell","CL:0000236"
"N21.MAA000559.3_8_M.1.1","MAA000559","T cell","CL:0000084"
"P2.MAA000559.3_8_M.1.1","MAA000559","B cell","CL:0000236"
"N22.MAA000559.3_8_M.1.1","MAA000559","T cell","CL:0000084"
"P3.MAA000559.3_8_M.1.1","MAA000559","myeloid cell","CL:0000763"
"O1.MAA000559.3_8_M.1.1","MAA000559","B cell","CL:0000236"
"P4.MAA000559.3_8_M.1.1","MAA000559","B cell","CL:0000236"
"O2.MAA000559.3_8_M.1.1","MAA000559","B cell","CL:0000236"
"P5.MAA000559.3_8_M.1.1","MAA000559","T cell","CL:0000084"
"O3.MAA000559.3_8_M.1.1","MAA000559","B cell","CL:0000236"
"P6.MAA000559.3_8_M.1.1","MAA000559","T cell","CL:0000084"
"O4.MAA000559.3_8_M.1.1","MAA000559","T cell","CL:0000084"
"P7.MAA000559.3_8_M.1.1","MAA000559","T cell","CL:0000084"
"O5.MAA000559.3_8_M.1.1","MAA000559","B cell","CL:0000236"
"P8.MAA000559.3_8_M.1.1","MAA000559","B cell","CL:0000236"
"O6.MAA000559.3_8_M.1.1","MAA000559","myeloid cell","CL:0000763"
"P9.MAA000559.3_8_M.1.1","MAA000559","B cell","CL:0000236"
"B15.MAA000776.3_10_M.1.1","MAA000776","T cell","CL:0000084"
"C22.MAA000776.3_10_M.1.1","MAA000776","B cell","CL:0000236"
"E9.MAA000776.3_10_M.1.1","MAA000776","B cell","CL:0000236"
"F21.MAA000776.3_10_M.1.1","MAA000776","B cell","CL:0000236"
"I4.MAA000776.3_10_M.1.1","MAA000776","B cell","CL:0000236"
"K8.MAA000776.3_10_M.1.1","MAA000776","B cell","CL:0000236"
"M6.MAA000776.3_10_M.1.1","MAA000776","B cell","CL:0000236"
"N22.MAA000776.3_10_M.1.1","MAA000776","B cell","CL:0000236"
"A9.MAA000776.3_10_M.1.1","MAA000776","B cell","CL:0000236"
"P14.MAA000776.3_10_M.1.1","MAA000776","B cell","CL:0000236"
"B16.MAA000776.3_10_M.1.1","MAA000776","B cell","CL:0000236"
"D1.MAA000776.3_10_M.1.1","MAA000776","B cell","CL:0000236"
"E11.MAA000776.3_10_M.1.1","MAA000776","B cell","CL:0000236"
"F22.MAA000776.3_10_M.1.1","MAA000776","B cell","CL:0000236"
"I5.MAA000776.3_10_M.1.1","MAA000776","B cell","CL:0000236"
"K11.MAA000776.3_10_M.1.1","MAA000776","B cell","CL:0000236"
"A12.MAA000776.3_10_M.1.1","MAA000776","T cell","CL:0000084"
"M8.MAA000776.3_10_M.1.1","MAA000776","B cell","CL:0000236"
"B17.MAA000776.3_10_M.1.1","MAA000776","B cell","CL:0000236"
"O1.MAA000776.3_10_M.1.1","MAA000776","T cell","CL:0000084"
"D2.MAA000776.3_10_M.1.1","MAA000776","B cell","CL:0000236"
"E15.MAA000776.3_10_M.1.1","MAA000776","B cell","CL:0000236"
"P15.MAA000776.3_10_M.1.1","MAA000776","T cell","CL:0000084"
"G1.MAA000776.3_10_M.1.1","MAA000776","B cell","CL:0000236"
"B18.MAA000776.3_10_M.1.1","MAA000776","B cell","CL:0000236"
"I10.MAA000776.3_10_M.1.1","MAA000776","B cell","CL:0000236"
"D3.MAA000776.3_10_M.1.1","MAA000776","B cell","CL:0000236"
"K12.MAA000776.3_10_M.1.1","MAA000776","T cell","CL:0000084"
"M9.MAA000776.3_10_M.1.1","MAA000776","B cell","CL:0000236"
"O2.MAA000776.3_10_M.1.1","MAA000776","B cell","CL:0000236"
"P16.MAA000776.3_10_M.1.1","MAA000776","B cell","CL:0000236"
"E16.MAA000776.3_10_M.1.1","MAA000776","B cell","CL:0000236"
"A15.MAA000776.3_10_M.1.1","MAA000776","B cell","CL:0000236"
"G2.MAA000776.3_10_M.1.1","MAA000776","B cell","CL:0000236"
"B19.MAA000776.3_10_M.1.1","MAA000776","B cell","CL:0000236"
"D4.MAA000776.3_10_M.1.1","MAA000776","B cell","CL:0000236"
"E17.MAA000776.3_10_M.1.1","MAA000776","T cell","CL:0000084"
"I13.MAA000776.3_10_M.1.1","MAA000776","B cell","CL:0000236"
"K13.MAA000776.3_10_M.1.1","MAA000776","B cell","CL:0000236"
"M11.MAA000776.3_10_M.1.1","MAA000776","B cell","CL:0000236"
"O6.MAA000776.3_10_M.1.1","MAA000776","B cell","CL:0000236"
"P17.MAA000776.3_10_M.1.1","MAA000776","myeloid cell","CL:0000763"
"G6.MAA000776.3_10_M.1.1","MAA000776","B cell","CL:0000236"
"A16.MAA000776.3_10_M.1.1","MAA000776","B cell","CL:0000236"
"B20.MAA000776.3_10_M.1.1","MAA000776","B cell","CL:0000236"
"I19.MAA000776.3_10_M.1.1","MAA000776","B cell","CL:0000236"
"D5.MAA000776.3_10_M.1.1","MAA000776","B cell","CL:0000236"
"E18.MAA000776.3_10_M.1.1","MAA000776","B cell","CL:0000236"
"K16.MAA000776.3_10_M.1.1","MAA000776","B cell","CL:0000236"
"M14.MAA000776.3_10_M.1.1","MAA000776","B cell","CL:0000236"
"O7.MAA000776.3_10_M.1.1","MAA000776","B cell","CL:0000236"
"P18.MAA000776.3_10_M.1.1","MAA000776","T cell","CL:0000084"
"G12.MAA000776.3_10_M.1.1","MAA000776","B cell","CL:0000236"
"B21.MAA000776.3_10_M.1.1","MAA000776","B cell","CL:0000236"
"D6.MAA000776.3_10_M.1.1","MAA000776","B cell","CL:0000236"
"I20.MAA000776.3_10_M.1.1","MAA000776","T cell","CL:0000084"
"E19.MAA000776.3_10_M.1.1","MAA000776","B cell","CL:0000236"
"G14.MAA000776.3_10_M.1.1","MAA000776","T cell","CL:0000084"
"I21.MAA000776.3_10_M.1.1","MAA000776","B cell","CL:0000236"
"K17.MAA000776.3_10_M.1.1","MAA000776","B cell","CL:0000236"
"M15.MAA000776.3_10_M.1.1","MAA000776","T cell","CL:0000084"
"O8.MAA000776.3_10_M.1.1","MAA000776","B cell","CL:0000236"
"P20.MAA000776.3_10_M.1.1","MAA000776","B cell","CL:0000236"
"A18.MAA000776.3_10_M.1.1","MAA000776","B cell","CL:0000236"
"B22.MAA000776.3_10_M.1.1","MAA000776","B cell","CL:0000236"
"D7.MAA000776.3_10_M.1.1","MAA000776","B cell","CL:0000236"
"E20.MAA000776.3_10_M.1.1","MAA000776","T cell","CL:0000084"
"G15.MAA000776.3_10_M.1.1","MAA000776","B cell","CL:0000236"
"I22.MAA000776.3_10_M.1.1","MAA000776","B cell","CL:0000236"
"K18.MAA000776.3_10_M.1.1","MAA000776","B cell","CL:0000236"
"K20.MAA000776.3_10_M.1.1","MAA000776","T cell","CL:0000084"
"M18.MAA000776.3_10_M.1.1","MAA000776","B cell","CL:0000236"
"M16.MAA000776.3_10_M.1.1","MAA000776","B cell","CL:0000236"
"O9.MAA000776.3_10_M.1.1","MAA000776","B cell","CL:0000236"
"P21.MAA000776.3_10_M.1.1","MAA000776","B cell","CL:0000236"
"O10.MAA000776.3_10_M.1.1","MAA000776","B cell","CL:0000236"
"C1.MAA000776.3_10_M.1.1","MAA000776","myeloid cell","CL:0000763"
"D8.MAA000776.3_10_M.1.1","MAA000776","B cell","CL:0000236"
"E21.MAA000776.3_10_M.1.1","MAA000776","B cell","CL:0000236"
"G18.MAA000776.3_10_M.1.1","MAA000776","myeloid cell","CL:0000763"
"J3.MAA000776.3_10_M.1.1","MAA000776","B cell","CL:0000236"
"K21.MAA000776.3_10_M.1.1","MAA000776","B cell","CL:0000236"
"M19.MAA000776.3_10_M.1.1","MAA000776","B cell","CL:0000236"
"O11.MAA000776.3_10_M.1.1","MAA000776","T cell","CL:0000084"
"P22.MAA000776.3_10_M.1.1","MAA000776","B cell","CL:0000236"
"A19.MAA000776.3_10_M.1.1","MAA000776","B cell","CL:0000236"
"G20.MAA000776.3_10_M.1.1","MAA000776","B cell","CL:0000236"
"J9.MAA000776.3_10_M.1.1","MAA000776","B cell","CL:0000236"
"L1.MAA000776.3_10_M.1.1","MAA000776","B cell","CL:0000236"
"M21.MAA000776.3_10_M.1.1","MAA000776","B cell","CL:0000236"
"O13.MAA000776.3_10_M.1.1","MAA000776","B cell","CL:0000236"
"A20.MAA000776.3_10_M.1.1","MAA000776","B cell","CL:0000236"
"C2.MAA000776.3_10_M.1.1","MAA000776","B cell","CL:0000236"
"D10.MAA000776.3_10_M.1.1","MAA000776","B cell","CL:0000236"
"E22.MAA000776.3_10_M.1.1","MAA000776","B cell","CL:0000236"
"A21.MAA000776.3_10_M.1.1","MAA000776","B cell","CL:0000236"
"M22.MAA000776.3_10_M.1.1","MAA000776","B cell","CL:0000236"
"O14.MAA000776.3_10_M.1.1","MAA000776","B cell","CL:0000236"
"C3.MAA000776.3_10_M.1.1","MAA000776","B cell","CL:0000236"
"D11.MAA000776.3_10_M.1.1","MAA000776","myeloid cell","CL:0000763"
"F2.MAA000776.3_10_M.1.1","MAA000776","T cell","CL:0000084"
"G21.MAA000776.3_10_M.1.1","MAA000776","B cell","CL:0000236"
"J10.MAA000776.3_10_M.1.1","MAA000776","B cell","CL:0000236"
"L3.MAA000776.3_10_M.1.1","MAA000776","B cell","CL:0000236"
"A22.MAA000776.3_10_M.1.1","MAA000776","B cell","CL:0000236"
"O16.MAA000776.3_10_M.1.1","MAA000776","T cell","CL:0000084"
"B1.MAA000776.3_10_M.1.1","MAA000776","B cell","CL:0000236"
"C4.MAA000776.3_10_M.1.1","MAA000776","B cell","CL:0000236"
"C6.MAA000776.3_10_M.1.1","MAA000776","B cell","CL:0000236"
"D14.MAA000776.3_10_M.1.1","MAA000776","B cell","CL:0000236"
"D12.MAA000776.3_10_M.1.1","MAA000776","B cell","CL:0000236"
"F4.MAA000776.3_10_M.1.1","MAA000776","B cell","CL:0000236"
"G22.MAA000776.3_10_M.1.1","MAA000776","B cell","CL:0000236"
"J11.MAA000776.3_10_M.1.1","MAA000776","B cell","CL:0000236"
"L4.MAA000776.3_10_M.1.1","MAA000776","T cell","CL:0000084"
"N1.MAA000776.3_10_M.1.1","MAA000776","B cell","CL:0000236"
"F5.MAA000776.3_10_M.1.1","MAA000776","B cell","CL:0000236"
"O17.MAA000776.3_10_M.1.1","MAA000776","myeloid cell","CL:0000763"
"H1.MAA000776.3_10_M.1.1","MAA000776","T cell","CL:0000084"
"B2.MAA000776.3_10_M.1.1","MAA000776","T cell","CL:0000084"
"J12.MAA000776.3_10_M.1.1","MAA000776","B cell","CL:0000236"
"L5.MAA000776.3_10_M.1.1","MAA000776","B cell","CL:0000236"
"N2.MAA000776.3_10_M.1.1","MAA000776","B cell","CL:0000236"
"N3.MAA000776.3_10_M.1.1","MAA000776","T cell","CL:0000084"
"O19.MAA000776.3_10_M.1.1","MAA000776","B cell","CL:0000236"
"C7.MAA000776.3_10_M.1.1","MAA000776","B cell","CL:0000236"
"B3.MAA000776.3_10_M.1.1","MAA000776","B cell","CL:0000236"
"D15.MAA000776.3_10_M.1.1","MAA000776","B cell","CL:0000236"
"F6.MAA000776.3_10_M.1.1","MAA000776","T cell","CL:0000084"
"H4.MAA000776.3_10_M.1.1","MAA000776","T cell","CL:0000084"
"J13.MAA000776.3_10_M.1.1","MAA000776","B cell","CL:0000236"
"L6.MAA000776.3_10_M.1.1","MAA000776","B cell","CL:0000236"
"C8.MAA000776.3_10_M.1.1","MAA000776","B cell","CL:0000236"
"H9.MAA000776.3_10_M.1.1","MAA000776","B cell","CL:0000236"
"J15.MAA000776.3_10_M.1.1","MAA000776","B cell","CL:0000236"
"L7.MAA000776.3_10_M.1.1","MAA000776","B cell","CL:0000236"
"N4.MAA000776.3_10_M.1.1","MAA000776","T cell","CL:0000084"
"D16.MAA000776.3_10_M.1.1","MAA000776","T cell","CL:0000084"
"O20.MAA000776.3_10_M.1.1","MAA000776","T cell","CL:0000084"
"F7.MAA000776.3_10_M.1.1","MAA000776","B cell","CL:0000236"
"B4.MAA000776.3_10_M.1.1","MAA000776","B cell","CL:0000236"
"C12.MAA000776.3_10_M.1.1","MAA000776","B cell","CL:0000236"
"D17.MAA000776.3_10_M.1.1","MAA000776","B cell","CL:0000236"
"F9.MAA000776.3_10_M.1.1","MAA000776","myeloid cell","CL:0000763"
"H13.MAA000776.3_10_M.1.1","MAA000776","T cell","CL:0000084"
"J16.MAA000776.3_10_M.1.1","MAA000776","B cell","CL:0000236"
"L11.MAA000776.3_10_M.1.1","MAA000776","B cell","CL:0000236"
"N5.MAA000776.3_10_M.1.1","MAA000776","B cell","CL:0000236"
"O21.MAA000776.3_10_M.1.1","MAA000776","B cell","CL:0000236"
"C14.MAA000776.3_10_M.1.1","MAA000776","B cell","CL:0000236"
"D18.MAA000776.3_10_M.1.1","MAA000776","B cell","CL:0000236"
"F11.MAA000776.3_10_M.1.1","MAA000776","T cell","CL:0000084"
"H16.MAA000776.3_10_M.1.1","MAA000776","T cell","CL:0000084"
"J17.MAA000776.3_10_M.1.1","MAA000776","myeloid cell","CL:0000763"
"L12.MAA000776.3_10_M.1.1","MAA000776","B cell","CL:0000236"
"N6.MAA000776.3_10_M.1.1","MAA000776","B cell","CL:0000236"
"O22.MAA000776.3_10_M.1.1","MAA000776","B cell","CL:0000236"
"A1.MAA000776.3_10_M.1.1","MAA000776","B cell","CL:0000236"
"B5.MAA000776.3_10_M.1.1","MAA000776","B cell","CL:0000236"
"B6.MAA000776.3_10_M.1.1","MAA000776","T cell","CL:0000084"
"C15.MAA000776.3_10_M.1.1","MAA000776","T cell","CL:0000084"
"D19.MAA000776.3_10_M.1.1","MAA000776","B cell","CL:0000236"
"F12.MAA000776.3_10_M.1.1","MAA000776","T cell","CL:0000084"
"H17.MAA000776.3_10_M.1.1","MAA000776","B cell","CL:0000236"
"J18.MAA000776.3_10_M.1.1","MAA000776","B cell","CL:0000236"
"L15.MAA000776.3_10_M.1.1","MAA000776","T cell","CL:0000084"
"N8.MAA000776.3_10_M.1.1","MAA000776","B cell","CL:0000236"
"A2.MAA000776.3_10_M.1.1","MAA000776","B cell","CL:0000236"
"P2.MAA000776.3_10_M.1.1","MAA000776","T cell","CL:0000084"
"A3.MAA000776.3_10_M.1.1","MAA000776","B cell","CL:0000236"
"B7.MAA000776.3_10_M.1.1","MAA000776","B cell","CL:0000236"
"C16.MAA000776.3_10_M.1.1","MAA000776","B cell","CL:0000236"
"D21.MAA000776.3_10_M.1.1","MAA000776","T cell","CL:0000084"
"F13.MAA000776.3_10_M.1.1","MAA000776","B cell","CL:0000236"
"A4.MAA000776.3_10_M.1.1","MAA000776","T cell","CL:0000084"
"H18.MAA000776.3_10_M.1.1","MAA000776","T cell","CL:0000084"
"B9.MAA000776.3_10_M.1.1","MAA000776","B cell","CL:0000236"
"C17.MAA000776.3_10_M.1.1","MAA000776","B cell","CL:0000236"
"J22.MAA000776.3_10_M.1.1","MAA000776","B cell","CL:0000236"
"L18.MAA000776.3_10_M.1.1","MAA000776","B cell","CL:0000236"
"N11.MAA000776.3_10_M.1.1","MAA000776","B cell","CL:0000236"
"P3.MAA000776.3_10_M.1.1","MAA000776","B cell","CL:0000236"
"D22.MAA000776.3_10_M.1.1","MAA000776","B cell","CL:0000236"
"F15.MAA000776.3_10_M.1.1","MAA000776","B cell","CL:0000236"
"A5.MAA000776.3_10_M.1.1","MAA000776","T cell","CL:0000084"
"H19.MAA000776.3_10_M.1.1","MAA000776","B cell","CL:0000236"
"K1.MAA000776.3_10_M.1.1","MAA000776","myeloid cell","CL:0000763"
"L19.MAA000776.3_10_M.1.1","MAA000776","B cell","CL:0000236"
"N13.MAA000776.3_10_M.1.1","MAA000776","B cell","CL:0000236"
"P4.MAA000776.3_10_M.1.1","MAA000776","T cell","CL:0000084"
"B10.MAA000776.3_10_M.1.1","MAA000776","T cell","CL:0000084"
"M1.MAA000776.3_10_M.1.1","MAA000776","B cell","CL:0000236"
"N14.MAA000776.3_10_M.1.1","MAA000776","B cell","CL:0000236"
"P7.MAA000776.3_10_M.1.1","MAA000776","B cell","CL:0000236"
"C18.MAA000776.3_10_M.1.1","MAA000776","B cell","CL:0000236"
"A6.MAA000776.3_10_M.1.1","MAA000776","B cell","CL:0000236"
"E1.MAA000776.3_10_M.1.1","MAA000776","B cell","CL:0000236"
"F16.MAA000776.3_10_M.1.1","MAA000776","B cell","CL:0000236"
"H21.MAA000776.3_10_M.1.1","MAA000776","B cell","CL:0000236"
"K4.MAA000776.3_10_M.1.1","MAA000776","B cell","CL:0000236"
"H22.MAA000776.3_10_M.1.1","MAA000776","B cell","CL:0000236"
"K5.MAA000776.3_10_M.1.1","MAA000776","B cell","CL:0000236"
"M2.MAA000776.3_10_M.1.1","MAA000776","B cell","CL:0000236"
"N15.MAA000776.3_10_M.1.1","MAA000776","T cell","CL:0000084"
"P10.MAA000776.3_10_M.1.1","MAA000776","B cell","CL:0000236"
"B12.MAA000776.3_10_M.1.1","MAA000776","B cell","CL:0000236"
"C19.MAA000776.3_10_M.1.1","MAA000776","B cell","CL:0000236"
"E2.MAA000776.3_10_M.1.1","MAA000776","B cell","CL:0000236"
"F18.MAA000776.3_10_M.1.1","MAA000776","B cell","CL:0000236"
"A7.MAA000776.3_10_M.1.1","MAA000776","B cell","CL:0000236"
"P11.MAA000776.3_10_M.1.1","MAA000776","B cell","CL:0000236"
"A8.MAA000776.3_10_M.1.1","MAA000776","T cell","CL:0000084"
"B14.MAA000776.3_10_M.1.1","MAA000776","T cell","CL:0000084"
"C21.MAA000776.3_10_M.1.1","MAA000776","B cell","CL:0000236"
"B13.MAA000776.3_10_M.1.1","MAA000776","T cell","CL:0000084"
"E5.MAA000776.3_10_M.1.1","MAA000776","B cell","CL:0000236"
"F20.MAA000776.3_10_M.1.1","MAA000776","T cell","CL:0000084"
"I3.MAA000776.3_10_M.1.1","MAA000776","B cell","CL:0000236"
"C20.MAA000776.3_10_M.1.1","MAA000776","B cell","CL:0000236"
"E4.MAA000776.3_10_M.1.1","MAA000776","B cell","CL:0000236"
"F19.MAA000776.3_10_M.1.1","MAA000776","T cell","CL:0000084"
"I1.MAA000776.3_10_M.1.1","MAA000776","B cell","CL:0000236"
"K6.MAA000776.3_10_M.1.1","MAA000776","B cell","CL:0000236"
"M4.MAA000776.3_10_M.1.1","MAA000776","B cell","CL:0000236"
"N16.MAA000776.3_10_M.1.1","MAA000776","B cell","CL:0000236"
"K7.MAA000776.3_10_M.1.1","MAA000776","B cell","CL:0000236"
"M5.MAA000776.3_10_M.1.1","MAA000776","T cell","CL:0000084"
"N21.MAA000776.3_10_M.1.1","MAA000776","T cell","CL:0000084"
"A20.MAA000779.3_11_M.1.1","MAA000779","T cell","CL:0000084"
"B22.MAA000779.3_11_M.1.1","MAA000779","B cell","CL:0000236"
"D2.MAA000779.3_11_M.1.1","MAA000779","T cell","CL:0000084"
"E6.MAA000779.3_11_M.1.1","MAA000779","B cell","CL:0000236"
"F12.MAA000779.3_11_M.1.1","MAA000779","T cell","CL:0000084"
"G15.MAA000779.3_11_M.1.1","MAA000779","T cell","CL:0000084"
"H17.MAA000779.3_11_M.1.1","MAA000779","B cell","CL:0000236"
"J1.MAA000779.3_11_M.1.1","MAA000779","B cell","CL:0000236"
"E7.MAA000779.3_11_M.1.1","MAA000779","B cell","CL:0000236"
"F13.MAA000779.3_11_M.1.1","MAA000779","T cell","CL:0000084"
"G16.MAA000779.3_11_M.1.1","MAA000779","B cell","CL:0000236"
"H18.MAA000779.3_11_M.1.1","MAA000779","B cell","CL:0000236"
"J2.MAA000779.3_11_M.1.1","MAA000779","B cell","CL:0000236"
"A21.MAA000779.3_11_M.1.1","MAA000779","B cell","CL:0000236"
"C1.MAA000779.3_11_M.1.1","MAA000779","B cell","CL:0000236"
"D3.MAA000779.3_11_M.1.1","MAA000779","B cell","CL:0000236"
"H20.MAA000779.3_11_M.1.1","MAA000779","B cell","CL:0000236"
"J3.MAA000779.3_11_M.1.1","MAA000779","myeloid cell","CL:0000763"
"A22.MAA000779.3_11_M.1.1","MAA000779","B cell","CL:0000236"
"B1.MAA000779.3_11_M.1.1","MAA000779","T cell","CL:0000084"
"C3.MAA000779.3_11_M.1.1","MAA000779","T cell","CL:0000084"
"D5.MAA000779.3_11_M.1.1","MAA000779","B cell","CL:0000236"
"C2.MAA000779.3_11_M.1.1","MAA000779","B cell","CL:0000236"
"D4.MAA000779.3_11_M.1.1","MAA000779","T cell","CL:0000084"
"E8.MAA000779.3_11_M.1.1","MAA000779","B cell","CL:0000236"
"F14.MAA000779.3_11_M.1.1","MAA000779","myeloid cell","CL:0000763"
"G17.MAA000779.3_11_M.1.1","MAA000779","B cell","CL:0000236"
"E9.MAA000779.3_11_M.1.1","MAA000779","B cell","CL:0000236"
"B2.MAA000779.3_11_M.1.1","MAA000779","T cell","CL:0000084"
"C4.MAA000779.3_11_M.1.1","MAA000779","B cell","CL:0000236"
"D6.MAA000779.3_11_M.1.1","MAA000779","B cell","CL:0000236"
"E10.MAA000779.3_11_M.1.1","MAA000779","B cell","CL:0000236"
"F16.MAA000779.3_11_M.1.1","MAA000779","B cell","CL:0000236"
"F15.MAA000779.3_11_M.1.1","MAA000779","B cell","CL:0000236"
"G19.MAA000779.3_11_M.1.1","MAA000779","B cell","CL:0000236"
"H22.MAA000779.3_11_M.1.1","MAA000779","B cell","CL:0000236"
"G18.MAA000779.3_11_M.1.1","MAA000779","B cell","CL:0000236"
"H21.MAA000779.3_11_M.1.1","MAA000779","T cell","CL:0000084"
"B3.MAA000779.3_11_M.1.1","MAA000779","B cell","CL:0000236"
"C5.MAA000779.3_11_M.1.1","MAA000779","B cell","CL:0000236"
"D7.MAA000779.3_11_M.1.1","MAA000779","B cell","CL:0000236"
"E11.MAA000779.3_11_M.1.1","MAA000779","B cell","CL:0000236"
"F17.MAA000779.3_11_M.1.1","MAA000779","B cell","CL:0000236"
"G20.MAA000779.3_11_M.1.1","MAA000779","B cell","CL:0000236"
"I1.MAA000779.3_11_M.1.1","MAA000779","B cell","CL:0000236"
"A1.MAA000779.3_11_M.1.1","MAA000779","B cell","CL:0000236"
"G21.MAA000779.3_11_M.1.1","MAA000779","T cell","CL:0000084"
"I2.MAA000779.3_11_M.1.1","MAA000779","B cell","CL:0000236"
"A3.MAA000779.3_11_M.1.1","MAA000779","B cell","CL:0000236"
"B5.MAA000779.3_11_M.1.1","MAA000779","B cell","CL:0000236"
"C7.MAA000779.3_11_M.1.1","MAA000779","B cell","CL:0000236"
"A2.MAA000779.3_11_M.1.1","MAA000779","B cell","CL:0000236"
"B4.MAA000779.3_11_M.1.1","MAA000779","B cell","CL:0000236"
"C6.MAA000779.3_11_M.1.1","MAA000779","B cell","CL:0000236"
"D8.MAA000779.3_11_M.1.1","MAA000779","B cell","CL:0000236"
"E12.MAA000779.3_11_M.1.1","MAA000779","T cell","CL:0000084"
"F18.MAA000779.3_11_M.1.1","MAA000779","B cell","CL:0000236"
"D9.MAA000779.3_11_M.1.1","MAA000779","B cell","CL:0000236"
"A4.MAA000779.3_11_M.1.1","MAA000779","B cell","CL:0000236"
"B6.MAA000779.3_11_M.1.1","MAA000779","B cell","CL:0000236"
"C8.MAA000779.3_11_M.1.1","MAA000779","T cell","CL:0000084"
"D10.MAA000779.3_11_M.1.1","MAA000779","B cell","CL:0000236"
"E14.MAA000779.3_11_M.1.1","MAA000779","T cell","CL:0000084"
"E13.MAA000779.3_11_M.1.1","MAA000779","T cell","CL:0000084"
"F21.MAA000779.3_11_M.1.1","MAA000779","B cell","CL:0000236"
"H1.MAA000779.3_11_M.1.1","MAA000779","B cell","CL:0000236"
"I5.MAA000779.3_11_M.1.1","MAA000779","B cell","CL:0000236"
"F20.MAA000779.3_11_M.1.1","MAA000779","B cell","CL:0000236"
"G22.MAA000779.3_11_M.1.1","MAA000779","B cell","CL:0000236"
"I3.MAA000779.3_11_M.1.1","MAA000779","B cell","CL:0000236"
"B7.MAA000779.3_11_M.1.1","MAA000779","B cell","CL:0000236"
"C9.MAA000779.3_11_M.1.1","MAA000779","B cell","CL:0000236"
"D11.MAA000779.3_11_M.1.1","MAA000779","B cell","CL:0000236"
"E16.MAA000779.3_11_M.1.1","MAA000779","B cell","CL:0000236"
"F22.MAA000779.3_11_M.1.1","MAA000779","B cell","CL:0000236"
"H2.MAA000779.3_11_M.1.1","MAA000779","myeloid cell","CL:0000763"
"I6.MAA000779.3_11_M.1.1","MAA000779","B cell","CL:0000236"
"A5.MAA000779.3_11_M.1.1","MAA000779","B cell","CL:0000236"
"H3.MAA000779.3_11_M.1.1","MAA000779","B cell","CL:0000236"
"I7.MAA000779.3_11_M.1.1","MAA000779","T cell","CL:0000084"
"A7.MAA000779.3_11_M.1.1","MAA000779","B cell","CL:0000236"
"B9.MAA000779.3_11_M.1.1","MAA000779","B cell","CL:0000236"
"C11.MAA000779.3_11_M.1.1","MAA000779","T cell","CL:0000084"
"A6.MAA000779.3_11_M.1.1","MAA000779","B cell","CL:0000236"
"B8.MAA000779.3_11_M.1.1","MAA000779","B cell","CL:0000236"
"C10.MAA000779.3_11_M.1.1","MAA000779","B cell","CL:0000236"
"D12.MAA000779.3_11_M.1.1","MAA000779","B cell","CL:0000236"
"E17.MAA000779.3_11_M.1.1","MAA000779","B cell","CL:0000236"
"G1.MAA000779.3_11_M.1.1","MAA000779","B cell","CL:0000236"
"D13.MAA000779.3_11_M.1.1","MAA000779","B cell","CL:0000236"
"A8.MAA000779.3_11_M.1.1","MAA000779","B cell","CL:0000236"
"B10.MAA000779.3_11_M.1.1","MAA000779","T cell","CL:0000084"
"C12.MAA000779.3_11_M.1.1","MAA000779","myeloid cell","CL:0000763"
"D14.MAA000779.3_11_M.1.1","MAA000779","B cell","CL:0000236"
"E19.MAA000779.3_11_M.1.1","MAA000779","T cell","CL:0000084"
"G3.MAA000779.3_11_M.1.1","MAA000779","T cell","CL:0000084"
"E18.MAA000779.3_11_M.1.1","MAA000779","B cell","CL:0000236"
"H5.MAA000779.3_11_M.1.1","MAA000779","myeloid cell","CL:0000763"
"I9.MAA000779.3_11_M.1.1","MAA000779","B cell","CL:0000236"
"G2.MAA000779.3_11_M.1.1","MAA000779","myeloid cell","CL:0000763"
"H4.MAA000779.3_11_M.1.1","MAA000779","B cell","CL:0000236"
"I8.MAA000779.3_11_M.1.1","MAA000779","B cell","CL:0000236"
"C13.MAA000779.3_11_M.1.1","MAA000779","B cell","CL:0000236"
"D15.MAA000779.3_11_M.1.1","MAA000779","myeloid cell","CL:0000763"
"E21.MAA000779.3_11_M.1.1","MAA000779","B cell","CL:0000236"
"G4.MAA000779.3_11_M.1.1","MAA000779","B cell","CL:0000236"
"H6.MAA000779.3_11_M.1.1","MAA000779","T cell","CL:0000084"
"I10.MAA000779.3_11_M.1.1","MAA000779","B cell","CL:0000236"
"A9.MAA000779.3_11_M.1.1","MAA000779","B cell","CL:0000236"
"B11.MAA000779.3_11_M.1.1","MAA000779","B cell","CL:0000236"
"A11.MAA000779.3_11_M.1.1","MAA000779","B cell","CL:0000236"
"B13.MAA000779.3_11_M.1.1","MAA000779","myeloid cell","CL:0000763"
"A10.MAA000779.3_11_M.1.1","MAA000779","B cell","CL:0000236"
"C15.MAA000779.3_11_M.1.1","MAA000779","B cell","CL:0000236"
"D17.MAA000779.3_11_M.1.1","MAA000779","B cell","CL:0000236"
"F1.MAA000779.3_11_M.1.1","MAA000779","B cell","CL:0000236"
"B12.MAA000779.3_11_M.1.1","MAA000779","B cell","CL:0000236"
"C14.MAA000779.3_11_M.1.1","MAA000779","B cell","CL:0000236"
"D16.MAA000779.3_11_M.1.1","MAA000779","B cell","CL:0000236"
"E22.MAA000779.3_11_M.1.1","MAA000779","B cell","CL:0000236"
"G5.MAA000779.3_11_M.1.1","MAA000779","B cell","CL:0000236"
"H7.MAA000779.3_11_M.1.1","MAA000779","B cell","CL:0000236"
"I11.MAA000779.3_11_M.1.1","MAA000779","T cell","CL:0000084"
"G6.MAA000779.3_11_M.1.1","MAA000779","B cell","CL:0000236"
"A12.MAA000779.3_11_M.1.1","MAA000779","B cell","CL:0000236"
"B14.MAA000779.3_11_M.1.1","MAA000779","T cell","CL:0000084"
"C16.MAA000779.3_11_M.1.1","MAA000779","T cell","CL:0000084"
"D18.MAA000779.3_11_M.1.1","MAA000779","B cell","CL:0000236"
"F2.MAA000779.3_11_M.1.1","MAA000779","T cell","CL:0000084"
"G7.MAA000779.3_11_M.1.1","MAA000779","B cell","CL:0000236"
"H9.MAA000779.3_11_M.1.1","MAA000779","B cell","CL:0000236"
"H8.MAA000779.3_11_M.1.1","MAA000779","B cell","CL:0000236"
"I13.MAA000779.3_11_M.1.1","MAA000779","B cell","CL:0000236"
"I12.MAA000779.3_11_M.1.1","MAA000779","B cell","CL:0000236"
"C17.MAA000779.3_11_M.1.1","MAA000779","B cell","CL:0000236"
"D21.MAA000779.3_11_M.1.1","MAA000779","B cell","CL:0000236"
"F3.MAA000779.3_11_M.1.1","MAA000779","B cell","CL:0000236"
"G8.MAA000779.3_11_M.1.1","MAA000779","B cell","CL:0000236"
"H10.MAA000779.3_11_M.1.1","MAA000779","T cell","CL:0000084"
"I15.MAA000779.3_11_M.1.1","MAA000779","B cell","CL:0000236"
"A13.MAA000779.3_11_M.1.1","MAA000779","B cell","CL:0000236"
"B15.MAA000779.3_11_M.1.1","MAA000779","B cell","CL:0000236"
"G9.MAA000779.3_11_M.1.1","MAA000779","B cell","CL:0000236"
"H11.MAA000779.3_11_M.1.1","MAA000779","B cell","CL:0000236"
"I16.MAA000779.3_11_M.1.1","MAA000779","T cell","CL:0000084"
"A14.MAA000779.3_11_M.1.1","MAA000779","B cell","CL:0000236"
"B16.MAA000779.3_11_M.1.1","MAA000779","B cell","CL:0000236"
"C18.MAA000779.3_11_M.1.1","MAA000779","B cell","CL:0000236"
"D22.MAA000779.3_11_M.1.1","MAA000779","B cell","CL:0000236"
"F4.MAA000779.3_11_M.1.1","MAA000779","B cell","CL:0000236"
"A15.MAA000779.3_11_M.1.1","MAA000779","B cell","CL:0000236"
"A16.MAA000779.3_11_M.1.1","MAA000779","B cell","CL:0000236"
"B18.MAA000779.3_11_M.1.1","MAA000779","B cell","CL:0000236"
"C20.MAA000779.3_11_M.1.1","MAA000779","B cell","CL:0000236"
"B17.MAA000779.3_11_M.1.1","MAA000779","B cell","CL:0000236"
"E2.MAA000779.3_11_M.1.1","MAA000779","B cell","CL:0000236"
"F7.MAA000779.3_11_M.1.1","MAA000779","B cell","CL:0000236"
"G11.MAA000779.3_11_M.1.1","MAA000779","B cell","CL:0000236"
"C19.MAA000779.3_11_M.1.1","MAA000779","B cell","CL:0000236"
"E1.MAA000779.3_11_M.1.1","MAA000779","B cell","CL:0000236"
"F5.MAA000779.3_11_M.1.1","MAA000779","B cell","CL:0000236"
"G10.MAA000779.3_11_M.1.1","MAA000779","B cell","CL:0000236"
"H12.MAA000779.3_11_M.1.1","MAA000779","B cell","CL:0000236"
"I18.MAA000779.3_11_M.1.1","MAA000779","B cell","CL:0000236"
"H13.MAA000779.3_11_M.1.1","MAA000779","B cell","CL:0000236"
"A17.MAA000779.3_11_M.1.1","MAA000779","B cell","CL:0000236"
"B19.MAA000779.3_11_M.1.1","MAA000779","T cell","CL:0000084"
"C21.MAA000779.3_11_M.1.1","MAA000779","B cell","CL:0000236"
"E3.MAA000779.3_11_M.1.1","MAA000779","B cell","CL:0000236"
"F8.MAA000779.3_11_M.1.1","MAA000779","B cell","CL:0000236"
"G12.MAA000779.3_11_M.1.1","MAA000779","B cell","CL:0000236"
"H14.MAA000779.3_11_M.1.1","MAA000779","T cell","CL:0000084"
"I20.MAA000779.3_11_M.1.1","MAA000779","B cell","CL:0000236"
"I19.MAA000779.3_11_M.1.1","MAA000779","B cell","CL:0000236"
"F9.MAA000779.3_11_M.1.1","MAA000779","B cell","CL:0000236"
"G13.MAA000779.3_11_M.1.1","MAA000779","B cell","CL:0000236"
"I21.MAA000779.3_11_M.1.1","MAA000779","B cell","CL:0000236"
"A18.MAA000779.3_11_M.1.1","MAA000779","B cell","CL:0000236"
"B20.MAA000779.3_11_M.1.1","MAA000779","B cell","CL:0000236"
"C22.MAA000779.3_11_M.1.1","MAA000779","B cell","CL:0000236"
"H16.MAA000779.3_11_M.1.1","MAA000779","T cell","CL:0000084"
"I22.MAA000779.3_11_M.1.1","MAA000779","myeloid cell","CL:0000763"
"K3.MAA000779.3_11_M.1.1","MAA000779","B cell","CL:0000236"
"L5.MAA000779.3_11_M.1.1","MAA000779","B cell","CL:0000236"
"M10.MAA000779.3_11_M.1.1","MAA000779","B cell","CL:0000236"
"N12.MAA000779.3_11_M.1.1","MAA000779","B cell","CL:0000236"
"O16.MAA000779.3_11_M.1.1","MAA000779","myeloid cell","CL:0000763"
"P19.MAA000779.3_11_M.1.1","MAA000779","B cell","CL:0000236"
"A19.MAA000779.3_11_M.1.1","MAA000779","B cell","CL:0000236"
"B21.MAA000779.3_11_M.1.1","MAA000779","T cell","CL:0000084"
"E5.MAA000779.3_11_M.1.1","MAA000779","B cell","CL:0000236"
"F11.MAA000779.3_11_M.1.1","MAA000779","T cell","CL:0000084"
"G14.MAA000779.3_11_M.1.1","MAA000779","T cell","CL:0000084"
"O17.MAA000779.3_11_M.1.1","MAA000779","B cell","CL:0000236"
"P20.MAA000779.3_11_M.1.1","MAA000779","B cell","CL:0000236"
"K5.MAA000779.3_11_M.1.1","MAA000779","B cell","CL:0000236"
"K4.MAA000779.3_11_M.1.1","MAA000779","B cell","CL:0000236"
"L7.MAA000779.3_11_M.1.1","MAA000779","B cell","CL:0000236"
"M11.MAA000779.3_11_M.1.1","MAA000779","B cell","CL:0000236"
"N13.MAA000779.3_11_M.1.1","MAA000779","B cell","CL:0000236"
"L8.MAA000779.3_11_M.1.1","MAA000779","B cell","CL:0000236"
"K6.MAA000779.3_11_M.1.1","MAA000779","B cell","CL:0000236"
"L9.MAA000779.3_11_M.1.1","MAA000779","B cell","CL:0000236"
"M12.MAA000779.3_11_M.1.1","MAA000779","B cell","CL:0000236"
"M13.MAA000779.3_11_M.1.1","MAA000779","B cell","CL:0000236"
"N15.MAA000779.3_11_M.1.1","MAA000779","B cell","CL:0000236"
"O19.MAA000779.3_11_M.1.1","MAA000779","B cell","CL:0000236"
"N14.MAA000779.3_11_M.1.1","MAA000779","B cell","CL:0000236"
"O18.MAA000779.3_11_M.1.1","MAA000779","B cell","CL:0000236"
"P21.MAA000779.3_11_M.1.1","MAA000779","B cell","CL:0000236"
"P22.MAA000779.3_11_M.1.1","MAA000779","B cell","CL:0000236"
"K7.MAA000779.3_11_M.1.1","MAA000779","B cell","CL:0000236"
"L10.MAA000779.3_11_M.1.1","MAA000779","B cell","CL:0000236"
"M14.MAA000779.3_11_M.1.1","MAA000779","B cell","CL:0000236"
"N16.MAA000779.3_11_M.1.1","MAA000779","B cell","CL:0000236"
"O20.MAA000779.3_11_M.1.1","MAA000779","T cell","CL:0000084"
"N17.MAA000779.3_11_M.1.1","MAA000779","B cell","CL:0000236"
"O21.MAA000779.3_11_M.1.1","MAA000779","B cell","CL:0000236"
"K8.MAA000779.3_11_M.1.1","MAA000779","B cell","CL:0000236"
"L12.MAA000779.3_11_M.1.1","MAA000779","B cell","CL:0000236"
"M15.MAA000779.3_11_M.1.1","MAA000779","B cell","CL:0000236"
"K10.MAA000779.3_11_M.1.1","MAA000779","B cell","CL:0000236"
"K9.MAA000779.3_11_M.1.1","MAA000779","B cell","CL:0000236"
"L14.MAA000779.3_11_M.1.1","MAA000779","B cell","CL:0000236"
"M17.MAA000779.3_11_M.1.1","MAA000779","B cell","CL:0000236"
"N20.MAA000779.3_11_M.1.1","MAA000779","T cell","CL:0000084"
"L13.MAA000779.3_11_M.1.1","MAA000779","B cell","CL:0000236"
"M16.MAA000779.3_11_M.1.1","MAA000779","B cell","CL:0000236"
"N19.MAA000779.3_11_M.1.1","MAA000779","B cell","CL:0000236"
"O22.MAA000779.3_11_M.1.1","MAA000779","B cell","CL:0000236"
"P1.MAA000779.3_11_M.1.1","MAA000779","B cell","CL:0000236"
"K11.MAA000779.3_11_M.1.1","MAA000779","B cell","CL:0000236"
"L15.MAA000779.3_11_M.1.1","MAA000779","B cell","CL:0000236"
"M18.MAA000779.3_11_M.1.1","MAA000779","B cell","CL:0000236"
"N21.MAA000779.3_11_M.1.1","MAA000779","B cell","CL:0000236"
"P2.MAA000779.3_11_M.1.1","MAA000779","B cell","CL:0000236"
"K12.MAA000779.3_11_M.1.1","MAA000779","B cell","CL:0000236"
"L16.MAA000779.3_11_M.1.1","MAA000779","T cell","CL:0000084"
"M19.MAA000779.3_11_M.1.1","MAA000779","T cell","CL:0000084"
"N22.MAA000779.3_11_M.1.1","MAA000779","B cell","CL:0000236"
"P3.MAA000779.3_11_M.1.1","MAA000779","B cell","CL:0000236"
"K13.MAA000779.3_11_M.1.1","MAA000779","B cell","CL:0000236"
"L17.MAA000779.3_11_M.1.1","MAA000779","myeloid cell","CL:0000763"
"M20.MAA000779.3_11_M.1.1","MAA000779","B cell","CL:0000236"
"O1.MAA000779.3_11_M.1.1","MAA000779","T cell","CL:0000084"
"P4.MAA000779.3_11_M.1.1","MAA000779","B cell","CL:0000236"
"J12.MAA000779.3_11_M.1.1","MAA000779","B cell","CL:0000236"
"K14.MAA000779.3_11_M.1.1","MAA000779","B cell","CL:0000236"
"L18.MAA000779.3_11_M.1.1","MAA000779","B cell","CL:0000236"
"M21.MAA000779.3_11_M.1.1","MAA000779","T cell","CL:0000084"
"O2.MAA000779.3_11_M.1.1","MAA000779","B cell","CL:0000236"
"P5.MAA000779.3_11_M.1.1","MAA000779","B cell","CL:0000236"
"J13.MAA000779.3_11_M.1.1","MAA000779","B cell","CL:0000236"
"K15.MAA000779.3_11_M.1.1","MAA000779","T cell","CL:0000084"
"L19.MAA000779.3_11_M.1.1","MAA000779","B cell","CL:0000236"
"M22.MAA000779.3_11_M.1.1","MAA000779","B cell","CL:0000236"
"O3.MAA000779.3_11_M.1.1","MAA000779","B cell","CL:0000236"
"P6.MAA000779.3_11_M.1.1","MAA000779","B cell","CL:0000236"
"J14.MAA000779.3_11_M.1.1","MAA000779","B cell","CL:0000236"
"K16.MAA000779.3_11_M.1.1","MAA000779","B cell","CL:0000236"
"L20.MAA000779.3_11_M.1.1","MAA000779","B cell","CL:0000236"
"N1.MAA000779.3_11_M.1.1","MAA000779","T cell","CL:0000084"
"O4.MAA000779.3_11_M.1.1","MAA000779","B cell","CL:0000236"
"P7.MAA000779.3_11_M.1.1","MAA000779","B cell","CL:0000236"
"J15.MAA000779.3_11_M.1.1","MAA000779","T cell","CL:0000084"
"K17.MAA000779.3_11_M.1.1","MAA000779","B cell","CL:0000236"
"L21.MAA000779.3_11_M.1.1","MAA000779","B cell","CL:0000236"
"N2.MAA000779.3_11_M.1.1","MAA000779","B cell","CL:0000236"
"O5.MAA000779.3_11_M.1.1","MAA000779","B cell","CL:0000236"
"P8.MAA000779.3_11_M.1.1","MAA000779","T cell","CL:0000084"
"J16.MAA000779.3_11_M.1.1","MAA000779","B cell","CL:0000236"
"K18.MAA000779.3_11_M.1.1","MAA000779","B cell","CL:0000236"
"L22.MAA000779.3_11_M.1.1","MAA000779","B cell","CL:0000236"
"N3.MAA000779.3_11_M.1.1","MAA000779","T cell","CL:0000084"
"J17.MAA000779.3_11_M.1.1","MAA000779","B cell","CL:0000236"
"K19.MAA000779.3_11_M.1.1","MAA000779","B cell","CL:0000236"
"O6.MAA000779.3_11_M.1.1","MAA000779","B cell","CL:0000236"
"P10.MAA000779.3_11_M.1.1","MAA000779","B cell","CL:0000236"
"P11.MAA000779.3_11_M.1.1","MAA000779","B cell","CL:0000236"
"J18.MAA000779.3_11_M.1.1","MAA000779","B cell","CL:0000236"
"M1.MAA000779.3_11_M.1.1","MAA000779","B cell","CL:0000236"
"N4.MAA000779.3_11_M.1.1","MAA000779","T cell","CL:0000084"
"O7.MAA000779.3_11_M.1.1","MAA000779","T cell","CL:0000084"
"M2.MAA000779.3_11_M.1.1","MAA000779","B cell","CL:0000236"
"N5.MAA000779.3_11_M.1.1","MAA000779","T cell","CL:0000084"
"O8.MAA000779.3_11_M.1.1","MAA000779","B cell","CL:0000236"
"P12.MAA000779.3_11_M.1.1","MAA000779","B cell","CL:0000236"
"K20.MAA000779.3_11_M.1.1","MAA000779","B cell","CL:0000236"
"M3.MAA000779.3_11_M.1.1","MAA000779","B cell","CL:0000236"
"N6.MAA000779.3_11_M.1.1","MAA000779","B cell","CL:0000236"
"O9.MAA000779.3_11_M.1.1","MAA000779","T cell","CL:0000084"
"P13.MAA000779.3_11_M.1.1","MAA000779","myeloid cell","CL:0000763"
"K21.MAA000779.3_11_M.1.1","MAA000779","T cell","CL:0000084"
"K22.MAA000779.3_11_M.1.1","MAA000779","T cell","CL:0000084"
"M4.MAA000779.3_11_M.1.1","MAA000779","B cell","CL:0000236"
"N7.MAA000779.3_11_M.1.1","MAA000779","T cell","CL:0000084"
"O10.MAA000779.3_11_M.1.1","MAA000779","B cell","CL:0000236"
"P14.MAA000779.3_11_M.1.1","MAA000779","B cell","CL:0000236"
"J20.MAA000779.3_11_M.1.1","MAA000779","T cell","CL:0000084"
"M6.MAA000779.3_11_M.1.1","MAA000779","B cell","CL:0000236"
"N8.MAA000779.3_11_M.1.1","MAA000779","B cell","CL:0000236"
"O11.MAA000779.3_11_M.1.1","MAA000779","B cell","CL:0000236"
"P15.MAA000779.3_11_M.1.1","MAA000779","T cell","CL:0000084"
"J21.MAA000779.3_11_M.1.1","MAA000779","B cell","CL:0000236"
"L1.MAA000779.3_11_M.1.1","MAA000779","T cell","CL:0000084"
"K1.MAA000779.3_11_M.1.1","MAA000779","B cell","CL:0000236"
"L3.MAA000779.3_11_M.1.1","MAA000779","B cell","CL:0000236"
"M8.MAA000779.3_11_M.1.1","MAA000779","B cell","CL:0000236"
"N10.MAA000779.3_11_M.1.1","MAA000779","T cell","CL:0000084"
"J22.MAA000779.3_11_M.1.1","MAA000779","B cell","CL:0000236"
"L2.MAA000779.3_11_M.1.1","MAA000779","B cell","CL:0000236"
"M7.MAA000779.3_11_M.1.1","MAA000779","B cell","CL:0000236"
"N9.MAA000779.3_11_M.1.1","MAA000779","B cell","CL:0000236"
"O12.MAA000779.3_11_M.1.1","MAA000779","B cell","CL:0000236"
"P16.MAA000779.3_11_M.1.1","MAA000779","B cell","CL:0000236"
"O14.MAA000779.3_11_M.1.1","MAA000779","B cell","CL:0000236"
"K2.MAA000779.3_11_M.1.1","MAA000779","T cell","CL:0000084"
"P17.MAA000779.3_11_M.1.1","MAA000779","B cell","CL:0000236"
"L4.MAA000779.3_11_M.1.1","MAA000779","B cell","CL:0000236"
"M9.MAA000779.3_11_M.1.1","MAA000779","B cell","CL:0000236"
"N11.MAA000779.3_11_M.1.1","MAA000779","B cell","CL:0000236"
"O15.MAA000779.3_11_M.1.1","MAA000779","B cell","CL:0000236"
"P18.MAA000779.3_11_M.1.1","MAA000779","B cell","CL:0000236"
