overlapGenesTissue1,overlapGenesTissue2,overlapGenesTissue3,overlapGenesTissue4,overlapGenesTissue5,overlapGenesTissue6,overlapGenesTissue7,overlapGenesTissue8,overlapGenesTissue9,overlapGenesTissue10,overlapGenesTissue11,overlapGenesTissue12,overlapGenesTissue13,overlapGenesTissue14,overlapGenesTissue15,overlapGenesTissue16,overlapGenesTissue17,overlapGenesTissue18
,Cell Ontology,FACS,Droplet10x,microwellSeq,FACS_10x,FACS_microwellSeq,microwellSeq_10x,FACS_10x_microwellSeq,,Cell Ontology,FACS,Droplet10x,microwellSeq,FACS_10x,FACS_microwellSeq,microwellSeq_10x,FACS_10x_microwellSeq
,bladder cell,0610007P08Rik,9130011J15Rik,Ackr3,0610007C21Rik,Abca8a,App,3632451O06Rik,,bladder urothelial cell,0610007P14Rik,Cltc,1700027J19Rik,0610009D07Rik,Acer2,,1110008P14Rik
,,0610009O20Rik,A130040M12Rik,Adamdec1,0610007N19Rik,Adamts10,F3,AW112010,,,0610007P22Rik,D14Ertd449e,9530034E10Rik,0610040J01Rik,Akr1b3,,1810037I17Rik
,,1110018J18Rik,Abhd16a,Adgrd1,0610037L13Rik,Adamtsl5,Hoxa10,Abhd14a,,,0610009L18Rik,Hnrnpa0,Adh1,1110003E01Rik,Ap1m2,,2010107E04Rik
,,1110028C15Rik,Akr1a1,Ahr,1110002B05Rik,Adcy7,Myl12a,Abi3bp,,,0610010O12Rik,Plxnb2,Adtrp,1110008F13Rik,Arl6ip1,,2200002D01Rik
,,1110038B12Rik,Anxa1,Aldh1a1,1110065P20Rik,Ahnak,Nampt,Acadsb,,,0610011F06Rik,Polr2l,Coa3,1110017F19Rik,Atp5c1,,2410015M20Rik
,,1110050K14Rik,Ap2m1,B3gnt9,1500012F01Rik,Apod,Plat,Actg2,,,0610011L14Rik,Rpl31-ps12,Cops9,1110032A04Rik,Bola3,,8430408G22Rik
,,1110051M20Rik,Arf1,Basp1,1500032L24Rik,Arl1,Prkar1a,Actn1,,,0610030E20Rik,Vegfa,Cyb5a,1190003J15Rik,Capn13,,Abcd3
,,1110057K04Rik,Arl6ip5,Bglap2,1700019E19Rik,B4galt1,Ptgs1,Adam23,,,1110001A16Rik,,Cystm1,1300001I01Rik,Cblc,,Abhd12
,,1190002H23Rik,Atp6ap2,Bmp7,1810006K21Rik,C3,Slc3a2,Adamts2,,,1110004E09Rik,,Fam207a,1500003O03Rik,Cib1,,Acaa1b
,,1190002N15Rik,Azin1,Bzw2,1810027O10Rik,Cbx6,Sqrdl,Add3,,,1110004F10Rik,,Gm16136,1600029D21Rik,Clu,,Acadl
,,1300014I06Rik,Brd2,C1qtnf3,1810055G02Rik,Cdc42ep2,Tram1,Adk,,,1110008L16Rik,,Gm9843,1810008A18Rik,Cox7b,,Acox1
,,1500011H22Rik,Btg2,C1s1,2010002N04Rik,Csf1,Ugdh,Aebp1,,,1110014N23Rik,,Gstm2-ps1,1810011O10Rik,Ctsd,,Adipor2
,,1700011J10Rik,C1d,Ccndbp1,2310044H10Rik,Dpt,Wls,Akap12,,,1110020G09Rik,,Hacd2,1810046J19Rik,Dbnl,,Akr1b8
,,1810020D17Rik,Ccdc85b,Cd55,2410006H16Rik,Eln,Xpnpep1,Aldh1a2,,,1110031I02Rik,,Hba-a1,2010109K11Rik,Duoxa1,,Aldh1a7
,,1810041L15Rik,Cdc42,Cd63-ps,4930583H14Rik,Fmo2,,Aldh2,,,1110049F12Rik,,Hba-a2,2210411K11Rik,Entpd6,,Aldh3b2
,,1810074P20Rik,Cdk16,Celf2,9030425E11Rik,Fzd7,,Angptl2,,,1110054M08Rik,,Hbb-bs,2410004N09Rik,Fabp4,,Alpl
,,2010106G01Rik,Cdk4,Clmp,9530068E07Rik,G0s2,,Antxr1,,,1110054O05Rik,,Mfsd4a,2610035D17Rik,Fam174b,,Apoc1
,,2010320M18Rik,Cfl1,Copg1,A430107O13Rik,Gabra3,,Anxa2,,,1190005F20Rik,,Mien1,2900053A13Rik,Ftl1,,Aqp3
,,2210013O21Rik,Chic2,Cped1,A4galt,Gas1,,Anxa5,,,1190007I07Rik,,Msmo1,4931406C07Rik,Hsd17b2,,Arpc1a
,,2310008H04Rik,Clic1,Cpq,AI597468,Gpc3,,Anxa6,,,1200011M11Rik,,Nectin2,4933407C03Rik,Mapk13,,Atox1
,,2310022B05Rik,Cnih,Creld2,Aard,Gxylt2,,Aprt,,,1300002E11Rik,,Pkm,5430407P10Rik,Marcksl1,,Atp5a1
,,2310047M10Rik,Csnk1d,Dmkn,Abca1,Heg1,,Arap1,,,1300010F03Rik,,Plet1,5730469M10Rik,Mdh1,,Atp6v0e
,,2410089E03Rik,Ctbp1,Dner,Abhd8,Hspa12b,,Arf4,,,1300018J18Rik,,Plpp2,5730559C18Rik,Mocs2,,Atrn
,,2510009E07Rik,Cuedc2,Epb41l2,Ablim1,Igf1,,Arhgef25,,,1500002O20Rik,,Sf3b6,6430527G18Rik,Ndufa12,,Bace2
,,2610034B18Rik,Cyb5r3,Eva1b,Acat1,Il6st,,Asz1,,,1500011B03Rik,,Smim22,9130008F23Rik,Ormdl1,,Cbr2
,,2610301B20Rik,Dap,Fam210b,Acta2,Lamb1,,Atf5,,,1600012H06Rik,,Sprr2a3,9230102O04Rik,Osbpl2,,Cd200r3
,,2610524H06Rik,Ddx5,Foxf1,Acvrl1,Lrrc32,,Atp1a2,,,1600014C10Rik,,Sptssb,9530036O11Rik,Phyh,,Cd24a
,,2700081O15Rik,Ddx50,Gdf10,Adamts1,Man1a,,Atp2b1,,,1600021P15Rik,,Tspan13,AA986860,Polb,,Cdh1
,,2810055F11Rik,Dek,Ginm1,Adck4,Olfml2b,,Avpr1a,,,1700001L05Rik,,Urah,AI848100,Ppa1,,Cds1
,,2900092E17Rik,Derl1,Gm13588,Adprh,Parp3,,Axl,,,1700009P17Rik,,,AW555464,Prdx3,,Chchd10
,,4632428N05Rik,Dynlrb1,Id2,Afap1,Pcdh18,,Bfar,,,1700017B05Rik,,,Abcc3,Psapl1,,Cisd1
,,4921524J17Rik,Efna5,Itgbl1,Aga,Pdgfd,,Bgn,,,1700020I14Rik,,,Abcc4,Pycard,,Ckmt1
,,4930414L22Rik,Eif1a,Lrat,Agpat4,Pla1a,,Bicc1,,,1700020O03Rik,,,Abhd6,Rnf181,,Cldn4
,,4930444A02Rik,Eif5a,Lrp10,Aida,Pmepa1,,Bmp1,,,1700029G01Rik,,,Acbd6,Scp2,,Cldn7
,,4931440P22Rik,Entpd4,Medag,Ak1,Postn,,Bmp4,,,1810012P15Rik,,,Acot1,Sdr42e1,,Cmbl
,,4933421O10Rik,Ergic3,Nqo1,Ak3,Prss23,,Bmp5,,,1810014F10Rik,,,Acot7,Tc2n,,Cox17
,,4933426M11Rik,Fam18b,Nrep,Akap2,Ptch1,,C1qtnf2,,,1810019D21Rik,,,Acsl3,Timm8b,,Cox4i1
,,4933439F18Rik,Fkbp3,Ntrk1,Akt2,Ptprk,,C1qtnf7,,,1810019J16Rik,,,Actn4,Tmem184a,,Cox6b1
,,5031426D15Rik,Fkbp8,Papss1,Alg5,S1pr2,,C1ra,,,1810026B05Rik,,,Adam10,Tspan6,,Cox8a
,,5430435G22Rik,Gadd45a,Pcolce2,Alkbh5,Scn7a,,C2,,,1810035L17Rik,,,Adam28,Tspan8,,Cstb
,,5730409E04Rik,Gdi2,Phlda1,Anapc11,Sept4,,C4b,,,1810043H04Rik,,,Adh7,Uchl3,,Ctnnb1
,,5730437N04Rik,Gpx4,Pla2g4a,Anapc5,Sh3bp5,,Cadm3,,,2010016I18Rik,,,Adm,Vps36,,Ctse
,,5730455P16Rik,H1f0,Pla2g7,Ankrd12,Slc29a1,,Calcrl,,,2010107G23Rik,,,Aebp2,Wbscr27,,Ctsh
,,5730494M16Rik,H2-D1,Plpp1,Anpep,Slc39a13,,Cald1,,,2010305A19Rik,,,Aff1,,,Cyp4f15
,,6330406I15Rik,H2afv,Plpp3,Antxr2,Slit3,,Calu,,,2010321M09Rik,,,Ahcyl2,,,Dbi
,,6530401N04Rik,Herpud2,Ptgfrn,Ap3s1,Srpx2,,Camk2n1,,,2210016F16Rik,,,Ahr,,,Defb1
,,9330159F19Rik,Higd1a,RP24-105I7.2,Appl1,Sulf2,,Capn2,,,2210403K04Rik,,,Aim1,,,Degs2
,,9430020K01Rik,Hmgb1,Selenof,Arhgap28,Tgfbr2,,Car3,,,2210408F21Rik,,,Akirin1,,,Dgat2
,,9530082P21Rik,Hnrnph1,Selenom,Arhgap31,Tgoln1,,Ccdc80,,,2310001A20Rik,,,Alcam,,,Dnmt3l
,,9830001H06Rik,Hnrpdl,Selenop,Arid5a,Tmem204,,Cck,,,2310003C23Rik,,,Aldh3a1,,,Dsg2
,,A630007B06Rik,Ier3,Sfrp4,Arid5b,Tnfsf13b,,Ccnd3,,,2310003H01Rik,,,Aldh6a1,,,Dynlt3
,,A930001N09Rik,Ier5,Slc1a5,Arih1,Tppp3,,Cd164,,,2310004I24Rik,,,Als2cl,,,Ebpl
,,AI480653,Impdh2,Snap47,Arl13b,Tshz2,,Cd200,,,2310004N24Rik,,,Anapc13,,,Eef1b2
,,AI506816,Iscu,Snhg18,Arl3,Vcl,,Cd248,,,2310008H09Rik,,,Ank3,,,Elf3
,,AI593442,Itm2b,Sptbn1,Arl4a,,,Cd302,,,2310009B15Rik,,,Ankrd22,,,Enpp5
,,AW549877,Lamp1,Stc2,Arl4c,,,Cd34,,,2310011J03Rik,,,Ankrd50,,,Entpd3
,,AW551984,Lmna,Stmn2,Arl4d,,,Cd47,,,2310016M24Rik,,,Ano1,,,Epcam
,,Abat,Maff,Sulf1,Armcx3,,,Cd63,,,2310035C23Rik,,,Anxa11,,,Ergic1
,,Abca5,Mapre1,Tceal9,Arsb,,,Cd81,,,2310036O22Rik,,,Anxa3,,,Ermp1
,,Abca9,Mat2a,Tnfrsf19,As3mt,,,Cdh11,,,2310037I24Rik,,,Anxa4,,,Ezr
,,Abcg1,Mgat2,Tpm1,Atf3,,,Ces2g,,,2310043J07Rik,,,Anxa8,,,F11r
,,Abcg2,Nedd8,Tspan8,B2m,,,Cfh,,,2310061I04Rik,,,Apc,,,Fa2h
,,Abi2,Ngfrap1,,B3gnt1,,,Cgrrf1,,,2310067B10Rik,,,Aplp2,,,Fabp5
,,Abl1,Oaz1,,B3gnt9-ps,,,Chodl,,,2400003C14Rik,,,Arap2,,,Fam25c
,,Acap3,Paip2,,B4galt5,,,Chpf,,,2410001C21Rik,,,Areg,,,Fau
,,Acp2,Phf23,,BC013529,,,Clec11a,,,2410002O22Rik,,,Arfgef1,,,Fbp2
,,Adam15,Pim3,,BC017612,,,Clec3b,,,2410004B18Rik,,,Arhgef5,,,Fdps
,,Adam17,Plac9,,Bag3,,,Cmtm3,,,2410016O06Rik,,,Arpp19,,,Fmo5
,,Adam19,Prdx1,,Batf,,,Cnn2,,,2410042D21Rik,,,Asns,,,Foxq1
,,Adam9,Prdx2,,Bcl7c,,,Cnn3,,,2500003M10Rik,,,Atp13a3,,,Fuca2
,,Adamts4,Ptma,,Bdh2,,,Col12a1,,,2510002D24Rik,,,Atp1a1,,,Fxyd3
,,Adamts5,Rab18,,Bhlhe40,,,Col14a1,,,2510006D16Rik,,,Atp1b1,,,G6pdx
,,Adamts9,Rab5a,,Birc3,,,Col15a1,,,2510039O18Rik,,,Atp1b3,,,Galnt6
,,Adamtsl1,Raly,,Bloc1s1,,,Col16a1,,,2610018G03Rik,,,Atp5e,,,Gata3
,,Adamtsl3,Rbm3,,Bmp2,,,Col1a1,,,2610019F03Rik,,,Atp5g2,,,Gjb6
,,Adamtsl4,Rhoa,,Boc,,,Col1a2,,,2610027L16Rik,,,Atp5g3,,,Gltp
,,Add1,Rnh1,,Bst2,,,Col3a1,,,2610101N10Rik,,,Atp5l,,,Gpa33
,,Ado,Sarnp,,C1qtnf1,,,Col4a1,,,2610301G19Rik,,,Atp8b1,,,Gsdmc2
,,Agk,Sat1,,C1qtnf6,,,Col4a2,,,2610528E23Rik,,,Atpif1,,,Gsta2
,,Agtrap,Sdcbp,,C1s,,,Col4a5,,,2610528J11Rik,,,Avpi1,,,Gsta4
,,Ahi1,Selk,,Cacnb3,,,Col5a1,,,2700060E02Rik,,,B4galt6,,,Gstm4
,,Ahsa2,Sertad2,,Calm2,,,Col5a2,,,2700089E24Rik,,,Baiap2l1,,,Gsto1
,,Aif1l,Sf3b1,,Calm3,,,Col6a1,,,2700097O09Rik,,,Bcam,,,Gstt3
,,Airn,Sfr1,,Calml4,,,Col6a2,,,2810004N23Rik,,,Bcar3,,,H2afj
,,Akap11,Slbp,,Calr,,,Col6a3,,,2810008D09Rik,,,Bicd2,,,Hebp2
,,Akap13,Snrpb,,Camk1,,,Col8a1,,,2810008M24Rik,,,Bola2,,,Hsd17b12
,,Akt3,Snx3,,Camk2d,,,Colec12,,,2810046L04Rik,,,Braf,,,Hsdl2
,,Aldh18a1,Sod2,,Capns1,,,Copz2,,,2810403A07Rik,,,Btf3,,,Idh1
,,Aldh7a1,Sqstm1,,Carhsp1,,,Cox6b2,,,2810407C02Rik,,,C030046I01Rik,,,Igfbp2
,,Als2cr4,Sra1,,Casc4,,,Cpxm1,,,2810422J05Rik,,,C1qtnf4,,,Igsf5
,,Amigo2,Sri,,Casp12,,,Cpz,,,2810432L12Rik,,,C77080,,,Il17re
,,Amotl1,Srsf2,,Casp4,,,Creb3l1,,,2810453I06Rik,,,Cab39,,,Ivl
,,Ampd2,Srsf3,,Cav1,,,Crispld2,,,2810474O19Rik,,,Capn1,,,Jup
,,Ampd3,Srsf7,,Cbx4,,,Crtap,,,2900010M23Rik,,,Capn5,,,Kcnk1
,,Ank2,Stt3a,,Ccdc23,,,Csrp1,,,2900026A02Rik,,,Cast,,,Krt15
,,Ankrd46,Tceb1,,Ccnl1,,,Csrp2,,,3110002H16Rik,,,Casz1,,,Krt18
,,Anks3,Tfg,,Ccpg1,,,Cst3,,,3110043O21Rik,,,Cav2,,,Krt19
,,Aox3,Tmed10,,Ccrl2,,,Ctdsp2,,,3200002M19Rik,,,Ccbl1,,,Krt20
,,Ap1m1,Tmed2,,Cdkn2d,,,Ctsf,,,4632427E13Rik,,,Ccdc109a,,,Krt5
,,Ap2a2,Tmem59,,Cdr2l,,,Ctsk,,,4833439L19Rik,,,Ccdc56,,,Krt7
,,Apaf1,Tra2b,,Cebpb,,,Ctsl,,,4921506M07Rik,,,Ccdc6,,,Krt8
,,Apcdd1,Trip6,,Cebpd,,,Ctsz,,,4930402H24Rik,,,Ccdc72,,,Lad1
,,Apoe,Tubb2a,,Cfb,,,Cxcl12,,,4930420K17Rik,,,Ccrn4l,,,Ldhb
,,Arcn1,Ubc,,Chst12,,,Cxcl14,,,4930452B06Rik,,,Cd2ap,,,Lgals3
,,Arfgap1,Ube2d3,,Chst2,,,Cyba,,,4930453N24Rik,,,Cd55,,,Lmo1
,,Arfip2,Ugp2,,Cish,,,Cygb,,,4930471M23Rik,,,Cd9,,,Lsr
,,Arhgap17,Vdac3,,Cited2,,,Cyr61,,,4930506M07Rik,,,Cdc42ep5,,,Ly6d
,,Arhgap20,Yif1a,,Ckap4,,,Dab2,,,4930556M19Rik,,,Cdc42se1,,,Lypd3
,,Arhgap44,Yipf4,,Clic4,,,Dcn,,,4932411E22Rik,,,Cdkn2b,,,Mal
,,Arhgap6,Ywhah,,Clk1,,,Ddah2,,,4933403F05Rik,,,Cdv3,,,Me1
,,Arhgef10,,,Cmtm7,,,Ddr2,,,4933416M07Rik,,,Cela1,,,Mgst1
,,Arhgef17,,,Cnpy2,,,Degs1,,,4933421E11Rik,,,Cgn,,,Mgst2
,,Arhgef19,,,Cnpy3,,,Dkk2,,,4933434E20Rik,,,Chac1,,,Mgst3
,,Arhgef2,,,Cnpy4,,,Dkk3,,,5031439G07Rik,,,Chchd2,,,Mif
,,Arhgef3,,,Cnrip1,,,Dnajb1,,,5430416N02Rik,,,Chka,,,Mpzl2
,,Arhgef40,,,Cntn4,,,Dnajc3,,,5430417L22Rik,,,Chmp1b,,,Myof
,,Arl5b,,,Col11a1,,,Dpep1,,,5730403B10Rik,,,Clcn3,,,Ndrg2
,,Arl6,,,Col27a1,,,Dpysl3,,,5730494N06Rik,,,Cldn23,,,Nfe2l3
,,Armc1,,,Col4a6,,,Dtx3,,,5730507C01Rik,,,Clint1,,,Nipal1
,,Armcx1,,,Copb2,,,Dynll1,,,5730508B09Rik,,,Cmc1,,,Nop10
,,Armcx2,,,Cope,,,Ecm1,,,5730528L13Rik,,,Cmtm4,,,Nrarp
,,Arnt,,,Copg,,,Efemp1,,,5830433M19Rik,,,Coq7,,,Ociad2
,,Arrdc3,,,Crip1,,,Efemp2,,,6030458C11Rik,,,Cox5a,,,Oit1
,,Arsa,,,Cryab,,,Egr1,,,6330409N04Rik,,,Cox7a2l,,,Osgin1
,,Arsj,,,Csgalnact2,,,Ehd2,,,6720401G13Rik,,,Cpe,,,Pabpc1
,,Arsk,,,Csrnp1,,,Emilin1,,,6820431F20Rik,,,Cpeb2,,,Paqr5
,,Asap1,,,Ctsb,,,Emp1,,,8430410A17Rik,,,Cpt1a,,,Parm1
,,Atad2,,,Cxcl10,,,Emp3,,,9330133O14Rik,,,Crb3,,,Pdcl3
,,Atg16l2,,,Cxcl16,,,Enpp2,,,9430008C03Rik,,,Creld1,,,Pdzk1ip1
,,Atg9a,,,Cxcr7,,,Entpd2,,,9430016H08Rik,,,Ctnna1,,,Pebp1
,,Athl1,,,Cxx1c,,,F2r,,,9430023L20Rik,,,Ctnnal1,,,Perp
,,Atp10a,,,Cyp1b1,,,Fam105a,,,9430038I01Rik,,,Ctnnd1,,,Pgrmc1
,,Atp2b4,,,Cyp27a1,,,Fam114a1,,,9530008L14Rik,,,Cxadr,,,Pllp
,,Atp7a,,,D17Wsu104e,,,Fblim1,,,9930021J03Rik,,,Cyb5,,,Ppdpf
,,Atp8b2,,,D4Wsu53e,,,Fbln1,,,A130010J15Rik,,,Cyb561,,,Ppfibp2
,,Atrip,,,Dact1,,,Fbln2,,,A130040M12Rik,,,Cyb5b,,,Ppia
,,Atrnl1,,,Dad1,,,Fbln5,,,A2ld1,,,Cyp2f2,,,Prdx5
,,Axin2,,,Dbn1,,,Fbn1,,,A330049M08Rik,,,D15Ertd621e,,,Prkab1
,,B230120H23Rik,,,Dbp,,,Fcgrt,,,A730017L22Rik,,,D17Wsu92e,,,Psca
,,B3galnt1,,,Dctn2,,,Fgfr1,,,A830080D01Rik,,,Dazap2,,,Ptgr1
,,B3galtl,,,Dctn6,,,Fhl1,,,A930005H10Rik,,,Dcxr,,,Ptprf
,,B3gnt8,,,Ddit3,,,Fkbp10,,,AA960436,,,Ddx6,,,Pttg1ip
,,B4galt2,,,Ddost,,,Fkbp14,,,AI463170,,,Dennd2c,,,Rab11a
,,B9d1,,,Dennd5a,,,Fkbp7,,,AI846148,,,Depdc7,,,Rab15
,,B9d2,,,Dhrs1,,,Fkbp9,,,AU019823,,,Dhcr24,,,Rab25
,,BC003331,,,Dhrs7,,,Fmo1,,,AU040320,,,Dhx40,,,Rab27b
,,BC006779,,,Diap2,,,Fn1,,,AW209491,,,Dnm2,,,Reep4
,,BC017643,,,Dlgap4,,,Fndc1,,,Aagab,,,Dock8,,,Rhov
,,BC023829,,,Dnaja1,,,Fstl1,,,Aamp,,,Dppa5a,,,Rnf128
,,BC029214,,,Dnajb11,,,Fstl3,,,Aars,,,Dsp,,,Rpl14
,,BC029722,,,Dnajb9,,,Fxyd1,,,Aasdhppt,,,Dusp16,,,Rpl29
,,BC030336,,,Dnajc1,,,Fxyd5,,,Abca3,,,Dusp4,,,Rplp0
,,BC031353,,,Dnajc10,,,Fxyd6,,,Abcb8,,,Dusp6,,,Rps6
,,BC096441,,,Dnajc25,,,Fzd1,,,Abcc1,,,Dynll2,,,S100a11
,,Bace1,,,Dnm1,,,Gaa,,,Abcd4,,,Eci1,,,S100a14
,,Bach1,,,Dpm3,,,Gabarapl1,,,Abce1,,,Edf1,,,Scamp5
,,Bad,,,Dpysl2,,,Gadd45g,,,Abcf1,,,Eef1a1,,,Sdc1
,,Bcat1,,,Dse,,,Gas5,,,Abcf2,,,Eef1g,,,Serinc2
,,Bcl9l,,,Dusp1,,,Gas6,,,Abcf3,,,Eef2,,,Sfn
,,Bcor,,,E130203B14Rik,,,Gda,,,Abhd10,,,Eef2k,,,Sgpl1
,,Bdkrb2,,,Echdc2,,,Gfpt2,,,Abhd13,,,Efnb2,,,Sh3bgrl2
,,Best1,,,Egflam,,,Gm2a,,,Abhd2,,,Egln3,,,Sh3gl2
,,Bet1l,,,Egr2,,,Gm973,,,Abhd4,,,Ehf,,,Shh
,,Bmp2k,,,Eid1,,,Gnas,,,Abi1,,,Ei24,,,Slc14a1
,,Bmpr2,,,Eif1b,,,Gngt2,,,Abt1,,,Eif2s2,,,Slc25a10
,,Bmyc,,,Eml1,,,Golim4,,,Abtb1,,,Eif3f,,,Slc25a5
,,Bnc2,,,Eng,,,Gpc6,,,Acaa1a,,,Eif4b,,,Slc35f5
,,Bnip2,,,Eny2,,,Gpx3,,,Acaa2,,,Eif4ebp1,,,Smagp
,,Brd3,,,Epb4.1l2,,,Gpx7,,,Acad10,,,Emid1,,,Snx31
,,Btbd2,,,Erf,,,Grem2,,,Acad11,,,Emp2,,,Sod1
,,Btbd7,,,Eri3,,,Gsn,,,Acadm,,,Enho,,,Spint1
,,Btd,,,Erlec1,,,Gstm2,,,Acads,,,Enpp4,,,Spint2
,,C130039O16Rik,,,Errfi1,,,Gstt1,,,Acadvl,,,Entpd5,,,Sprr1a
,,C1qb,,,Evi5,,,Gtf2e2,,,Acat2,,,Epha2,,,Srd5a1
,,C1rl,,,Ext2,,,Gypc,,,Acbd4,,,Epn3,,,Ssu72
,,C7,,,Fam102b,,,Hexb,,,Acbd5,,,Eps8l2,,,St8sia6
,,Cachd1,,,Fam176b,,,Hhip,,,Acly,,,Erdr1,,,Sub1
,,Cacna2d1,,,Fam195b,,,Hic1,,,Aco1,,,Esd,,,Syngr1
,,Cad,,,Fam38a,,,Hoxa11,,,Aco2,,,Esrp1,,,Sypl
,,Calhm2,,,Fam92a,,,Hsd11b1,,,Acot8,,,Etfb,,,Syt8
,,Camk1d,,,Fbxo30,,,Hsp90aa1,,,Acp5,,,Ets1,,,Sytl1
,,Camkk2,,,Fem1b,,,Hsp90b1,,,Acp6,,,Ets2,,,Tacstd2
,,Capn7,,,Fermt2,,,Hspa1a,,,Acsbg1,,,Evpl,,,Taldo1
,,Caprin2,,,Fgf7,,,Hspa1b,,,Acsf2,,,Fads1,,,Tmc4
,,Casp8ap2,,,Fkbp11,,,Hspa5,,,Acsf3,,,Fam102a,,,Tmem123
,,Cat,,,Fkbp1a,,,Hspb8,,,Acsl1,,,Fam110c,,,Tmem134
,,Cbfa2t3,,,Fkbp2,,,Hspg2,,,Acsl5,,,Fam126a,,,Tmem154
,,Cblb,,,Flna,,,Htra1,,,Acss2,,,Fam129b,,,Tmem205
,,Cbx3,,,Flot2,,,Htra3,,,Actg1,,,Fam83h,,,Tmem30b
,,Cbx5,,,Fmnl2,,,Id3,,,Actl6a,,,Fam84a,,,Tmem45b
,,Cby1,,,Fndc3a,,,Ifi27l2a,,,Actr2,,,Far1,,,Tmem64
,,Cc2d1a,,,Fndc3b,,,Ifitm1,,,Actr3,,,Fat2,,,Tmprss2
,,Cc2d2a,,,Fos,,,Ifitm2,,,Actr6,,,Fdft1,,,Tnfaip2
,,Ccdc109b,,,Fosb,,,Ifitm3,,,Actr8,,,Fdx1,,,Tpd52
,,Ccdc127,,,Fosl2,,,Ift20,,,Acvr2a,,,Fer1l4,,,Trappc6a
,,Ccdc152,,,Fth1,,,Igfbp4,,,Acy3,,,Fhdc1,,,Trim29
,,Ccdc32,,,Fuca1,,,Igfbp6,,,Acyp1,,,Flnb,,,Tspan15
,,Ccdc41,,,Fundc2,,,Igfbp7,,,Acyp2,,,Flrt3,,,Uba52
,,Ccdc48,,,Gabarap,,,Igsf10,,,Adar,,,Fosl1,,,Ubxn1
,,Ccdc88a,,,Gadd45b,,,Il11ra1,,,Adck2,,,Foxa1,,,Uchl1
,,Ccdc90a,,,Galnt1,,,Ilk,,,Adck3,,,Frmd4b,,,Ugt2b34
,,Ccni,,,Gas7,,,Inmt,,,Adck5,,,Fscn1,,,Upk1a
,,Ccno,,,Gata5,,,Islr,,,Adh5,,,Furin,,,Upk1b
,,Cd320,,,Gata6,,,Itga11,,,Adi1,,,Fxyd4,,,Upk2
,,Cd40,,,Gbp2,,,Itgb1,,,Adipor1,,,Fzd6,,,Upk3a
,,Cd97,,,Gbp7,,,Itih5,,,Adprhl2,,,Galntl1,,,Upk3b
,,Cdan1,,,Gcap14,,,Itm2a,,,Adrbk1,,,Gata2,,,Uqcr10
,,Cdc14b,,,Gcc1,,,Itm2c,,,Adrm1,,,Gclc,,,Uqcr11
,,Cdc16,,,Gcsh,,,Jun,,,Adsl,,,Gclm,,,Vamp5
,,Cdc26,,,Gem,,,Junb,,,Adss,,,Gjb2,,,Vamp8
,,Cdc42bpa,,,Ggcx,,,Kazald1,,,Adssl1,,,Gltscr2,,,Vsig2
,,Cdc42ep1,,,Ggh,,,Kdelr3,,,Aen,,,Gm19557,,,Wfdc15b
,,Cdk14,,,Ghr,,,Klf4,,,Afap1l2,,,Gm5480,,,Wfdc2
,,Cdkn1b,,,Gja1,,,Krtdap,,,Aff4,,,Gm6654,,,Zdhhc13
,,Cdkn1c,,,Gli1,,,Lama2,,,Afg3l1,,,Gmpr,,,Zmat5
,,Cdr2,,,Glipr2,,,Lama4,,,Aftph,,,Gnb2l1,,,
,,Cenpl,,,Glis2,,,Lamc1,,,Agap3,,,Gng5,,,
,,Cep170,,,Glo1,,,Lamp2,,,Agfg1,,,Golga4,,,
,,Cercam,,,Gls,,,Laptm4a,,,Agfg2,,,Got1,,,
,,Cflar,,,Glt25d1,,,Lbp,,,Agmo,,,Gpr56,,,
,,Cgnl1,,,Glt8d1,,,Lgals1,,,Agpat1,,,Gpx2,,,
,,Cgref1,,,Glud1,,,Lgals3bp,,,Agpat2,,,Grhl1,,,
,,Chchd1,,,Glul,,,Lgals9,,,Agpat3,,,Grhl3,,,
,,Chic1,,,Gm12216,,,Lgmn,,,Agpat5,,,Grpel1,,,
,,Chpf2,,,Gm13889,,,Lhfp,,,Agpat9,,,Gsdmc3,,,
,,Chpt1,,,Gm1821,,,Lhfpl2,,,Agrn,,,Gsr,,,
,,Chrdl1,,,Gna11,,,Lmo4,,,Aig1,,,Gsta1,,,
,,Chrnb1,,,Gna13,,,Lox,,,Aim1l,,,Gsta3,,,
,,Chst11,,,Gnai1,,,Loxl1,,,Ak2,,,Gstm1,,,
,,Chst14,,,Gnai2,,,Loxl2,,,Akap10,,,Gstp1,,,
,,Chsy1,,,Gnb2,,,Lpar1,,,Akap8,,,Gtf2i,,,
,,Ckb,,,Gnb4,,,Lpl,,,Akirin2,,,Gtpbp4,,,
,,Clasp2,,,Gng10,,,Lrp1,,,Aknad1,,,H2afy,,,
,,Clcn4-2,,,Gorasp2,,,Lrrc17,,,Akr1b10,,,Has3,,,
,,Clcn7,,,Gpm6b,,,Lsp1,,,Akr1e1,,,Hbegf,,,
,,Cldn1,,,Gpr124,,,Ltbp3,,,Akr7a5,,,Hes1,,,
,,Clec14a,,,Gpr153,,,Ltbp4,,,Aktip,,,Hif1a,,,
,,Clip3,,,Gpr180,,,Lum,,,Alad,,,Hilpda,,,
,,Cln5,,,Gpsm3,,,Ly6a,,,Aldh16a1,,,Hint2,,,
,,Cntln,,,Gpx1,,,Ly6c1,,,Aldh1a1,,,Hip1r,,,
,,Col23a1,,,Gpx8,,,Maged1,,,Aldh3a2,,,Hmgn1,,,
,,Copa,,,Gramd1a,,,Manf,,,Aldh4a1,,,Hmox1,,,
,,Copb1,,,Grasp,,,Map1lc3a,,,Aldh5a1,,,Hnrnpab,,,
,,Coq10a,,,Grn,,,Matn2,,,Aldh9a1,,,Homer2,,,
,,Cplx2,,,Gsk3a,,,Mdk,,,Aldoa,,,Hpgd,,,
,,Cpt1c,,,Gstm5,,,Meg3,,,Alg11,,,Hras1,,,
,,Creb3l2,,,H13,,,Mettl7a1,,,Alg9,,,Hs3st1,,,
,,Creb5,,,H2-Q4,,,Mfap2,,,Alkbh1,,,Hsd17b14,,,
,,Crtc3,,,H2afy2,,,Mfap4,,,Alkbh6,,,Hspa4,,,
,,Csdc2,,,H47,,,Mfap5,,,Alox12,,,Hspa9,,,
,,Csnk1g1,,,H6pd,,,Mgll,,,Amdhd2,,,Htatip2,,,
,,Ctdnep1,,,Has1,,,Mgp,,,Amfr,,,Id1,,,
,,Ctdspl,,,Hdlbp,,,Mmp14,,,Ammecr1l,,,Id2,,,
,,Ctdspl2,,,Herpud1,,,Mmp19,,,Anapc7,,,Ikzf2,,,
,,Ctgf,,,Hexa,,,Mmp2,,,Ang,,,Il17rc,,,
,,Ctsa,,,Hk2,,,Mmp23,,,Ank,,,Il33,,,
,,Cttnbp2nl,,,Hmgn2,,,Morf4l2,,,Ankhd1,,,Ildr1,,,
,,Cul7,,,Hn1,,,Mpzl1,,,Ankle2,,,Ipmk,,,
,,Cxcl1,,,Hoxa11as,,,Mrc2,,,Ankrd13a,,,Irak2,,,
,,Cxx1a,,,Hpcal1,,,Ms4a4d,,,Ankrd13c,,,Irf6,,,
,,Cxx1b,,,Hpse,,,Mxd4,,,Ankrd40,,,Itga3,,,
,,Cyp20a1,,,Hsd17b11,,,Mxra7,,,Ankrd44,,,Itga6,,,
,,Cyp2d22,,,Hspa8,,,Mxra8,,,Ankrd49,,,Itgb4,,,
,,Cys1,,,Hsph1,,,Myadm,,,Anxa7,,,Itpr1,,,
,,Cyth3,,,Hyi,,,Myh10,,,Ap1ar,,,Ivns1abp,,,
,,D0H4S114,,,Icam1,,,Myl6,,,Ap1b1,,,Jag1,,,
,,D14Ertd668e,,,Idh2,,,Mylk,,,Ap1g1,,,Kbtbd11,,,
,,D18Ertd653e,,,Ier2,,,Naalad2,,,Ap1g2,,,Kcnn4,,,
,,D630045J12Rik,,,Ier3ip1,,,Nav1,,,Ap1s1,,,Kdm5b,,,
,,D6Wsu116e,,,Ifi27l1,,,Nbl1,,,Ap3b1,,,Klf5,,,
,,Dact3,,,Ifnar2,,,Ndn,,,Ap3m1,,,Klf6,,,
,,Dag1,,,Ifrd1,,,Nedd4,,,Apeh,,,Krt23,,,
,,Dcakd,,,Ift27,,,Nenf,,,Apex1,,,Krt4,,,
,,Dcbld2,,,Iigp1,,,Nfib,,,Api5,,,Krtcap3,,,
,,Dchs1,,,Ikbip,,,Nfix,,,Apoa1bp,,,Lama5,,,
,,Dclk1,,,Il1r1,,,Nid1,,,Apobec3,,,Lamb3,,,
,,Dctn5,,,Il4ra,,,Nkain4,,,Apoo,,,Lamc2,,,
,,Dcun1d3,,,Il6,,,Nkd1,,,Apool,,,Larp1,,,
,,Ddhd2,,,Impact,,,Notum,,,Appbp2,,,Las1l,,,
,,Ddx3x,,,Irf1,,,Npc2,,,Aptx,,,Lasp1,,,
,,Ddx58,,,Irf8,,,Npdc1,,,Arf3,,,Lass3,,,
,,Dennd1a,,,Irf9,,,Npy1r,,,Arf6,,,Ldlr,,,
,,Dennd2a,,,Irgm1,,,Nr3c1,,,Arfgap2,,,Lima1,,,
,,Dennd4a,,,Isca1,,,Nupr1,,,Arg2,,,Llgl2,,,
,,Dexi,,,Itga5,,,Oaf,,,Arglu1,,,Llph,,,
,,Dirc2,,,Itgb5,,,Oat,,,Arhgap1,,,Lmo7,,,
,,Dlc1,,,Itpkc,,,Ogn,,,Arhgap12,,,Lphn2,,,
,,Dmpk,,,Jak1,,,Olfml3,,,Arhgap18,,,Lpin2,,,
,,Dmwd,,,Jam3,,,Osr1,,,Arhgap21,,,Lrrc8a,,,
,,Dnajc18,,,Jkamp,,,Ostc,,,Arhgap26,,,Lrrfip1,,,
,,Dnalc4,,,Jund,,,Oxct1,,,Arhgap27,,,Lsm6,,,
,,Dnm3os,,,Kcnk2,,,P4ha1,,,Arhgap32,,,Lsmd1,,,
,,Dock10,,,Kdelc2,,,Palld,,,Arhgap40,,,Ly6k,,,
,,Dopey1,,,Kdelr1,,,Palm,,,Arhgap42,,,M6pr,,,
,,Dpagt1,,,Kdelr2,,,Pam,,,Arhgap5,,,Mal2,,,
,,Dpp7,,,Kdm6b,,,Pamr1,,,Arhgef10l,,,Map3k5,,,
,,Dpp9,,,Klf2,,,Parva,,,Arhgef16,,,Mapk1,,,
,,Dpy19l1,,,Klf9,,,Pbx1,,,Arhgef18,,,Mapkapk3,,,
,,Dsel,,,Klhdc2,,,Pcolce,,,Arhgef7,,,Marcks,,,
,,Dtnbp1,,,Krtcap2,,,Pdgfra,,,Arih2,,,Mark2,,,
,,Dtx3l,,,Lamb2,,,Pdia6,,,Arl2,,,Marveld2,,,
,,Dtx4,,,Lepr,,,Pdlim2,,,Arl2bp,,,Mast4,,,
,,Dusp23,,,Lepre1,,,Pdpn,,,Arl6ip6,,,Mbnl2,,,
,,Dusp3,,,Leprel2,,,Pi16,,,Armc10,,,Mbp,,,
,,Dusp8,,,Leprel4,,,Pid1,,,Arpc1b,,,Mcart1,,,
,,Dync1h1,,,Leprot,,,Pitx1,,,Arpc2,,,Mdfi,,,
,,Dync2h1,,,Lifr,,,Pitx2,,,Arpc3,,,Mecom,,,
,,Dync2li1,,,Lipa,,,Pkd2,,,Arpc5,,,Mgat4a,,,
,,Dzip1,,,Litaf,,,Plac8,,,Arpc5l,,,Mgat4b,,,
,,E430025E21Rik,,,Lix1l,,,Plekho2,,,Arrdc1,,,Micall1,,,
,,Ecm2,,,Lman1,,,Plod1,,,Artn,,,Mmp15,,,
,,Edem1,,,Lphn1,,,Plscr4,,,Asah1,,,Mob4,,,
,,Edil3,,,Lrpap1,,,Pltp,,,Asb6,,,Mpst,,,
,,Ednra,,,Lrrc58,,,Plxdc2,,,Asb8,,,Mreg,,,
,,Ednrb,,,Lysmd3,,,Pmp22,,,Ascc1,,,Mrp63,,,
,,Eea1,,,Maged2,,,Podn,,,Ascc2,,,Mrpl14,,,
,,Egln1,,,Malat1,,,Pofut2,,,Asf1a,,,Mrpl52,,,
,,Ehbp1,,,Map1lc3b,,,Ppic,,,Ash2l,,,Mrpl54,,,
,,Ehbp1l1,,,Map3k8,,,Ppp1r14a,,,Asl,,,Mrps18b,,,
,,Ehd1,,,Mbnl1,,,Prdm6,,,Asnsd1,,,Msi2,,,
,,Eif2ak2,,,Mcfd2,,,Prdx4,,,Asph,,,Msx2,,,
,,Eif2ak3,,,Meis2,,,Prelp,,,Ass1,,,Mtus1,,,
,,Eif4e3,,,Mesdc2,,,Prex2,,,Atad1,,,Myeov2,,,
,,Eif4g3,,,Metrnl,,,Prkcdbp,,,Atad3a,,,Myo1e,,,
,,Elf2,,,Mfge8,,,Prnp,,,Ate1,,,Myzap,,,
,,Elk3,,,Midn,,,Prss35,,,Atf1,,,Naa38,,,
,,Elmo2,,,Mob3c,,,Ptges,,,Atg12,,,Naa50,,,
,,Emilin2,,,Morf4l1,,,Ptgis,,,Atg13,,,Naca,,,
,,Eno2,,,Moxd1,,,Ptms,,,Atg14,,,Ndufa2,,,
,,Enpp3,,,Mpv17,,,Qsox1,,,Atg4b,,,Ndufa3,,,
,,Entpd1,,,Mrfap1,,,Rab34,,,Atg4d,,,Ndufa6,,,
,,Ep400,,,Msn,,,Ramp2,,,Atg7,,,Ndufa7,,,
,,Epdr1,,,Mt1,,,Rarres2,,,Atmin,,,Neat1,,,
,,Ephb4,,,Mt2,,,Rasl11b,,,Atp10b,,,Nedd4l,,,
,,Erap1,,,Mtap7d1,,,Rbp1,,,Atp10d,,,Net1,,,
,,Erc1,,,Mtch1,,,Rbp4,,,Atp11b,,,Nfe2l1,,,
,,Ereg,,,Mustn1,,,Rcn1,,,Atp11c,,,Nfe2l2,,,
,,Esyt1,,,Myc,,,Rcn2,,,Atp13a1,,,Nhp2,,,
,,Etv1,,,Myd88,,,Rcn3,,,Atp13a2,,,Nipal4,,,
,,Evc,,,Myl9,,,Rerg,,,Atp2c1,,,Notch1,,,
,,Evc2,,,Mylip,,,Rhoc,,,Atp5b,,,Npepps,,,
,,Extl2,,,Mzt2,,,Rhoj,,,Atp5d,,,Nqo1,,,
,,Extl3,,,Naglu,,,Rnase4,,,Atp5f1,,,Nrip1,,,
,,Fads3,,,Nap1l1,,,Rpa1,,,Atp5g1,,,Nrn1,,,
,,Fam111a,,,Nasp,,,S100a10,,,Atp5h,,,Nsa2,,,
,,Fam113a,,,Ndel1,,,S100a13,,,Atp5j,,,Nudt14,,,
,,Fam115a,,,Ndufa4l2,,,Samhd1,,,Atp5j2,,,Obfc1,,,
,,Fam123b,,,Neo1,,,Sar1a,,,Atp5o,,,Obfc2a,,,
,,Fam124a,,,Nfia,,,Scara5,,,Atp5s,,,Ocln,,,
,,Fam129a,,,Nfic,,,Scd1,,,Atp6v0a1,,,Optn,,,
,,Fam160b1,,,Nfil3,,,Scpep1,,,Atp6v0c,,,Osbpl3,,,
,,Fam165b,,,Nfkbia,,,Sdc2,,,Atp6v1a,,,Ovol1,,,
,,Fam168a,,,Nfkbiz,,,Sec24d,,,Atp6v1b2,,,Pacsin3,,,
,,Fam171b,,,Nhp2l1,,,Sec31a,,,Atp6v1c1,,,Padi4,,,
,,Fam178a,,,Nme2,,,Sec61g,,,Atp6v1d,,,Pard3,,,
,,Fam188b,,,Nop58,,,Sec62,,,Atp6v1e1,,,Pard6b,,,
,,Fam189b,,,Nptn,,,Selenbp1,,,Atp6v1f,,,Pard6g,,,
,,Fam20a,,,Nr2f2,,,Sema3c,,,Atp6v1h,,,Pcdh1,,,
,,Fam26e,,,Nr4a1,,,Sept7,,,Atp9a,,,Pdcd4,,,
,,Fam38b,,,Nr4a2,,,Serpina3n,,,Atpbd4,,,Pde4d,,,
,,Fam3a,,,Nsmce1,,,Serpinb6a,,,Atxn1l,,,Pdk4,,,
,,Fam46a,,,Ntan1,,,Serpinf1,,,Atxn3,,,Pdlim1,,,
,,Fam46c,,,Ntn1,,,Serping1,,,Atxn7,,,Pfdn5,,,
,,Fam49a,,,Nucb1,,,Serpinh1,,,Auh,,,Pfkfb2,,,
,,Fam65a,,,Nucb2,,,Sft2d2,,,Aup1,,,Pgap1,,,
,,Fam69a,,,Numbl,,,Sgce,,,Aurkaip1,,,Pgd,,,
,,Fam69b,,,Oaz2,,,Sigmar1,,,Auts2,,,Phf17,,,
,,Fam76a,,,Odc1,,,Ski,,,Avl9,,,Pigyl,,,
,,Fam89b,,,Odz3,,,Slc16a2,,,Axin1,,,Pkm2,,,
,,Fancc,,,Olfm1,,,Slc25a4,,,Azi2,,,Pkp3,,,
,,Farp1,,,Olfml1,,,Slc43a3,,,B3galnt2,,,Plaur,,,
,,Fas,,,Os9,,,Slc7a8,,,B3gnt2,,,Plch2,,,
,,Fastk,,,Ost4,,,Smoc2,,,B430010I23Rik,,,Plekhb2,,,
,,Fbxo25,,,P4hb,,,Smpdl3a,,,B4galt3,,,Plekhg3,,,
,,Fbxo32,,,Pappa,,,Socs3,,,B4galt4,,,Plekhg6,,,
,,Fech,,,Pard3b,,,Sod3,,,B630005N14Rik,,,Plin2,,,
,,Fert2,,,Pcdh7,,,Sparc,,,BC003266,,,Plk3,,,
,,Fez2,,,Pcf11,,,Sparcl1,,,BC003965,,,Plxnb1,,,
,,Filip1,,,Pde12,,,Spats2l,,,BC005561,,,Pmaip1,,,
,,Filip1l,,,Pde4b,,,Spcs1,,,BC016579,,,Pof1b,,,
,,Fli1,,,Pde5a,,,Spon1,,,BC017647,,,Polr1d,,,
,,Flnc,,,Pde6d,,,Spon2,,,BC026585,,,Pon2,,,
,,Flrt2,,,Pdgfrb,,,Srpx,,,BC031181,,,Por,,,
,,Flywch1,,,Pdgfrl,,,Ssr3,,,BC064078,,,Ppap2c,,,
,,Fmod,,,Pdia3,,,Steap3,,,Bag1,,,Ppard,,,
,,Fndc4,,,Pdlim7,,,Surf4,,,Bag2,,,Pparg,,,
,,Fndc5,,,Pdzrn3,,,Svep1,,,Bag4,,,Ppargc1a,,,
,,Fnip1,,,Peli2,,,Tagln,,,Bag5,,,Ppl,,,
,,Foxf1a,,,Per1,,,Tapbp,,,Baiap2,,,Ppm1h,,,
,,Foxf2,,,Pgcp,,,Tbx3,,,Bap1,,,Ppp1cb,,,
,,Foxj2,,,Pgm5,,,Tceal8,,,Baz1a,,,Ppp1r14b,,,
,,Foxl1,,,Phldb1,,,Tcf21,,,Baz2a,,,Prkaa2,,,
,,Foxo3,,,Phpt1,,,Tcf4,,,Bbox1,,,Prom2,,,
,,Frem1,,,Pim1,,,Tfpi,,,Bcap29,,,Prr13,,,
,,Ftsj1,,,Pink1,,,Tgfb1i1,,,Bcap31,,,Prss22,,,
,,Fut11,,,Pja1,,,Tgfb3,,,Bcar1,,,Prss8,,,
,,Fut8,,,Pkd1,,,Tgfbi,,,Bcas2,,,Ptk2b,,,
,,Fxc1,,,Pla2g16,,,Tgfbr3,,,Bckdha,,,Ptp4a2,,,
,,Fyn,,,Plagl1,,,Tgm2,,,Bckdhb,,,Ptplb,,,
,,Fzd2,,,Plbd2,,,Thbd,,,Bcl10,,,Ptpn13,,,
,,Gab2,,,Pld3,,,Thbs1,,,Bcl2l1,,,Ptpru,,,
,,Galns,,,Plk2,,,Thbs2,,,Bcl2l13,,,Pts,,,
,,Galnt10,,,Pnp,,,Thsd4,,,Bcl2l14,,,Purb,,,
,,Galt,,,Pnrc1,,,Thy1,,,Bcl3,,,Pvrl1,,,
,,Gamt,,,Podxl2,,,Timp1,,,Bcl6,,,Pvrl2,,,
,,Gba,,,Polr3gl,,,Timp2,,,Bcl7a,,,Pvrl4,,,
,,Gbf1,,,Ppap2a,,,Timp3,,,Bdh1,,,Pygb,,,
,,Gbp3,,,Ppapdc1b,,,Tiprl,,,Bdp1,,,Rab10,,,
,,Gbp6,,,Ppfibp1,,,Tm2d2,,,Becn1,,,Rab11fip1,,,
,,Gcnt2,,,Ppib,,,Tmed3,,,Bhlhb9,,,Rad23b,,,
,,Gjc1,,,Ppp1r10,,,Tmem119,,,Bik,,,Rai14,,,
,,Gjc2,,,Ppp1r15a,,,Tmem140,,,Bin1,,,Ralgds,,,
,,Gkap1,,,Ppp1r18,,,Tmem158,,,Bin3,,,Rap2b,,,
,,Gla,,,Ppp1r2,,,Tmem167,,,Blcap,,,Rasef,,,
,,Glb1,,,Praf2,,,Tmem176a,,,Bloc1s2,,,Rbm47,,,
,,Glb1l,,,Prdm1,,,Tmem176b,,,Blvra,,,Rcc2,,,
,,Glg1,,,Prkca,,,Tmem45a,,,Blvrb,,,Reep3,,,
,,Gli2,,,Prkce,,,Tmem98,,,Blzf1,,,Reep5,,,
,,Gli3,,,Pros1,,,Tmsb10,,,Bmi1,,,Reep6,,,
,,Glrx,,,Prpsap1,,,Tnc,,,Bmp7,,,Ripk4,,,
,,Glt8d2,,,Prrx2,,,Tnfsf12,,,Bod1,,,Rnf144b,,,
,,Gm11818,,,Ptgs2,,,Tnxb,,,Bok,,,Rnf4,,,
,,Gm12824,,,Ptk7,,,Tpm4,,,Bop1,,,Rod1,,,
,,Gm14005,,,Ptov1,,,Tpst1,,,Bphl,,,Rpia,,,
,,Gm15800,,,Ptpra,,,Tsc22d1,,,Bpnt1,,,Rpl10a,,,
,,Gm16517,,,Ptrf,,,Tslp,,,Brap,,,Rpl11,,,
,,Gm20199,,,Qpct,,,Tspan18,,,Brcc3,,,Rpl12,,,
,,Gm6548,,,Rab28,,,Tspan4,,,Brd1,,,Rpl13,,,
,,Gm6981,,,Rab2a,,,Tuba1a,,,Brd4,,,Rpl13a,,,
,,Gm9766,,,Rab4b,,,Tuba1b,,,Brd7,,,Rpl17,,,
,,Gmppa,,,Rabac1,,,Tubb6,,,Brd8,,,Rpl18,,,
,,Gnb5,,,Rad51l1,,,Twist2,,,Bre,,,Rpl18a,,,
,,Gng11,,,Ramp1,,,Twsg1,,,Bri3,,,Rpl19,,,
,,Gnpda2,,,Rap1a,,,Txndc5,,,Bri3bp,,,Rpl21,,,
,,Gns,,,Rap1b,,,Vat1,,,Brix1,,,Rpl22,,,
,,Golga3,,,Rasl11a,,,Vcam1,,,Brms1,,,Rpl23,,,
,,Golt1b,,,Rassf1,,,Vcan,,,Brp44,,,Rpl23a,,,
,,Gpc1,,,Rbfox2,,,Vim,,,Brpf1,,,Rpl24,,,
,,Gpc4,,,Rbms3,,,Vkorc1,,,Bsdc1,,,Rpl27,,,
,,Gpcpd1,,,Rdx,,,Wfdc1,,,Bsg,,,Rpl27a,,,
,,Gpr133,,,Rev3l,,,Wnt2,,,Bspry,,,Rpl28,,,
,,Gpr77,,,Rexo2,,,Xdh,,,Btaf1,,,Rpl3,,,
,,Gramd4,,,Rftn2,,,Yif1b,,,Btbd1,,,Rpl31,,,
,,Grb10,,,Rgl1,,,Yipf5,,,Btbd10,,,Rpl32,,,
,,Gria3,,,Rgs2,,,,,,Btbd11,,,Rpl34-ps1,,,
,,Gria4,,,Rhob,,,,,,Btbd3,,,Rpl35,,,
,,Gsdmd,,,Rhobtb3,,,,,,Btbd9,,,Rpl35a,,,
,,Gulp1,,,Rhoq,,,,,,Btc,,,Rpl36,,,
,,Gusb,,,Rian,,,,,,Btf3l4,,,Rpl36a,,,
,,H2-Ab1,,,Ripk1,,,,,,Btg1,,,Rpl36al,,,
,,H2-M3,,,Rnasek,,,,,,Btg3,,,Rpl37,,,
,,H2-T23,,,Rnf13,,,,,,Btrc,,,Rpl37a,,,
,,H2afx,,,Rnf145,,,,,,Bub3,,,Rpl38,,,
,,Habp4,,,Rnf150,,,,,,Bud13,,,Rpl39,,,
,,Hand2,,,Rnf187,,,,,,Bysl,,,Rpl4,,,
,,Hdac4,,,Rnft1,,,,,,Bzw1,,,Rpl41,,,
,,Hdac7,,,Rock2,,,,,,C030044B11Rik,,,Rpl5,,,
,,Hdgfrp3,,,Rpain,,,,,,C030048B08Rik,,,Rpl6,,,
,,Heatr5a,,,Rpn2,,,,,,C130022K22Rik,,,Rpl7,,,
,,Hebp1,,,Rras,,,,,,C1galt1,,,Rpl8,,,
,,Herc1,,,Rrbp1,,,,,,C1qbp,,,Rpl9,,,
,,Hexim1,,,Rsu1,,,,,,C330006A16Rik,,,Rplp1,,,
,,Hfe,,,Rtn2,,,,,,C330007P06Rik,,,Rplp2,,,
,,Hipk3,,,Ryk,,,,,,C330018D20Rik,,,Rps10,,,
,,Homer1,,,S100a1,,,,,,C330021F23Rik,,,Rps11,,,
,,Hook3,,,Samd14,,,,,,C330022C24Rik,,,Rps12,,,
,,Hp1bp3,,,Sbno2,,,,,,C630004H02Rik,,,Rps13,,,
,,Hs2st1,,,Sbsn,,,,,,C920006O11Rik,,,Rps14,,,
,,Hsd3b7,,,Scarf2,,,,,,Cab39l,,,Rps15,,,
,,Hsf2,,,Scn1b,,,,,,Cadm1,,,Rps15a,,,
,,Hspa12a,,,Sdc3,,,,,,Cadps2,,,Rps15a-ps4,,,
,,Hspa13,,,Sdf4,,,,,,Calm1,,,Rps15a-ps6,,,
,,Hspa1l,,,Sdpr,,,,,,Canx,,,Rps16,,,
,,Htra2,,,Sec11a,,,,,,Capg,,,Rps17,,,
,,Icosl,,,Sec13,,,,,,Caprin1,,,Rps18,,,
,,Id4,,,Sec22b,,,,,,Capsl,,,Rps19,,,
,,Ids,,,Sec23a,,,,,,Capza2,,,Rps2,,,
,,Idua,,,Sec61b,,,,,,Car13,,,Rps20,,,
,,Ier5l,,,Selm,,,,,,Car2,,,Rps21,,,
,,Ifi30,,,Sema3b,,,,,,Car8,,,Rps23,,,
,,Ifi47,,,Sep15,,,,,,Carkd,,,Rps24,,,
,,Ifih1,,,Sepp1,,,,,,Cars,,,Rps25,,,
,,Ifnar1,,,Sept2,,,,,,Casc3,,,Rps26,,,
,,Ifngr1,,,Sepw1,,,,,,Casp3,,,Rps27,,,
,,Ift172,,,Serf1,,,,,,Casp6,,,Rps27a,,,
,,Ift46,,,Serf2,,,,,,Casp8,,,Rps28,,,
,,Ift57,,,Serpina3g,,,,,,Cbll1,,,Rps29,,,
,,Ift74,,,Serpinb1a,,,,,,Cbr1,,,Rps3,,,
,,Igf2r,,,Serpine1,,,,,,Cbr3,,,Rps3a,,,
,,Igsf8,,,Sertad1,,,,,,Cbr4,,,Rps4x,,,
,,Igtp,,,Sfrp1,,,,,,Cbwd1,,,Rps5,,,
,,Ikzf4,,,Sfrp2,,,,,,Cbx7,,,Rps7,,,
,,Il17d,,,Sfxn3,,,,,,Ccdc107,,,Rps8,,,
,,Il17rd,,,Sh3bgrl,,,,,,Ccdc115,,,Rps9,,,
,,Il6ra,,,Sh3gl1,,,,,,Ccdc12,,,Rpsa,,,
,,Ildr2,,,Sh3kbp1,,,,,,Ccdc122,,,Rxra,,,
,,Inf2,,,Sh3pxd2a,,,,,,Ccdc137,,,S100a16,,,
,,Ing1,,,Shisa5,,,,,,Ccdc3,,,S100a6,,,
,,Inpp5a,,,Sirt2,,,,,,Ccdc47,,,Sc4mol,,,
,,Insig1,,,Skil,,,,,,Ccdc51,,,Sc5d,,,
,,Ints6,,,Slc12a4,,,,,,Ccdc55,,,Sdc4,,,
,,Ipo9,,,Slc16a3,,,,,,Ccdc64b,,,Sdcbp2,,,
,,Iqsec1,,,Slc35a2,,,,,,Ccdc71,,,Sema4b,,,
,,Irak1bp1,,,Slc35b2,,,,,,Ccdc86,,,Sema7a,,,
,,Irf7,,,Slc38a10,,,,,,Ccdc97,,,Serpinb5,,,
,,Irgm2,,,Slc39a1,,,,,,Ccm2,,,Setd8,,,
,,Irs1,,,Slc39a7,,,,,,Ccnd2,,,Sgsm3,,,
,,Isg15,,,Slc50a1,,,,,,Ccnl2,,,Sh3bgrl3,,,
,,Isg20,,,Smad7,,,,,,Ccnt1,,,Siva1,,,
,,Isl1,,,Smarca2,,,,,,Ccnt2,,,Slc12a6,,,
,,Ism1,,,Smc1a,,,,,,Cct2,,,Slc12a7,,,
,,Itga9,,,Smc6,,,,,,Cct3,,,Slc1a4,,,
,,Itgb1bp1,,,Smo,,,,,,Cct4,,,Slc22a23,,,
,,Itpripl2,,,Smpd1,,,,,,Cct5,,,Slc23a2,,,
,,Itsn1,,,Snai1,,,,,,Cct6a,,,Slc25a24,,,
,,Izumo4,,,Snhg1,,,,,,Cct7,,,Slc2a1,,,
,,Jdp2,,,Snhg12,,,,,,Cct8,,,Slc38a2,,,
,,Jmy,,,Snhg5,,,,,,Ccz1,,,Slc6a6,,,
,,Kank1,,,Sntb2,,,,,,Cd14,,,Slc6a9,,,
,,Kank2,,,Snx1,,,,,,Cd151,,,Slc7a1,,,
,,Kctd11,,,Soat1,,,,,,Cd3eap,,,Slc7a11,,,
,,Kctd17,,,Socs1,,,,,,Cd44,,,Slc9a3r1,,,
,,Kdelc1,,,Sorcs2,,,,,,Cd68,,,Slk,,,
,,Khdrbs3,,,Sox4,,,,,,Cd82,,,Smad2,,,
,,Kif26b,,,Sox5,,,,,,Cdc25a,,,Smarca4,,,
,,Kifap3,,,Sphk1,,,,,,Cdc34,,,Smox,,,
,,Klc1,,,Spna2,,,,,,Cdc42bpg,,,Snrpf,,,
,,Klf7,,,Spnb2,,,,,,Cdc42ep3,,,Sord,,,
,,Klhl13,,,Spop,,,,,,Cdc42ep4,,,Sorl1,,,
,,Klhl22,,,Srm,,,,,,Cdca4,,,Sowahc,,,
,,Klhl7,,,Srp14,,,,,,Cdca7l,,,Sox15,,,
,,LOC545261,,,Srpr,,,,,,Cdcp1,,,Sqle,,,
,,Large,,,Sspn,,,,,,Cdh13,,,Src,,,
,,Larp6,,,Ssr1,,,,,,Cdk17,,,Srebf1,,,
,,Lass4,,,Ssr2,,,,,,Cdk18,,,Srebf2,,,
,,Lats2,,,St3gal4,,,,,,Cdk19,,,Srrm1,,,
,,Layn,,,St7,,,,,,Cdk2ap2,,,Srxn1,,,
,,Ldb1,,,Stard3nl,,,,,,Cdk6,,,Ssfa2,,,
,,Lefty1,,,Stat3,,,,,,Cdk9,,,St14,,,
,,Letm2,,,Stra13,,,,,,Cdkn2aipnl,,,Stard10,,,
,,Lgi4,,,Sumf1,,,,,,Cdo1,,,Stmn1,,,
,,Lgr5,,,Swi5,,,,,,Ceacam1,,,Stxbp2,,,
,,Limch1,,,Syne1,,,,,,Cebpa,,,Sys1,,,
,,Lims2,,,Tacc1,,,,,,Cebpg,,,Sytl2,,,
,,Lmf2,,,Tagln2,,,,,,Cebpz,,,Taf10,,,
,,Lmo2,,,Tbc1d16,,,,,,Cecr2,,,Tbc1d1,,,
,,Loxl3,,,Tbrg1,,,,,,Celf1,,,Tbc1d2,,,
,,Lpgat1,,,Tcea3,,,,,,Celsr2,,,Tcerg1,,,
,,Lrch2,,,Tcn2,,,,,,Cenpq,,,Tgif1,,,
,,Lrig2,,,Tcp11l2,,,,,,Cenpv,,,Tinagl1,,,
,,Lrp4,,,Tenc1,,,,,,Cep164,,,Tjp1,,,
,,Lrrc49,,,Tex264,,,,,,Cept1,,,Tjp2,,,
,,Lrrc57,,,Tgfbr1,,,,,,Cerk,,,Tjp3,,,
,,Lrrc61,,,Tiparp,,,,,,Ces2b,,,Tkt,,,
,,Lrrk1,,,Tln1,,,,,,Ces2e,,,Tmc7,,,
,,Lrrn4cl,,,Tm7sf3,,,,,,Chchd3,,,Tmcc3,,,
,,Lsamp,,,Tm9sf1,,,,,,Chchd4,,,Tmem20,,,
,,Lsm7,,,Tmed1,,,,,,Chchd5,,,Tmem40,,,
,,Ltbp1,,,Tmed4,,,,,,Chchd6,,,Tmem63b,,,
,,Ly6e,,,Tmed9,,,,,,Chchd7,,,Tmem93,,,
,,Lynx1,,,Tmem106b,,,,,,Chd1l,,,Tmprss13,,,
,,Lztr1,,,Tmem107,,,,,,Chd7,,,Tmsb4x,,,
,,Lzts2,,,Tmem120a,,,,,,Chfr,,,Tnfaip8,,,
,,Macf1,,,Tmem150a,,,,,,Chmp1a,,,Tnfrsf21,,,
,,Maf,,,Tmem159,,,,,,Chmp2a,,,Tnk2,,,
,,Mageh1,,,Tmem39a,,,,,,Chmp2b,,,Tnks2,,,
,,Magi1,,,Tmem43,,,,,,Chmp4c,,,Tns4,,,
,,Man2a1,,,Tmem5,,,,,,Chmp5,,,Tomm20,,,
,,Man2a2,,,Tmem50a,,,,,,Chordc1,,,Trf,,,
,,Man2b2,,,Tmem66,,,,,,Chtf8,,,Trim13,,,
,,Manea,,,Tmem9,,,,,,Chuk,,,Trim16,,,
,,Maoa,,,Tmod3,,,,,,Ciapin1,,,Trim25,,,
,,Maob,,,Tmx4,,,,,,Cib2,,,Trp63,,,
,,Map3k10,,,Tnfaip3,,,,,,Cirbp,,,Trpv4,,,
,,Map3k12,,,Tnfrsf1a,,,,,,Cirh1a,,,Tsku,,,
,,Map3k2,,,Tnfsf9,,,,,,Ciz1,,,Tspan12,,,
,,Map3k3,,,Tns1,,,,,,Cks2,,,Ttc38,,,
,,Map3k6,,,Tob2,,,,,,Clasrp,,,Ttc9,,,
,,Mapk3,,,Topors,,,,,,Clca2,,,Tuba4a,,,
,,Mapk6,,,Tor1aip1,,,,,,Clca5,,,Tubb4b,,,
,,Mapk8ip1,,,Tor1b,,,,,,Clcf1,,,Ube2h,,,
,,Mapk9,,,Tpcn1,,,,,,Cldn25,,,Ube2z,,,
,,Mapkbp1,,,Tpm2,,,,,,Cldn8,,,Ubl5,,,
,,Marveld1,,,Tpm3,,,,,,Clip1,,,Ucp2,,,
,,Mast2,,,Tprgl,,,,,,Clk2,,,Ugcg,,,
,,Maz,,,Trappc2l,,,,,,Clk3,,,Uhrf1bp1l,,,
,,Mbd1,,,Trex1,,,,,,Clmn,,,Unc45a,,,
,,Mbtps1,,,Trib1,,,,,,Cln6,,,Unc5a,,,
,,Mc5r,,,Triobp,,,,,,Cln8,,,Uqcrq,,,
,,Mcc,,,Trip10,,,,,,Clns1a,,,Use1,,,
,,Mcl1,,,Trp53i13,,,,,,Clpb,,,Usp47,,,
,,Mdfic,,,Trps1,,,,,,Clptm1,,,Vmp1,,,
,,Med13l,,,Tsc22d3,,,,,,Clptm1l,,,Vps37b,,,
,,Mef2a,,,Tsen34,,,,,,Clpx,,,Vps4b,,,
,,Megf8,,,Tshz3,,,,,,Clta,,,Vti1b,,,
,,Meis1,,,Tspan3,,,,,,Clybl,,,Wasl,,,
,,Meis3,,,Tspan31,,,,,,Cmas,,,Wdr1,,,
,,Mepce,,,Tspan5,,,,,,Cmpk1,,,Wdr61,,,
,,Mettl1,,,Tspo,,,,,,Cnbp,,,Wdr89,,,
,,Mettl21a,,,Ttc28,,,,,,Cndp2,,,Wee1,,,
,,Mfap3,,,Tubb5,,,,,,Cnih4,,,Wipf2,,,
,,Mfsd11,,,Txndc12,,,,,,Cnksr1,,,Wnt7b,,,
,,Mga,,,Txndc15,,,,,,Cnnm4,,,Xk,,,
,,Mia3,,,Txnip,,,,,,Cno,,,Yrdc,,,
,,Mid1,,,Uap1,,,,,,Cnot10,,,Ywhag,,,
,,Mill2,,,Ubb,,,,,,Cnot2,,,Ywhaz,,,
,,Mir1938,,,Ube2j1,,,,,,Cnot6,,,Zdhhc5,,,
,,Mir24-2,,,Ube2l6,,,,,,Cnot7,,,Zfand2a,,,
,,Mir568,,,Ube2s,,,,,,Cntd1,,,Zfp706,,,
,,Mmd,,,Ufc1,,,,,,Cntnap2,,,Zfp750,,,
,,Mn1,,,Usp2,,,,,,Cobll1,,,,,,
,,Mpdz,,,Vasn,,,,,,Cobra1,,,,,,
,,Mpg,,,Vwa1,,,,,,Cog2,,,,,,
,,Mprip,,,Vwa5a,,,,,,Cog4,,,,,,
,,Mr1,,,Wbp5,,,,,,Cog6,,,,,,
,,Mrgprf,,,Wipi1,,,,,,Cog8,,,,,,
,,Mrpl27,,,Wnt4,,,,,,Col17a1,,,,,,
,,Mrpl33,,,Wnt5b,,,,,,Copg2,,,,,,
,,Mrpl34,,,Wsb1,,,,,,Cops3,,,,,,
,,Mrpl49,,,Xbp1,,,,,,Cops6,,,,,,
,,Msrb2,,,Yipf3,,,,,,Cops7a,,,,,,
,,Msrb3,,,Ypel3,,,,,,Coq2,,,,,,
,,Mtap1a,,,Ywhaq,,,,,,Coq3,,,,,,
,,Mtap4,,,Zbtb16,,,,,,Coq4,,,,,,
,,Mtap6,,,Zbtb20,,,,,,Coq5,,,,,,
,,Mtmr11,,,Zcchc24,,,,,,Coq6,,,,,,
,,Myh11,,,Zeb1,,,,,,Coq9,,,,,,
,,Myo1c,,,Zeb2,,,,,,Coro1c,,,,,,
,,Myo5a,,,Zfhx3,,,,,,Coro2a,,,,,,
,,Myo6,,,Zfp131,,,,,,Cox18,,,,,,
,,Myo9a,,,Zfp36,,,,,,Cox5b,,,,,,
,,Naf1,,,Zfp36l1,,,,,,Cox6c,,,,,,
,,Naga,,,Zfp36l2,,,,,,Cox7a2,,,,,,
,,Nagpa,,,Zfp651,,,,,,Cpeb4,,,,,,
,,Nbas,,,Zfp945,,,,,,Cpne1,,,,,,
,,Ncam1,,,Zfyve21,,,,,,Cpsf2,,,,,,
,,Ncln,,,,,,,,,Cpsf3,,,,,,
,,Ncoa1,,,,,,,,,Cpt2,,,,,,
,,Ncoa7,,,,,,,,,Crbn,,,,,,
,,Ncor2,,,,,,,,,Crebzf,,,,,,
,,Ncrna00085,,,,,,,,,Creg1,,,,,,
,,Ndrg3,,,,,,,,,Crim1,,,,,,
,,Ndrg4,,,,,,,,,Cript,,,,,,
,,Ndst1,,,,,,,,,Crk,,,,,,
,,Necab1,,,,,,,,,Crls1,,,,,,
,,Nedd9,,,,,,,,,Crnkl1,,,,,,
,,Nek9,,,,,,,,,Crot,,,,,,
,,Nelf,,,,,,,,,Cry1,,,,,,
,,Nexn,,,,,,,,,Crybg3,,,,,,
,,Nf1,,,,,,,,,Cryl1,,,,,,
,,Nfat5,,,,,,,,,Cs,,,,,,
,,Nfatc1,,,,,,,,,Csde1,,,,,,
,,Nfatc4,,,,,,,,,Csf2ra,,,,,,
,,Nfkb1,,,,,,,,,Csnk1a1,,,,,,
,,Nfyb,,,,,,,,,Csnk1e,,,,,,
,,Ngf,,,,,,,,,Csnk1g3,,,,,,
,,Nhsl2,,,,,,,,,Csnk2a1,,,,,,
,,Nin,,,,,,,,,Csnk2a2,,,,,,
,,Nipa1,,,,,,,,,Csnk2b,,,,,,
,,Nisch,,,,,,,,,Cspp1,,,,,,
,,Nlgn2,,,,,,,,,Cstf1,,,,,,
,,Nnmt,,,,,,,,,Cstf2,,,,,,
,,Nnt,,,,,,,,,Ctage5,,,,,,
,,Nod1,,,,,,,,,Ctbp2,,,,,,
,,Nol3,,,,,,,,,Ctf1,,,,,,
,,Nphp1,,,,,,,,,Ctnnbip1,,,,,,
,,Npr2,,,,,,,,,Ctnnbl1,,,,,,
,,Nqo2,,,,,,,,,Ctnnd2,,,,,,
,,Nr1h3,,,,,,,,,Ctr9,,,,,,
,,Nradd,,,,,,,,,Ctsc,,,,,,
,,Nrg2,,,,,,,,,Cttn,,,,,,
,,Nrp1,,,,,,,,,Ctu2,,,,,,
,,Nrp2,,,,,,,,,Cul1,,,,,,
,,Nsg1,,,,,,,,,Cul2,,,,,,
,,Nt5c3l,,,,,,,,,Cux1,,,,,,
,,Nt5m,,,,,,,,,Cwc15,,,,,,
,,Nudcd1,,,,,,,,,Cwc22,,,,,,
,,Nufip2,,,,,,,,,Cyb5r4,,,,,,
,,Nup210l,,,,,,,,,Cyc1,,,,,,
,,Nutf2,,,,,,,,,Cycs,,,,,,
,,Oasl2,,,,,,,,,Cyp2s1,,,,,,
,,Obsl1,,,,,,,,,Cyp39a1,,,,,,
,,Olfr1033,,,,,,,,,Cyp4f13,,,,,,
,,Orai3,,,,,,,,,Cyp51,,,,,,
,,Ormdl3,,,,,,,,,Cyth1,,,,,,
,,Osbpl1a,,,,,,,,,Cyth2,,,,,,
,,Osmr,,,,,,,,,D10Wsu52e,,,,,,
,,Oxnad1,,,,,,,,,D11Wsu99e,,,,,,
,,Oxr1,,,,,,,,,D17H6S53E,,,,,,
,,P4ha2,,,,,,,,,D17H6S56E-3,,,,,,
,,P4htm,,,,,,,,,D19Bwg1357e,,,,,,
,,Pacs2,,,,,,,,,D19Ertd737e,,,,,,
,,Paqr6,,,,,,,,,D1Bwg0212e,,,,,,
,,Parp12,,,,,,,,,D1Ertd622e,,,,,,
,,Parp14,,,,,,,,,D230025D16Rik,,,,,,
,,Parp8,,,,,,,,,D230037D09Rik,,,,,,
,,Parp9,,,,,,,,,D2Wsu81e,,,,,,
,,Pbxip1,,,,,,,,,D4Ertd22e,,,,,,
,,Pcdhgc3,,,,,,,,,D730040F13Rik,,,,,,
,,Pcna,,,,,,,,,D8Ertd738e,,,,,,
,,Pcnx,,,,,,,,,D8Ertd82e,,,,,,
,,Pcsk5,,,,,,,,,D930014E17Rik,,,,,,
,,Pddc1,,,,,,,,,Daam1,,,,,,
,,Pde1a,,,,,,,,,Dalrd3,,,,,,
,,Pde3a,,,,,,,,,Dapp1,,,,,,
,,Pde3b,,,,,,,,,Dars,,,,,,
,,Pde4a,,,,,,,,,Dbndd2,,,,,,
,,Pde7b,,,,,,,,,Dbr1,,,,,,
,,Pde8a,,,,,,,,,Dcaf10,,,,,,
,,Pde9a,,,,,,,,,Dcaf11,,,,,,
,,Pdia5,,,,,,,,,Dcaf12,,,,,,
,,Pdlim3,,,,,,,,,Dcaf12l1,,,,,,
,,Pdrg1,,,,,,,,,Dcaf13,,,,,,
,,Pds5b,,,,,,,,,Dcaf17,,,,,,
,,Pear1,,,,,,,,,Dcaf7,,,,,,
,,Peg13,,,,,,,,,Dctn3,,,,,,
,,Pex11b,,,,,,,,,Dctn4,,,,,,
,,Pex5l,,,,,,,,,Dctpp1,,,,,,
,,Pfkp,,,,,,,,,Dcun1d1,,,,,,
,,Pgf,,,,,,,,,Dcun1d5,,,,,,
,,Phactr2,,,,,,,,,Dda1,,,,,,
,,Phc3,,,,,,,,,Ddi2,,,,,,
,,Phf20,,,,,,,,,Ddit4,,,,,,
,,Phf21a,,,,,,,,,Ddr1,,,,,,
,,Phtf1,,,,,,,,,Ddrgk1,,,,,,
,,Phyhd1,,,,,,,,,Ddx10,,,,,,
,,Pigs,,,,,,,,,Ddx18,,,,,,
,,Pik3ca,,,,,,,,,Ddx19b,,,,,,
,,Pik3ip1,,,,,,,,,Ddx21,,,,,,
,,Pik3r1,,,,,,,,,Ddx24,,,,,,
,,Pip4k2a,,,,,,,,,Ddx27,,,,,,
,,Pitrm1,,,,,,,,,Ddx39,,,,,,
,,Pkdcc,,,,,,,,,Ddx41,,,,,,
,,Pknox1,,,,,,,,,Ddx42,,,,,,
,,Pknox2,,,,,,,,,Ddx46,,,,,,
,,Pla2g15,,,,,,,,,Ddx52,,,,,,
,,Plcg1,,,,,,,,,Ddx54,,,,,,
,,Plcl1,,,,,,,,,Ddx56,,,,,,
,,Plekha6,,,,,,,,,Decr1,,,,,,
,,Plekhf1,,,,,,,,,Decr2,,,,,,
,,Plekhg2,,,,,,,,,Dedd,,,,,,
,,Plk1s1,,,,,,,,,Dedd2,,,,,,
,,Plod2,,,,,,,,,Def6,,,,,,
,,Plod3,,,,,,,,,Dennd2d,,,,,,
,,Plscr1,,,,,,,,,Dennd4c,,,,,,
,,Plxna2,,,,,,,,,Denr,,,,,,
,,Pofut1,,,,,,,,,Deptor,,,,,,
,,Polg2,,,,,,,,,Dera,,,,,,
,,Ppil3,,,,,,,,,Dffa,,,,,,
,,Ppm1k,,,,,,,,,Dgcr14,,,,,,
,,Ppm1m,,,,,,,,,Dgka,,,,,,
,,Ppp1r12c,,,,,,,,,Dgkh,,,,,,
,,Ppp1r9b,,,,,,,,,Dhps,,,,,,
,,Ppp2r5b,,,,,,,,,Dhrs4,,,,,,
,,Ppp3cb,,,,,,,,,Dhx15,,,,,,
,,Ppp3cc,,,,,,,,,Dhx30,,,,,,
,,Pppde1,,,,,,,,,Dhx32,,,,,,
,,Ppt1,,,,,,,,,Diablo,,,,,,
,,Pqlc3,,,,,,,,,Dicer1,,,,,,
,,Prdm2,,,,,,,,,Dip2b,,,,,,
,,Prickle1,,,,,,,,,Dip2c,,,,,,
,,Prickle2,,,,,,,,,Dis3l2,,,,,,
,,Prkar1b,,,,,,,,,Dld,,,,,,
,,Prkcc,,,,,,,,,Dleu2,,,,,,
,,Prkcsh,,,,,,,,,Dll1,,,,,,
,,Prkd2,,,,,,,,,Dlst,,,,,,
,,Prkd3,,,,,,,,,Dnaja2,,,,,,
,,Proca1,,,,,,,,,Dnaja3,,,,,,
,,Prr24,,,,,,,,,Dnajb12,,,,,,
,,Prr5,,,,,,,,,Dnajb2,,,,,,
,,Prrc1,,,,,,,,,Dnajb4,,,,,,
,,Prrg3,,,,,,,,,Dnajb6,,,,,,
,,Psd,,,,,,,,,Dnajc11,,,,,,
,,Psen2,,,,,,,,,Dnajc12,,,,,,
,,Psip1,,,,,,,,,Dnajc14,,,,,,
,,Psmb10,,,,,,,,,Dnajc15,,,,,,
,,Psmb8,,,,,,,,,Dnajc17,,,,,,
,,Psmb9,,,,,,,,,Dnajc2,,,,,,
,,Ptar1,,,,,,,,,Dnajc21,,,,,,
,,Ptdss2,,,,,,,,,Dnajc4,,,,,,
,,Pten,,,,,,,,,Dnajc7,,,,,,
,,Pter,,,,,,,,,Dnajc8,,,,,,
,,Ptn,,,,,,,,,Dnase1l2,,,,,,
,,Ptpla,,,,,,,,,Dnmbp,,,,,,
,,Ptpn11,,,,,,,,,Dock5,,,,,,
,,Ptpn12,,,,,,,,,Dohh,,,,,,
,,Ptpn21,,,,,,,,,Dolk,,,,,,
,,Ptprb,,,,,,,,,Dos,,,,,,
,,Ptprg,,,,,,,,,Dpcd,,,,,,
,,Ptprs,,,,,,,,,Dpf2,,,,,,
,,Pvr,,,,,,,,,Dph5,,,,,,
,,Pvrl3,,,,,,,,,Dpp8,,,,,,
,,Pxdn,,,,,,,,,Dpy30,,,,,,
,,Pxk,,,,,,,,,Dram2,,,,,,
,,Pycr1,,,,,,,,,Dsc2,,,,,,
,,Pygl,,,,,,,,,Dst,,,,,,
,,Qk,,,,,,,,,Dstn,,,,,,
,,Rab11fip2,,,,,,,,,Dtd1,,,,,,
,,Rab12,,,,,,,,,Dtnb,,,,,,
,,Rab13,,,,,,,,,Dtx2,,,,,,
,,Rab2b,,,,,,,,,Duox1,,,,,,
,,Rab30,,,,,,,,,Dus1l,,,,,,
,,Rab31,,,,,,,,,Dusp5,,,,,,
,,Rab3a,,,,,,,,,Dusp7,,,,,,
,,Rab3il1,,,,,,,,,Dynlt1f,,,,,,
,,Rab43,,,,,,,,,Dyrk2,,,,,,
,,Rab8b,,,,,,,,,Dzip1l,,,,,,
,,Rabgap1l,,,,,,,,,E030024N20Rik,,,,,,
,,Rad52,,,,,,,,,E030030I06Rik,,,,,,
,,Rai2,,,,,,,,,E130308A19Rik,,,,,,
,,Ralgps2,,,,,,,,,E130309D02Rik,,,,,,
,,Rap2a,,,,,,,,,E2f4,,,,,,
,,Rapgef2,,,,,,,,,E4f1,,,,,,
,,Rara,,,,,,,,,Eaf1,,,,,,
,,Rasd1,,,,,,,,,Eapp,,,,,,
,,Raver2,,,,,,,,,Ebna1bp2,,,,,,
,,Rbbp6,,,,,,,,,Ecd,,,,,,
,,Rbbp9,,,,,,,,,Ech1,,,,,,
,,Rbl2,,,,,,,,,Echdc1,,,,,,
,,Rbms2,,,,,,,,,Echs1,,,,,,
,,Rbpj,,,,,,,,,Edc3,,,,,,
,,Rcbtb2,,,,,,,,,Eed,,,,,,
,,Reck,,,,,,,,,Eef1d,,,,,,
,,Renbp,,,,,,,,,Eef1e1,,,,,,
,,Rere,,,,,,,,,Eefsec,,,,,,
,,Rev1,,,,,,,,,Eepd1,,,,,,
,,Rgs3,,,,,,,,,Efha1,,,,,,
,,Rhbdf1,,,,,,,,,Efna1,,,,,,
,,Rhou,,,,,,,,,Efs,,,,,,
,,Rilpl1,,,,,,,,,Eftud2,,,,,,
,,Rilpl2,,,,,,,,,Ehd4,,,,,,
,,Ripk2,,,,,,,,,Ehhadh,,,,,,
,,Rnasel,,,,,,,,,Eif1ad,,,,,,
,,Rnd3,,,,,,,,,Eif1ax,,,,,,
,,Rnf122,,,,,,,,,Eif2b1,,,,,,
,,Rnf130,,,,,,,,,Eif2b2,,,,,,
,,Rnf19a,,,,,,,,,Eif2b3,,,,,,
,,Rnf214,,,,,,,,,Eif2b4,,,,,,
,,Rnf215,,,,,,,,,Eif2b5,,,,,,
,,Rnf26,,,,,,,,,Eif2c2,,,,,,
,,Robo1,,,,,,,,,Eif2d,,,,,,
,,Robo2,,,,,,,,,Eif2s1,,,,,,
,,Ror1,,,,,,,,,Eif2s3y,,,,,,
,,Rora,,,,,,,,,Eif3a,,,,,,
,,Rpa2,,,,,,,,,Eif3b,,,,,,
,,Rrad,,,,,,,,,Eif3c,,,,,,
,,Rsph9,,,,,,,,,Eif3d,,,,,,
,,Rtp4,,,,,,,,,Eif3e,,,,,,
,,Runx1t1,,,,,,,,,Eif3g,,,,,,
,,Runx2,,,,,,,,,Eif3h,,,,,,
,,Rusc2,,,,,,,,,Eif3i,,,,,,
,,Rwdd1,,,,,,,,,Eif3k,,,,,,
,,Sacm1l,,,,,,,,,Eif3l,,,,,,
,,Samd4,,,,,,,,,Eif3m,,,,,,
,,Samd5,,,,,,,,,Eif4a1,,,,,,
,,Sash1,,,,,,,,,Eif4a2,,,,,,
,,Sbf2,,,,,,,,,Eif4a3,,,,,,
,,Scara3,,,,,,,,,Eif4e,,,,,,
,,Scd2,,,,,,,,,Eif4e2,,,,,,
,,Scfd1,,,,,,,,,Eif4ebp2,,,,,,
,,Scrn1,,,,,,,,,Eif4ebp3,,,,,,
,,Scube1,,,,,,,,,Eif4h,,,,,,
,,Sdf2,,,,,,,,,Eif5b,,,,,,
,,Sdk1,,,,,,,,,Eif6,,,,,,
,,Sec14l1,,,,,,,,,Elac2,,,,,,
,,Sec61a1,,,,,,,,,Elavl1,,,,,,
,,Senp7,,,,,,,,,Elf1,,,,,,
,,Sepn1,,,,,,,,,Ell,,,,,,
,,Sept11,,,,,,,,,Ell2,,,,,,
,,Serinc1,,,,,,,,,Elmo3,,,,,,
,,Serpinb9,,,,,,,,,Elof1,,,,,,
,,Serpine2,,,,,,,,,Elovl1,,,,,,
,,Sesn1,,,,,,,,,Elovl4,,,,,,
,,Sestd1,,,,,,,,,Elovl6,,,,,,
,,Sfpq,,,,,,,,,Elovl7,,,,,,
,,Sgcb,,,,,,,,,Elp2,,,,,,
,,Sgms2,,,,,,,,,Emd,,,,,,
,,Sgpp1,,,,,,,,,Eml2,,,,,,
,,Sh3d19,,,,,,,,,Eml4,,,,,,
,,Sh3pxd2b,,,,,,,,,Enah,,,,,,
,,Shisa4,,,,,,,,,Endog,,,,,,
,,Siae,,,,,,,,,Eno1,,,,,,
,,Sirpa,,,,,,,,,Enpp1,,,,,,
,,Sirt1,,,,,,,,,Entpd7,,,,,,
,,Slain2,,,,,,,,,Epb4.1,,,,,,
,,Slc10a6,,,,,,,,,Epb4.1l1,,,,,,
,,Slc11a2,,,,,,,,,Epb4.1l3,,,,,,
,,Slc16a1,,,,,,,,,Epb4.1l4a,,,,,,
,,Slc16a10,,,,,,,,,Epb4.1l4b,,,,,,
,,Slc17a5,,,,,,,,,Epb4.1l5,,,,,,
,,Slc24a6,,,,,,,,,Epb4.9,,,,,,
,,Slc25a12,,,,,,,,,Epha1,,,,,,
,,Slc2a10,,,,,,,,,Ephb3,,,,,,
,,Slc2a8,,,,,,,,,Ephx1,,,,,,
,,Slc31a2,,,,,,,,,Ephx2,,,,,,
,,Slc35b1,,,,,,,,,Eppk1,,,,,,
,,Slc35b4,,,,,,,,,Eps8,,,,,,
,,Slc37a3,,,,,,,,,Eps8l1,,,,,,
,,Slc41a1,,,,,,,,,Ept1,,,,,,
,,Slc41a3,,,,,,,,,Erbb2,,,,,,
,,Slc43a1,,,,,,,,,Erbb3,,,,,,
,,Slc46a1,,,,,,,,,Ercc3,,,,,,
,,Slc8a1,,,,,,,,,Ercc6,,,,,,
,,Slc9a3r2,,,,,,,,,Esco1,,,,,,
,,Smad3,,,,,,,,,Esf1,,,,,,
,,Smad5,,,,,,,,,Espn,,,,,,
,,Smad6,,,,,,,,,Esrp2,,,,,,
,,Smarcd3,,,,,,,,,Esrra,,,,,,
,,Smtn,,,,,,,,,Etf1,,,,,,
,,Snapc2,,,,,,,,,Etfa,,,,,,
,,Snhg7,,,,,,,,,Etfdh,,,,,,
,,Snhg8,,,,,,,,,Ethe1,,,,,,
,,Snora31,,,,,,,,,Etl4,,,,,,
,,Snord104,,,,,,,,,Etnk1,,,,,,
,,Snrpc,,,,,,,,,Etv3,,,,,,
,,Snx18,,,,,,,,,Etv6,,,,,,
,,Snx21,,,,,,,,,Evl,,,,,,
,,Snx24,,,,,,,,,Ewsr1,,,,,,
,,Snx9,,,,,,,,,Exoc3,,,,,,
,,Sobp,,,,,,,,,Exoc6,,,,,,
,,Socs2,,,,,,,,,Exoc7,,,,,,
,,Sorbs1,,,,,,,,,Exosc10,,,,,,
,,Sorbs3,,,,,,,,,Exosc2,,,,,,
,,Sostdc1,,,,,,,,,Exosc3,,,,,,
,,Sox9,,,,,,,,,Exosc5,,,,,,
,,Sp100,,,,,,,,,Exosc6,,,,,,
,,Spag9,,,,,,,,,Eya2,,,,,,
,,Spata13,,,,,,,,,Eya3,,,,,,
,,Spata6,,,,,,,,,Ezh2,,,,,,
,,Spats2,,,,,,,,,F2rl1,,,,,,
,,Specc1l,,,,,,,,,F8a,,,,,,
,,Spred1,,,,,,,,,Faah,,,,,,
,,Sprn,,,,,,,,,Fads2,,,,,,
,,Spry1,,,,,,,,,Faf1,,,,,,
,,Spsb1,,,,,,,,,Fah,,,,,,
,,Spsb2,,,,,,,,,Fahd2a,,,,,,
,,Spty2d1,,,,,,,,,Faim,,,,,,
,,Srgap2,,,,,,,,,Fam100a,,,,,,
,,Ssh2,,,,,,,,,Fam100b,,,,,,
,,St3gal2,,,,,,,,,Fam101b,,,,,,
,,St6galnac6,,,,,,,,,Fam103a1,,,,,,
,,Stag1,,,,,,,,,Fam105b,,,,,,
,,Stard13,,,,,,,,,Fam108b,,,,,,
,,Stat1,,,,,,,,,Fam108c,,,,,,
,,Stat2,,,,,,,,,Fam110a,,,,,,
,,Stat5a,,,,,,,,,Fam118a,,,,,,
,,Stbd1,,,,,,,,,Fam120b,,,,,,
,,Stk3,,,,,,,,,Fam122a,,,,,,
,,Ston1,,,,,,,,,Fam125a,,,,,,
,,Stx2,,,,,,,,,Fam133b,,,,,,
,,Stx4a,,,,,,,,,Fam134b,,,,,,
,,Stxbp1,,,,,,,,,Fam134c,,,,,,
,,Sumf2,,,,,,,,,Fam136a,,,,,,
,,Susd2,,,,,,,,,Fam160a1,,,,,,
,,Synj2,,,,,,,,,Fam160a2,,,,,,
,,Tanc1,,,,,,,,,Fam160b2,,,,,,
,,Taok2,,,,,,,,,Fam162a,,,,,,
,,Tap1,,,,,,,,,Fam173a,,,,,,
,,Tap2,,,,,,,,,Fam174a,,,,,,
,,Tapbpl,,,,,,,,,Fam176a,,,,,,
,,Tbc1d19,,,,,,,,,Fam188a,,,,,,
,,Tbc1d4,,,,,,,,,Fam192a,,,,,,
,,Tbc1d8b,,,,,,,,,Fam20b,,,,,,
,,Tbc1d9b,,,,,,,,,Fam32a,,,,,,
,,Tbcel,,,,,,,,,Fam40a,,,,,,
,,Tbl2,,,,,,,,,Fam49b,,,,,,
,,Tbx20,,,,,,,,,Fam53a,,,,,,
,,Tbx4,,,,,,,,,Fam57a,,,,,,
,,Tceal1,,,,,,,,,Fam59a,,,,,,
,,Tceb3,,,,,,,,,Fam60a,,,,,,
,,Tcf12,,,,,,,,,Fam63a,,,,,,
,,Tcf7,,,,,,,,,Fam63b,,,,,,
,,Tcf7l1,,,,,,,,,Fam81a,,,,,,
,,Tctex1d2,,,,,,,,,Fam82b,,,,,,
,,Tex261,,,,,,,,,Fam83b,,,,,,
,,Tfcp2,,,,,,,,,Fam83f,,,,,,
,,Tgfb1,,,,,,,,,Fam83g,,,,,,
,,Tgfb2,,,,,,,,,Fam84b,,,,,,
,,Tgtp2,,,,,,,,,Fam98a,,,,,,
,,Thap11,,,,,,,,,Fam98c,,,,,,
,,Thap3,,,,,,,,,Fancl,,,,,,
,,Thbs3,,,,,,,,,Fars2,,,,,,
,,Thnsl2,,,,,,,,,Farsa,,,,,,
,,Thoc6,,,,,,,,,Farsb,,,,,,
,,Thra,,,,,,,,,Fastkd3,,,,,,
,,Tifa,,,,,,,,,Fat1,,,,,,
,,Tipin,,,,,,,,,Fbl,,,,,,
,,Tlcd2,,,,,,,,,Fbp1,,,,,,
,,Tle6,,,,,,,,,Fbrsl1,,,,,,
,,Tlr4,,,,,,,,,Fbxl5,,,,,,
,,Tm4sf1,,,,,,,,,Fbxo28,,,,,,
,,Tmco3,,,,,,,,,Fbxo3,,,,,,
,,Tmed7,,,,,,,,,Fbxo34,,,,,,
,,Tmeff1,,,,,,,,,Fbxo36,,,,,,
,,Tmem109,,,,,,,,,Fbxo38,,,,,,
,,Tmem129,,,,,,,,,Fbxo42,,,,,,
,,Tmem138,,,,,,,,,Fbxo46,,,,,,
,,Tmem14c,,,,,,,,,Fbxo7,,,,,,
,,Tmem173,,,,,,,,,Fbxw11,,,,,,
,,Tmem175,,,,,,,,,Fbxw5,,,,,,
,,Tmem184b,,,,,,,,,Fbxw7,,,,,,
,,Tmem184c,,,,,,,,,Fbxw9,,,,,,
,,Tmem214,,,,,,,,,Fcf1,,,,,,
,,Tmem218,,,,,,,,,Fdx1l,,,,,,
,,Tmem231,,,,,,,,,Fermt1,,,,,,
,,Tmem30a,,,,,,,,,Fermt3,,,,,,
,,Tmem38a,,,,,,,,,Fgf1,,,,,,
,,Tmem47,,,,,,,,,Fgfr1op2,,,,,,
,,Tmem65,,,,,,,,,Fgfr3,,,,,,
,,Tmem86a,,,,,,,,,Fgfrl1,,,,,,
,,Tmem88,,,,,,,,,Fh1,,,,,,
,,Tmem97,,,,,,,,,Fibp,,,,,,
,,Tmod2,,,,,,,,,Fip1l1,,,,,,
,,Tmtc1,,,,,,,,,Fitm2,,,,,,
,,Tmx3,,,,,,,,,Fiz1,,,,,,
,,Tnfaip6,,,,,,,,,Fkbp4,,,,,,
,,Tnfrsf1b,,,,,,,,,Fkbp5,,,,,,
,,Tnfrsf23,,,,,,,,,Flad1,,,,,,
,,Tnip1,,,,,,,,,Flywch2,,,,,,
,,Tnrc6a,,,,,,,,,Foxk1,,,,,,
,,Tnrc6b,,,,,,,,,Foxn2,,,,,,
,,Tnrc6c,,,,,,,,,Foxp2,,,,,,
,,Tpd52l2,,,,,,,,,Foxp4,,,,,,
,,Tprkb,,,,,,,,,Foxred1,,,,,,
,,Traf5,,,,,,,,,Fpgt,,,,,,
,,Trak1,,,,,,,,,Frg1,,,,,,
,,Trak2,,,,,,,,,Frk,,,,,,
,,Trerf1,,,,,,,,,Frmd8,,,,,,
,,Tril,,,,,,,,,Frrs1,,,,,,
,,Trim12c,,,,,,,,,Fry,,,,,,
,,Trim2,,,,,,,,,Fryl,,,,,,
,,Trim3,,,,,,,,,Fstl4,,,,,,
,,Trim30a,,,,,,,,,Ftsj3,,,,,,
,,Trim35,,,,,,,,,Fubp1,,,,,,
,,Trio,,,,,,,,,Fubp3,,,,,,
,,Trnp1,,,,,,,,,Fyttd1,,,,,,
,,Trove2,,,,,,,,,Fzd5,,,,,,
,,Trpm7,,,,,,,,,G2e3,,,,,,
,,Tsc2,,,,,,,,,G3bp1,,,,,,
,,Tshz1,,,,,,,,,G3bp2,,,,,,
,,Tsn,,,,,,,,,G6pc3,,,,,,
,,Tspan11,,,,,,,,,Gabarapl2,,,,,,
,,Tspyl2,,,,,,,,,Gabpb1,,,,,,
,,Tssc4,,,,,,,,,Gadd45gip1,,,,,,
,,Ttbk2,,,,,,,,,Gak,,,,,,
,,Ttc8,,,,,,,,,Gale,,,,,,
,,Ttll1,,,,,,,,,Galnt2,,,,,,
,,Ttyh2,,,,,,,,,Galnt3,,,,,,
,,Tubb4a,,,,,,,,,Galnt4,,,,,,
,,Twf2,,,,,,,,,Galnt7,,,,,,
,,Twist1,,,,,,,,,Galntl4,,,,,,
,,Txlna,,,,,,,,,Gapdh,,,,,,
,,Txndc11,,,,,,,,,Gar1,,,,,,
,,Txndc16,,,,,,,,,Gars,,,,,,
,,Uaca,,,,,,,,,Gart,,,,,,
,,Uba5,,,,,,,,,Gas2l1,,,,,,
,,Ubac1,,,,,,,,,Gatad2a,,,,,,
,,Ublcp1,,,,,,,,,Gbe1,,,,,,
,,Ubn1,,,,,,,,,Gcfc1,,,,,,
,,Ubr1,,,,,,,,,Gde1,,,,,,
,,Ubtd2,,,,,,,,,Gdi1,,,,,,
,,Uggt1,,,,,,,,,Gdpd1,,,,,,
,,Ulk2,,,,,,,,,Gdpd5,,,,,,
,,Unc5c,,,,,,,,,Get4,,,,,,
,,Usp1,,,,,,,,,Gfer,,,,,,
,,Utrn,,,,,,,,,Gfm1,,,,,,
,,Uvrag,,,,,,,,,Gfm2,,,,,,
,,Vamp4,,,,,,,,,Gfpt1,,,,,,
,,Vgll4,,,,,,,,,Gfra1,,,,,,
,,Vma21,,,,,,,,,Gga2,,,,,,
,,Vps13c,,,,,,,,,Ggct,,,,,,
,,Wash,,,,,,,,,Ghitm,,,,,,
,,Wdsub1,,,,,,,,,Gipc1,,,,,,
,,Wfs1,,,,,,,,,Gipc2,,,,,,
,,Wipf1,,,,,,,,,Git2,,,,,,
,,Wisp1,,,,,,,,,Gldc,,,,,,
,,Wnk1,,,,,,,,,Glod4,,,,,,
,,Wnt11,,,,,,,,,Glrx3,,,,,,
,,Wnt2b,,,,,,,,,Glrx5,,,,,,
,,Wrn,,,,,,,,,Glt28d2,,,,,,
,,Wtip,,,,,,,,,Glyr1,,,,,,
,,Wwc2,,,,,,,,,Gm10548,,,,,,
,,Xaf1,,,,,,,,,Gm11974,,,,,,
,,Xpa,,,,,,,,,Gm12191,,,,,,
,,Xpo1,,,,,,,,,Gm12942,,,,,,
,,Xrn1,,,,,,,,,Gm15417,,,,,,
,,Xylt1,,,,,,,,,Gm17066,,,,,,
,,Xylt2,,,,,,,,,Gm3776,,,,,,
,,Zadh2,,,,,,,,,Gm5148,,,,,,
,,Zbed3,,,,,,,,,Gm5506,,,,,,
,,Zbed6,,,,,,,,,Gm5617,,,,,,
,,Zbtb1,,,,,,,,,Gm5801,,,,,,
,,Zbtb10,,,,,,,,,Gm5918,,,,,,
,,Zbtb4,,,,,,,,,Gm608,,,,,,
,,Zbtb41,,,,,,,,,Gm6251,,,,,,
,,Zbtb7c,,,,,,,,,Gm6402,,,,,,
,,Zc3h11a,,,,,,,,,Gm6682,,,,,,
,,Zcchc11,,,,,,,,,Gm9320,,,,,,
,,Zcchc14,,,,,,,,,Gm962,,,,,,
,,Zdhhc1,,,,,,,,,Gmcl1,,,,,,
,,Zdhhc17,,,,,,,,,Gmds,,,,,,
,,Zdhhc24,,,,,,,,,Gmeb1,,,,,,
,,Zdhhc8,,,,,,,,,Gmeb2,,,,,,
,,Zfand3,,,,,,,,,Gmfb,,,,,,
,,Zfp142,,,,,,,,,Gmps,,,,,,
,,Zfp260,,,,,,,,,Gna15,,,,,,
,,Zfp275,,,,,,,,,Gnb1,,,,,,
,,Zfp354c,,,,,,,,,Gnl2,,,,,,
,,Zfp395,,,,,,,,,Gnl3,,,,,,
,,Zfp423,,,,,,,,,Gnl3l,,,,,,
,,Zfp503,,,,,,,,,Gnpat,,,,,,
,,Zfp521,,,,,,,,,Gnpnat1,,,,,,
,,Zfp536,,,,,,,,,Golga7,,,,,,
,,Zfp580,,,,,,,,,Golph3,,,,,,
,,Zfp637,,,,,,,,,Gorasp1,,,,,,
,,Zfp652,,,,,,,,,Gosr1,,,,,,
,,Zfp771,,,,,,,,,Got2,,,,,,
,,Zfp9,,,,,,,,,Gpaa1,,,,,,
,,Zfpm1,,,,,,,,,Gpbp1l1,,,,,,
,,Zfyve16,,,,,,,,,Gpd2,,,,,,
,,Zhx1,,,,,,,,,Gphn,,,,,,
,,Zhx3,,,,,,,,,Gpi1,,,,,,
,,Zmiz1,,,,,,,,,Gpld1,,,,,,
,,Zmynd11,,,,,,,,,Gpn2,,,,,,
,,Zswim6,,,,,,,,,Gpnmb,,,,,,
,,,,,,,,,,,Gpr126,,,,,,
,,,,,,,,,,,Gpr137,,,,,,
,,,,,,,,,,,Gpr137b,,,,,,
,,,,,,,,,,,Gpr137b-ps,,,,,,
,,,,,,,,,,,Gpr160,,,,,,
,,,,,,,,,,,Gpr39,,,,,,
,,,,,,,,,,,Gpr64,,,,,,
,,,,,,,,,,,Gpr87,,,,,,
,,,,,,,,,,,Gprc5a,,,,,,
,,,,,,,,,,,Gpt,,,,,,
,,,,,,,,,,,Gpt2,,,,,,
,,,,,,,,,,,Grb2,,,,,,
,,,,,,,,,,,Grb7,,,,,,
,,,,,,,,,,,Grhl2,,,,,,
,,,,,,,,,,,Grhpr,,,,,,
,,,,,,,,,,,Gripap1,,,,,,
,,,,,,,,,,,Grpel2,,,,,,
,,,,,,,,,,,Grtp1,,,,,,
,,,,,,,,,,,Grwd1,,,,,,
,,,,,,,,,,,Gss,,,,,,
,,,,,,,,,,,Gsto2,,,,,,
,,,,,,,,,,,Gstp2,,,,,,
,,,,,,,,,,,Gstt2,,,,,,
,,,,,,,,,,,Gt(ROSA)26Sor,,,,,,
,,,,,,,,,,,Gtf2f2,,,,,,
,,,,,,,,,,,Gtf2h1,,,,,,
,,,,,,,,,,,Gtf3c6,,,,,,
,,,,,,,,,,,Gtpbp1,,,,,,
,,,,,,,,,,,Gtpbp6,,,,,,
,,,,,,,,,,,Gyk,,,,,,
,,,,,,,,,,,Gys1,,,,,,
,,,,,,,,,,,H2-K1,,,,,,
,,,,,,,,,,,H2-Ke2,,,,,,
,,,,,,,,,,,H2-Ke6,,,,,,
,,,,,,,,,,,H3f3b,,,,,,
,,,,,,,,,,,H60c,,,,,,
,,,,,,,,,,,Hadh,,,,,,
,,,,,,,,,,,Hadha,,,,,,
,,,,,,,,,,,Hadhb,,,,,,
,,,,,,,,,,,Hagh,,,,,,
,,,,,,,,,,,Haghl,,,,,,
,,,,,,,,,,,Haus2,,,,,,
,,,,,,,,,,,Haus7,,,,,,
,,,,,,,,,,,Hax1,,,,,,
,,,,,,,,,,,Hccs,,,,,,
,,,,,,,,,,,Hcfc1r1,,,,,,
,,,,,,,,,,,Hdac3,,,,,,
,,,,,,,,,,,Hdgfrp2,,,,,,
,,,,,,,,,,,Heatr1,,,,,,
,,,,,,,,,,,Heatr2,,,,,,
,,,,,,,,,,,Heatr3,,,,,,
,,,,,,,,,,,Heatr7a,,,,,,
,,,,,,,,,,,Hectd1,,,,,,
,,,,,,,,,,,Herc4,,,,,,
,,,,,,,,,,,Hgfac,,,,,,
,,,,,,,,,,,Hgs,,,,,,
,,,,,,,,,,,Hiat1,,,,,,
,,,,,,,,,,,Hibadh,,,,,,
,,,,,,,,,,,Hibch,,,,,,
,,,,,,,,,,,Hic2,,,,,,
,,,,,,,,,,,Higd2a,,,,,,
,,,,,,,,,,,Hint3,,,,,,
,,,,,,,,,,,Hipk2,,,,,,
,,,,,,,,,,,Hist1h1c,,,,,,
,,,,,,,,,,,Hist1h1e,,,,,,
,,,,,,,,,,,Hist1h2bc,,,,,,
,,,,,,,,,,,Hist1h4d,,,,,,
,,,,,,,,,,,Hivep1,,,,,,
,,,,,,,,,,,Hivep2,,,,,,
,,,,,,,,,,,Hivep3,,,,,,
,,,,,,,,,,,Hk1,,,,,,
,,,,,,,,,,,Hlcs,,,,,,
,,,,,,,,,,,Hmga1,,,,,,
,,,,,,,,,,,Hmgb2,,,,,,
,,,,,,,,,,,Hmgb3,,,,,,
,,,,,,,,,,,Hmgcl,,,,,,
,,,,,,,,,,,Hmgcr,,,,,,
,,,,,,,,,,,Hmgcs1,,,,,,
,,,,,,,,,,,Hmgcs2,,,,,,
,,,,,,,,,,,Hmgn3,,,,,,
,,,,,,,,,,,Hmgn5,,,,,,
,,,,,,,,,,,Hn1l,,,,,,
,,,,,,,,,,,Hnf1b,,,,,,
,,,,,,,,,,,Hnrnpa3,,,,,,
,,,,,,,,,,,Hnrnpc,,,,,,
,,,,,,,,,,,Hnrnpd,,,,,,
,,,,,,,,,,,Hnrnpf,,,,,,
,,,,,,,,,,,Hnrnph2,,,,,,
,,,,,,,,,,,Hnrnpk,,,,,,
,,,,,,,,,,,Hnrnpm,,,,,,
,,,,,,,,,,,Hnrnpu,,,,,,
,,,,,,,,,,,Hnrpll,,,,,,
,,,,,,,,,,,Homer3,,,,,,
,,,,,,,,,,,Hook1,,,,,,
,,,,,,,,,,,Hook2,,,,,,
,,,,,,,,,,,Hopx,,,,,,
,,,,,,,,,,,Hoxa7,,,,,,
,,,,,,,,,,,Hoxa9,,,,,,
,,,,,,,,,,,Hoxb2,,,,,,
,,,,,,,,,,,Hoxd3,,,,,,
,,,,,,,,,,,Hoxd8,,,,,,
,,,,,,,,,,,Hprt,,,,,,
,,,,,,,,,,,Hps1,,,,,,
,,,,,,,,,,,Hps4,,,,,,
,,,,,,,,,,,Hr,,,,,,
,,,,,,,,,,,Hrsp12,,,,,,
,,,,,,,,,,,Hs6st1,,,,,,
,,,,,,,,,,,Hscb,,,,,,
,,,,,,,,,,,Hsd17b4,,,,,,
,,,,,,,,,,,Hsd17b7,,,,,,
,,,,,,,,,,,Hsf1,,,,,,
,,,,,,,,,,,Hspa4l,,,,,,
,,,,,,,,,,,Hspb1,,,,,,
,,,,,,,,,,,Hspbap1,,,,,,
,,,,,,,,,,,Hspd1,,,,,,
,,,,,,,,,,,Hyal1,,,,,,
,,,,,,,,,,,Hyal2,,,,,,
,,,,,,,,,,,Hyal3,,,,,,
,,,,,,,,,,,Iars,,,,,,
,,,,,,,,,,,Iars2,,,,,,
,,,,,,,,,,,Ica1,,,,,,
,,,,,,,,,,,Ick,,,,,,
,,,,,,,,,,,Ide,,,,,,
,,,,,,,,,,,Idh3a,,,,,,
,,,,,,,,,,,Idh3g,,,,,,
,,,,,,,,,,,Idi1,,,,,,
,,,,,,,,,,,Iffo2,,,,,,
,,,,,,,,,,,Ifrd2,,,,,,
,,,,,,,,,,,Ift52,,,,,,
,,,,,,,,,,,Igbp1,,,,,,
,,,,,,,,,,,Igdcc4,,,,,,
,,,,,,,,,,,Igf2,,,,,,
,,,,,,,,,,,Igf2bp2,,,,,,
,,,,,,,,,,,Igfbp3,,,,,,
,,,,,,,,,,,Igfbp5,,,,,,
,,,,,,,,,,,Ik,,,,,,
,,,,,,,,,,,Ikbkb,,,,,,
,,,,,,,,,,,Ikbkg,,,,,,
,,,,,,,,,,,Ikzf3,,,,,,
,,,,,,,,,,,Il10rb,,,,,,
,,,,,,,,,,,Il13ra1,,,,,,
,,,,,,,,,,,Ilf3,,,,,,
,,,,,,,,,,,Ilvbl,,,,,,
,,,,,,,,,,,Immt,,,,,,
,,,,,,,,,,,Imp4,,,,,,
,,,,,,,,,,,Impdh1,,,,,,
,,,,,,,,,,,Inadl,,,,,,
,,,,,,,,,,,Ino80,,,,,,
,,,,,,,,,,,Insl6,,,,,,
,,,,,,,,,,,Ints10,,,,,,
,,,,,,,,,,,Ints4,,,,,,
,,,,,,,,,,,Ints5,,,,,,
,,,,,,,,,,,Ints7,,,,,,
,,,,,,,,,,,Ip6k1,,,,,,
,,,,,,,,,,,Ipo5,,,,,,
,,,,,,,,,,,Ippk,,,,,,
,,,,,,,,,,,Iqcb1,,,,,,
,,,,,,,,,,,Irf2bp1,,,,,,
,,,,,,,,,,,Isg20l2,,,,,,
,,,,,,,,,,,Isyna1,,,,,,
,,,,,,,,,,,Itfg1,,,,,,
,,,,,,,,,,,Itfg3,,,,,,
,,,,,,,,,,,Itga2,,,,,,
,,,,,,,,,,,Itgb6,,,,,,
,,,,,,,,,,,Itm2b,,,,,,
,,,,,,,,,,,Itpr3,,,,,,
,,,,,,,,,,,Itpripl1,,,,,,
,,,,,,,,,,,Itsn2,,,,,,
,,,,,,,,,,,Ivd,,,,,,
,,,,,,,,,,,Jag2,,,,,,
,,,,,,,,,,,Jagn1,,,,,,
,,,,,,,,,,,Jak3,,,,,,
,,,,,,,,,,,Jhdm1d,,,,,,
,,,,,,,,,,,Josd1,,,,,,
,,,,,,,,,,,Kars,,,,,,
,,,,,,,,,,,Kat5,,,,,,
,,,,,,,,,,,Katna1,,,,,,
,,,,,,,,,,,Kbtbd2,,,,,,
,,,,,,,,,,,Kcmf1,,,,,,
,,,,,,,,,,,Kcne1,,,,,,
,,,,,,,,,,,Kctd1,,,,,,
,,,,,,,,,,,Kctd12,,,,,,
,,,,,,,,,,,Kctd15,,,,,,
,,,,,,,,,,,Kctd5,,,,,,
,,,,,,,,,,,Kdm1b,,,,,,
,,,,,,,,,,,Kdm3b,,,,,,
,,,,,,,,,,,Kdm4a,,,,,,
,,,,,,,,,,,Kdm4b,,,,,,
,,,,,,,,,,,Kdm5a,,,,,,
,,,,,,,,,,,Khdrbs1,,,,,,
,,,,,,,,,,,Kidins220,,,,,,
,,,,,,,,,,,Kif21a,,,,,,
,,,,,,,,,,,Kif23,,,,,,
,,,,,,,,,,,Kif5b,,,,,,
,,,,,,,,,,,Kif5c,,,,,,
,,,,,,,,,,,Kin,,,,,,
,,,,,,,,,,,Kitl,,,,,,
,,,,,,,,,,,Klc4,,,,,,
,,,,,,,,,,,Klf10,,,,,,
,,,,,,,,,,,Klf11,,,,,,
,,,,,,,,,,,Klf16,,,,,,
,,,,,,,,,,,Klhdc4,,,,,,
,,,,,,,,,,,Klhl12,,,,,,
,,,,,,,,,,,Klhl17,,,,,,
,,,,,,,,,,,Klhl2,,,,,,
,,,,,,,,,,,Klhl21,,,,,,
,,,,,,,,,,,Klhl24,,,,,,
,,,,,,,,,,,Klhl25,,,,,,
,,,,,,,,,,,Klhl26,,,,,,
,,,,,,,,,,,Klrg2,,,,,,
,,,,,,,,,,,Kpna2,,,,,,
,,,,,,,,,,,Kpna3,,,,,,
,,,,,,,,,,,Kpna6,,,,,,
,,,,,,,,,,,Krr1,,,,,,
,,,,,,,,,,,Krt1,,,,,,
,,,,,,,,,,,Krt13,,,,,,
,,,,,,,,,,,Kti12,,,,,,
,,,,,,,,,,,Ktn1,,,,,,
,,,,,,,,,,,L1cam,,,,,,
,,,,,,,,,,,L3mbtl2,,,,,,
,,,,,,,,,,,LOC433944,,,,,,
,,,,,,,,,,,Lactb,,,,,,
,,,,,,,,,,,Lactb2,,,,,,
,,,,,,,,,,,Lama3,,,,,,
,,,,,,,,,,,Lamtor2,,,,,,
,,,,,,,,,,,Lancl1,,,,,,
,,,,,,,,,,,Lancl3,,,,,,
,,,,,,,,,,,Larp1b,,,,,,
,,,,,,,,,,,Larp4,,,,,,
,,,,,,,,,,,Larp4b,,,,,,
,,,,,,,,,,,Lars,,,,,,
,,,,,,,,,,,Lass6,,,,,,
,,,,,,,,,,,Lcor,,,,,,
,,,,,,,,,,,Lcorl,,,,,,
,,,,,,,,,,,Lcp1,,,,,,
,,,,,,,,,,,Ldha,,,,,,
,,,,,,,,,,,Ldhd,,,,,,
,,,,,,,,,,,Ldlrap1,,,,,,
,,,,,,,,,,,Leng8,,,,,,
,,,,,,,,,,,Leng9,,,,,,
,,,,,,,,,,,Leprel1,,,,,,
,,,,,,,,,,,Lgals4,,,,,,
,,,,,,,,,,,Lgr4,,,,,,
,,,,,,,,,,,Lig1,,,,,,
,,,,,,,,,,,Lig3,,,,,,
,,,,,,,,,,,Limd2,,,,,,
,,,,,,,,,,,Limk2,,,,,,
,,,,,,,,,,,Lin7c,,,,,,
,,,,,,,,,,,Liph,,,,,,
,,,,,,,,,,,Lman2,,,,,,
,,,,,,,,,,,Lman2l,,,,,,
,,,,,,,,,,,Lmbrd2,,,,,,
,,,,,,,,,,,Lmnb1,,,,,,
,,,,,,,,,,,Lmtk2,,,,,,
,,,,,,,,,,,Lnx1,,,,,,
,,,,,,,,,,,Lonp1,,,,,,
,,,,,,,,,,,Lonp2,,,,,,
,,,,,,,,,,,Lonrf1,,,,,,
,,,,,,,,,,,Lpar3,,,,,,
,,,,,,,,,,,Lpar6,,,,,,
,,,,,,,,,,,Lpcat2,,,,,,
,,,,,,,,,,,Lpcat3,,,,,,
,,,,,,,,,,,Lpcat4,,,,,,
,,,,,,,,,,,Lpin3,,,,,,
,,,,,,,,,,,Lrpprc,,,,,,
,,,,,,,,,,,Lrrc1,,,,,,
,,,,,,,,,,,Lrrc40,,,,,,
,,,,,,,,,,,Lrrc41,,,,,,
,,,,,,,,,,,Lrrc47,,,,,,
,,,,,,,,,,,Lrrc51,,,,,,
,,,,,,,,,,,Lrrc8d,,,,,,
,,,,,,,,,,,Lrrc8e,,,,,,
,,,,,,,,,,,Lrrfip2,,,,,,
,,,,,,,,,,,Lsg1,,,,,,
,,,,,,,,,,,Lsm1,,,,,,
,,,,,,,,,,,Lsm12,,,,,,
,,,,,,,,,,,Lsm14a,,,,,,
,,,,,,,,,,,Lss,,,,,,
,,,,,,,,,,,Ltv1,,,,,,
,,,,,,,,,,,Luc7l,,,,,,
,,,,,,,,,,,Luzp1,,,,,,
,,,,,,,,,,,Lyar,,,,,,
,,,,,,,,,,,Lyn,,,,,,
,,,,,,,,,,,Lypd6b,,,,,,
,,,,,,,,,,,Lypla1,,,,,,
,,,,,,,,,,,Lypla2,,,,,,
,,,,,,,,,,,Lyrm4,,,,,,
,,,,,,,,,,,Lzic,,,,,,
,,,,,,,,,,,Macc1,,,,,,
,,,,,,,,,,,Macrod1,,,,,,
,,,,,,,,,,,Maea,,,,,,
,,,,,,,,,,,Mafb,,,,,,
,,,,,,,,,,,Mafg,,,,,,
,,,,,,,,,,,Mafk,,,,,,
,,,,,,,,,,,Magi3,,,,,,
,,,,,,,,,,,Magohb,,,,,,
,,,,,,,,,,,Mak16,,,,,,
,,,,,,,,,,,Maml2,,,,,,
,,,,,,,,,,,Man1c1,,,,,,
,,,,,,,,,,,Man2c1,,,,,,
,,,,,,,,,,,Map2k1,,,,,,
,,,,,,,,,,,Map2k2,,,,,,
,,,,,,,,,,,Map2k3,,,,,,
,,,,,,,,,,,Map2k4,,,,,,
,,,,,,,,,,,Map3k1,,,,,,
,,,,,,,,,,,Map3k11,,,,,,
,,,,,,,,,,,Map3k9,,,,,,
,,,,,,,,,,,Map4k2,,,,,,
,,,,,,,,,,,Mapk1ip1l,,,,,,
,,,,,,,,,,,Mapkapk2,,,,,,
,,,,,,,,,,,Mapre2,,,,,,
,,,,,,,,,,,March5,,,,,,
,,,,,,,,,,,March6,,,,,,
,,,,,,,,,,,March7,,,,,,
,,,,,,,,,,,Mark3,,,,,,
,,,,,,,,,,,Mark4,,,,,,
,,,,,,,,,,,Mars,,,,,,
,,,,,,,,,,,Marveld3,,,,,,
,,,,,,,,,,,Mast1,,,,,,
,,,,,,,,,,,Mat2a,,,,,,
,,,,,,,,,,,Mat2b,,,,,,
,,,,,,,,,,,Mau2,,,,,,
,,,,,,,,,,,Max,,,,,,
,,,,,,,,,,,Mbd6,,,,,,
,,,,,,,,,,,Mbnl3,,,,,,
,,,,,,,,,,,Mboat1,,,,,,
,,,,,,,,,,,Mboat2,,,,,,
,,,,,,,,,,,Mbtd1,,,,,,
,,,,,,,,,,,Mccc1,,,,,,
,,,,,,,,,,,Mccc2,,,,,,
,,,,,,,,,,,Mcm2,,,,,,
,,,,,,,,,,,Mcmbp,,,,,,
,,,,,,,,,,,Mctp2,,,,,,
,,,,,,,,,,,Mcts2,,,,,,
,,,,,,,,,,,Mdh2,,,,,,
,,,,,,,,,,,Mdm4,,,,,,
,,,,,,,,,,,Mdn1,,,,,,
,,,,,,,,,,,Me2,,,,,,
,,,,,,,,,,,Mea1,,,,,,
,,,,,,,,,,,Meaf6,,,,,,
,,,,,,,,,,,Med1,,,,,,
,,,,,,,,,,,Med10,,,,,,
,,,,,,,,,,,Med14,,,,,,
,,,,,,,,,,,Med17,,,,,,
,,,,,,,,,,,Med19,,,,,,
,,,,,,,,,,,Med20,,,,,,
,,,,,,,,,,,Med22,,,,,,
,,,,,,,,,,,Med29,,,,,,
,,,,,,,,,,,Med30,,,,,,
,,,,,,,,,,,Med4,,,,,,
,,,,,,,,,,,Med7,,,,,,
,,,,,,,,,,,Med8,,,,,,
,,,,,,,,,,,Med9,,,,,,
,,,,,,,,,,,Megf9,,,,,,
,,,,,,,,,,,Memo1,,,,,,
,,,,,,,,,,,Met,,,,,,
,,,,,,,,,,,Metap1,,,,,,
,,,,,,,,,,,Metap2,,,,,,
,,,,,,,,,,,Mettl3,,,,,,
,,,,,,,,,,,Mettl6,,,,,,
,,,,,,,,,,,Mettl9,,,,,,
,,,,,,,,,,,Mfap1b,,,,,,
,,,,,,,,,,,Mfap3l,,,,,,
,,,,,,,,,,,Mfn1,,,,,,
,,,,,,,,,,,Mfn2,,,,,,
,,,,,,,,,,,Mfsd10,,,,,,
,,,,,,,,,,,Mfsd4,,,,,,
,,,,,,,,,,,Mfsd5,,,,,,
,,,,,,,,,,,Mfsd6,,,,,,
,,,,,,,,,,,Mgat3,,,,,,
,,,,,,,,,,,Mgat5,,,,,,
,,,,,,,,,,,Mgea5,,,,,,
,,,,,,,,,,,Mgmt,,,,,,
,,,,,,,,,,,Micu1,,,,,,
,,,,,,,,,,,Mid1ip1,,,,,,
,,,,,,,,,,,Mif4gd,,,,,,
,,,,,,,,,,,Mina,,,,,,
,,,,,,,,,,,Mink1,,,,,,
,,,,,,,,,,,Minpp1,,,,,,
,,,,,,,,,,,Mipol1,,,,,,
,,,,,,,,,,,Mir31,,,,,,
,,,,,,,,,,,Mir682,,,,,,
,,,,,,,,,,,Mki67ip,,,,,,
,,,,,,,,,,,Mkks,,,,,,
,,,,,,,,,,,Mkl2,,,,,,
,,,,,,,,,,,Mknk2,,,,,,
,,,,,,,,,,,Mkrn1,,,,,,
,,,,,,,,,,,Mlf2,,,,,,
,,,,,,,,,,,Mlkl,,,,,,
,,,,,,,,,,,Mll2,,,,,,
,,,,,,,,,,,Mllt1,,,,,,
,,,,,,,,,,,Mlph,,,,,,
,,,,,,,,,,,Mmaa,,,,,,
,,,,,,,,,,,Mmachc,,,,,,
,,,,,,,,,,,Mmadhc,,,,,,
,,,,,,,,,,,Mmp28,,,,,,
,,,,,,,,,,,Mms19,,,,,,
,,,,,,,,,,,Mob1b,,,,,,
,,,,,,,,,,,Mocs1,,,,,,
,,,,,,,,,,,Mocs3,,,,,,
,,,,,,,,,,,Mogs,,,,,,
,,,,,,,,,,,Mon1a,,,,,,
,,,,,,,,,,,Mospd2,,,,,,
,,,,,,,,,,,Mphosph10,,,,,,
,,,,,,,,,,,Mphosph6,,,,,,
,,,,,,,,,,,Mpp2,,,,,,
,,,,,,,,,,,Mpp7,,,,,,
,,,,,,,,,,,Mpped2,,,,,,
,,,,,,,,,,,Mpzl3,,,,,,
,,,,,,,,,,,Mri1,,,,,,
,,,,,,,,,,,Mrpl12,,,,,,
,,,,,,,,,,,Mrpl17,,,,,,
,,,,,,,,,,,Mrpl19,,,,,,
,,,,,,,,,,,Mrpl2,,,,,,
,,,,,,,,,,,Mrpl21,,,,,,
,,,,,,,,,,,Mrpl23,,,,,,
,,,,,,,,,,,Mrpl24,,,,,,
,,,,,,,,,,,Mrpl28,,,,,,
,,,,,,,,,,,Mrpl30,,,,,,
,,,,,,,,,,,Mrpl32,,,,,,
,,,,,,,,,,,Mrpl37,,,,,,
,,,,,,,,,,,Mrpl38,,,,,,
,,,,,,,,,,,Mrpl39,,,,,,
,,,,,,,,,,,Mrpl42,,,,,,
,,,,,,,,,,,Mrpl43,,,,,,
,,,,,,,,,,,Mrpl44,,,,,,
,,,,,,,,,,,Mrpl45,,,,,,
,,,,,,,,,,,Mrpl46,,,,,,
,,,,,,,,,,,Mrpl47,,,,,,
,,,,,,,,,,,Mrpl50,,,,,,
,,,,,,,,,,,Mrpl51,,,,,,
,,,,,,,,,,,Mrpl53,,,,,,
,,,,,,,,,,,Mrpl9,,,,,,
,,,,,,,,,,,Mrps10,,,,,,
,,,,,,,,,,,Mrps14,,,,,,
,,,,,,,,,,,Mrps15,,,,,,
,,,,,,,,,,,Mrps18c,,,,,,
,,,,,,,,,,,Mrps2,,,,,,
,,,,,,,,,,,Mrps22,,,,,,
,,,,,,,,,,,Mrps23,,,,,,
,,,,,,,,,,,Mrps26,,,,,,
,,,,,,,,,,,Mrps30,,,,,,
,,,,,,,,,,,Mrps31,,,,,,
,,,,,,,,,,,Mrps34,,,,,,
,,,,,,,,,,,Mrps35,,,,,,
,,,,,,,,,,,Mrps6,,,,,,
,,,,,,,,,,,Mrps7,,,,,,
,,,,,,,,,,,Mrps9,,,,,,
,,,,,,,,,,,Mrto4,,,,,,
,,,,,,,,,,,Msh2,,,,,,
,,,,,,,,,,,Msh6,,,,,,
,,,,,,,,,,,Msl3,,,,,,
,,,,,,,,,,,Msra,,,,,,
,,,,,,,,,,,Msto1,,,,,,
,,,,,,,,,,,Mta2,,,,,,
,,,,,,,,,,,Mta3,,,,,,
,,,,,,,,,,,Mtap1s,,,,,,
,,,,,,,,,,,Mtap7,,,,,,
,,,,,,,,,,,Mtf1,,,,,,
,,,,,,,,,,,Mtfr1,,,,,,
,,,,,,,,,,,Mtg1,,,,,,
,,,,,,,,,,,Mthfd1,,,,,,
,,,,,,,,,,,Mthfd2,,,,,,
,,,,,,,,,,,Mthfd2l,,,,,,
,,,,,,,,,,,Mthfsd,,,,,,
,,,,,,,,,,,Mtmr12,,,,,,
,,,,,,,,,,,Mtmr3,,,,,,
,,,,,,,,,,,Mto1,,,,,,
,,,,,,,,,,,Mtor,,,,,,
,,,,,,,,,,,Mtpap,,,,,,
,,,,,,,,,,,Mtss1,,,,,,
,,,,,,,,,,,Mtx2,,,,,,
,,,,,,,,,,,Mudeng,,,,,,
,,,,,,,,,,,Mul1,,,,,,
,,,,,,,,,,,Mvd,,,,,,
,,,,,,,,,,,Mvk,,,,,,
,,,,,,,,,,,Mvp,,,,,,
,,,,,,,,,,,Mxi1,,,,,,
,,,,,,,,,,,Mybbp1a,,,,,,
,,,,,,,,,,,Mycbp,,,,,,
,,,,,,,,,,,Mycl1,,,,,,
,,,,,,,,,,,Myef2,,,,,,
,,,,,,,,,,,Mynn,,,,,,
,,,,,,,,,,,Myo18a,,,,,,
,,,,,,,,,,,Myo1b,,,,,,
,,,,,,,,,,,Myo5b,,,,,,
,,,,,,,,,,,Mysm1,,,,,,
,,,,,,,,,,,Myst2,,,,,,
,,,,,,,,,,,Mzt1,,,,,,
,,,,,,,,,,,N4bp1,,,,,,
,,,,,,,,,,,N4bp2l1,,,,,,
,,,,,,,,,,,N4bp2l2,,,,,,
,,,,,,,,,,,N6amt1,,,,,,
,,,,,,,,,,,Naa15,,,,,,
,,,,,,,,,,,Naa20,,,,,,
,,,,,,,,,,,Naa25,,,,,,
,,,,,,,,,,,Naa30,,,,,,
,,,,,,,,,,,Naa35,,,,,,
,,,,,,,,,,,Nab1,,,,,,
,,,,,,,,,,,Nab2,,,,,,
,,,,,,,,,,,Nacc1,,,,,,
,,,,,,,,,,,Nadk,,,,,,
,,,,,,,,,,,Nae1,,,,,,
,,,,,,,,,,,Naif1,,,,,,
,,,,,,,,,,,Nap1l4,,,,,,
,,,,,,,,,,,Napa,,,,,,
,,,,,,,,,,,Napg,,,,,,
,,,,,,,,,,,Naprt1,,,,,,
,,,,,,,,,,,Nars,,,,,,
,,,,,,,,,,,Nat6,,,,,,
,,,,,,,,,,,Nbeal2,,,,,,
,,,,,,,,,,,Nbr1,,,,,,
,,,,,,,,,,,Ncaph2,,,,,,
,,,,,,,,,,,Ncbp1,,,,,,
,,,,,,,,,,,Nck1,,,,,,
,,,,,,,,,,,Nck2,,,,,,
,,,,,,,,,,,Nckap1,,,,,,
,,,,,,,,,,,Ncl,,,,,,
,,,,,,,,,,,Ncoa4,,,,,,
,,,,,,,,,,,Ndfip2,,,,,,
,,,,,,,,,,,Ndnl2,,,,,,
,,,,,,,,,,,Ndor1,,,,,,
,,,,,,,,,,,Ndufa10,,,,,,
,,,,,,,,,,,Ndufa11,,,,,,
,,,,,,,,,,,Ndufa4,,,,,,
,,,,,,,,,,,Ndufa8,,,,,,
,,,,,,,,,,,Ndufa9,,,,,,
,,,,,,,,,,,Ndufab1,,,,,,
,,,,,,,,,,,Ndufaf4,,,,,,
,,,,,,,,,,,Ndufb11,,,,,,
,,,,,,,,,,,Ndufb2,,,,,,
,,,,,,,,,,,Ndufb5,,,,,,
,,,,,,,,,,,Ndufb7,,,,,,
,,,,,,,,,,,Ndufb8,,,,,,
,,,,,,,,,,,Ndufb9,,,,,,
,,,,,,,,,,,Ndufc2,,,,,,
,,,,,,,,,,,Ndufs1,,,,,,
,,,,,,,,,,,Ndufs3,,,,,,
,,,,,,,,,,,Ndufs4,,,,,,
,,,,,,,,,,,Ndufs6,,,,,,
,,,,,,,,,,,Ndufs8,,,,,,
,,,,,,,,,,,Ndufv1,,,,,,
,,,,,,,,,,,Ndufv2,,,,,,
,,,,,,,,,,,Necap2,,,,,,
,,,,,,,,,,,Nek6,,,,,,
,,,,,,,,,,,Nemf,,,,,,
,,,,,,,,,,,Nf2,,,,,,
,,,,,,,,,,,Nfkb2,,,,,,
,,,,,,,,,,,Nfs1,,,,,,
,,,,,,,,,,,Nfu1,,,,,,
,,,,,,,,,,,Nfx1,,,,,,
,,,,,,,,,,,Ngdn,,,,,,
,,,,,,,,,,,Ngly1,,,,,,
,,,,,,,,,,,Ngrn,,,,,,
,,,,,,,,,,,Nhsl1,,,,,,
,,,,,,,,,,,Niacr1,,,,,,
,,,,,,,,,,,Ninj1,,,,,,
,,,,,,,,,,,Nip7,,,,,,
,,,,,,,,,,,Nipa2,,,,,,
,,,,,,,,,,,Nipal2,,,,,,
,,,,,,,,,,,Nipal3,,,,,,
,,,,,,,,,,,Nipsnap1,,,,,,
,,,,,,,,,,,Nipsnap3b,,,,,,
,,,,,,,,,,,Nit1,,,,,,
,,,,,,,,,,,Nkiras2,,,,,,
,,,,,,,,,,,Nlk,,,,,,
,,,,,,,,,,,Nmd3,,,,,,
,,,,,,,,,,,Nme1,,,,,,
,,,,,,,,,,,Nme3,,,,,,
,,,,,,,,,,,Nmt1,,,,,,
,,,,,,,,,,,Nob1,,,,,,
,,,,,,,,,,,Noc2l,,,,,,
,,,,,,,,,,,Noc3l,,,,,,
,,,,,,,,,,,Noc4l,,,,,,
,,,,,,,,,,,Nol6,,,,,,
,,,,,,,,,,,Nol7,,,,,,
,,,,,,,,,,,Nol8,,,,,,
,,,,,,,,,,,Nol9,,,,,,
,,,,,,,,,,,Nom1,,,,,,
,,,,,,,,,,,Nono,,,,,,
,,,,,,,,,,,Nop14,,,,,,
,,,,,,,,,,,Nop2,,,,,,
,,,,,,,,,,,Nop56,,,,,,
,,,,,,,,,,,Nostrin,,,,,,
,,,,,,,,,,,Notch3,,,,,,
,,,,,,,,,,,Nploc4,,,,,,
,,,,,,,,,,,Npm1,,,,,,
,,,,,,,,,,,Npm3,,,,,,
,,,,,,,,,,,Nprl2,,,,,,
,,,,,,,,,,,Nr2f6,,,,,,
,,,,,,,,,,,Nras,,,,,,
,,,,,,,,,,,Nrbf2,,,,,,
,,,,,,,,,,,Nrf1,,,,,,
,,,,,,,,,,,Nrp,,,,,,
,,,,,,,,,,,Nsdhl,,,,,,
,,,,,,,,,,,Nsfl1c,,,,,,
,,,,,,,,,,,Nsmce4a,,,,,,
,,,,,,,,,,,Nsun2,,,,,,
,,,,,,,,,,,Nt5c2,,,,,,
,,,,,,,,,,,Nt5c3,,,,,,
,,,,,,,,,,,Nt5dc1,,,,,,
,,,,,,,,,,,Nub1,,,,,,
,,,,,,,,,,,Nubp1,,,,,,
,,,,,,,,,,,Nucks1,,,,,,
,,,,,,,,,,,Nudt1,,,,,,
,,,,,,,,,,,Nudt18,,,,,,
,,,,,,,,,,,Nudt2,,,,,,
,,,,,,,,,,,Nudt22,,,,,,
,,,,,,,,,,,Nudt3,,,,,,
,,,,,,,,,,,Nudt5,,,,,,
,,,,,,,,,,,Nudt8,,,,,,
,,,,,,,,,,,Nufip1,,,,,,
,,,,,,,,,,,Numb,,,,,,
,,,,,,,,,,,Nup50,,,,,,
,,,,,,,,,,,Nup62,,,,,,
,,,,,,,,,,,Nup93,,,,,,
,,,,,,,,,,,Nupl1,,,,,,
,,,,,,,,,,,Nus1,,,,,,
,,,,,,,,,,,Nvl,,,,,,
,,,,,,,,,,,Nxf1,,,,,,
,,,,,,,,,,,Nxn,,,,,,
,,,,,,,,,,,Nxt1,,,,,,
,,,,,,,,,,,Odf2l,,,,,,
,,,,,,,,,,,Ofd1,,,,,,
,,,,,,,,,,,Ogt,,,,,,
,,,,,,,,,,,Ola1,,,,,,
,,,,,,,,,,,Olfml2a,,,,,,
,,,,,,,,,,,Oma1,,,,,,
,,,,,,,,,,,Opa3,,,,,,
,,,,,,,,,,,Orc2,,,,,,
,,,,,,,,,,,Orc3,,,,,,
,,,,,,,,,,,Ormdl2,,,,,,
,,,,,,,,,,,Ostf1,,,,,,
,,,,,,,,,,,Otub1,,,,,,
,,,,,,,,,,,Otud6b,,,,,,
,,,,,,,,,,,Otud7b,,,,,,
,,,,,,,,,,,Oxa1l,,,,,,
,,,,,,,,,,,Oxsr1,,,,,,
,,,,,,,,,,,P2ry1,,,,,,
,,,,,,,,,,,Pa2g4,,,,,,
,,,,,,,,,,,Pacs1,,,,,,
,,,,,,,,,,,Pacsin2,,,,,,
,,,,,,,,,,,Pafah1b1,,,,,,
,,,,,,,,,,,Pafah1b2,,,,,,
,,,,,,,,,,,Pafah1b3,,,,,,
,,,,,,,,,,,Pafah2,,,,,,
,,,,,,,,,,,Pag1,,,,,,
,,,,,,,,,,,Paip1,,,,,,
,,,,,,,,,,,Pak1,,,,,,
,,,,,,,,,,,Pak1ip1,,,,,,
,,,,,,,,,,,Pak2,,,,,,
,,,,,,,,,,,Pak4,,,,,,
,,,,,,,,,,,Pak6,,,,,,
,,,,,,,,,,,Palmd,,,,,,
,,,,,,,,,,,Pank2,,,,,,
,,,,,,,,,,,Panx1,,,,,,
,,,,,,,,,,,Paox,,,,,,
,,,,,,,,,,,Papd4,,,,,,
,,,,,,,,,,,Papd7,,,,,,
,,,,,,,,,,,Papolg,,,,,,
,,,,,,,,,,,Paqr7,,,,,,
,,,,,,,,,,,Paqr8,,,,,,
,,,,,,,,,,,Parl,,,,,,
,,,,,,,,,,,Parp1,,,,,,
,,,,,,,,,,,Parp4,,,,,,
,,,,,,,,,,,Pawr,,,,,,
,,,,,,,,,,,Pcbd1,,,,,,
,,,,,,,,,,,Pcbd2,,,,,,
,,,,,,,,,,,Pcbp1,,,,,,
,,,,,,,,,,,Pcbp3,,,,,,
,,,,,,,,,,,Pcca,,,,,,
,,,,,,,,,,,Pcgf5,,,,,,
,,,,,,,,,,,Pcgf6,,,,,,
,,,,,,,,,,,Pcif1,,,,,,
,,,,,,,,,,,Pck2,,,,,,
,,,,,,,,,,,Pcsk7,,,,,,
,,,,,,,,,,,Pcx,,,,,,
,,,,,,,,,,,Pcyox1,,,,,,
,,,,,,,,,,,Pcyt2,,,,,,
,,,,,,,,,,,Pdcd10,,,,,,
,,,,,,,,,,,Pdcd11,,,,,,
,,,,,,,,,,,Pdcd2,,,,,,
,,,,,,,,,,,Pdcd6ip,,,,,,
,,,,,,,,,,,Pde2a,,,,,,
,,,,,,,,,,,Pde7a,,,,,,
,,,,,,,,,,,Pdgfa,,,,,,
,,,,,,,,,,,Pdha1,,,,,,
,,,,,,,,,,,Pdhb,,,,,,
,,,,,,,,,,,Pdhx,,,,,,
,,,,,,,,,,,Pdia4,,,,,,
,,,,,,,,,,,Pdk1,,,,,,
,,,,,,,,,,,Pdk2,,,,,,
,,,,,,,,,,,Pdk3,,,,,,
,,,,,,,,,,,Pdp1,,,,,,
,,,,,,,,,,,Peg3,,,,,,
,,,,,,,,,,,Pes1,,,,,,
,,,,,,,,,,,Pet112l,,,,,,
,,,,,,,,,,,Pex11c,,,,,,
,,,,,,,,,,,Pex13,,,,,,
,,,,,,,,,,,Pex14,,,,,,
,,,,,,,,,,,Pex16,,,,,,
,,,,,,,,,,,Pex3,,,,,,
,,,,,,,,,,,Pex6,,,,,,
,,,,,,,,,,,Pex7,,,,,,
,,,,,,,,,,,Pfas,,,,,,
,,,,,,,,,,,Pfdn1,,,,,,
,,,,,,,,,,,Pfdn2,,,,,,
,,,,,,,,,,,Pfkl,,,,,,
,,,,,,,,,,,Pfkm,,,,,,
,,,,,,,,,,,Pfn1,,,,,,
,,,,,,,,,,,Pfn2,,,,,,
,,,,,,,,,,,Pgam5,,,,,,
,,,,,,,,,,,Pgap2,,,,,,
,,,,,,,,,,,Pgk1,,,,,,
,,,,,,,,,,,Pgls,,,,,,
,,,,,,,,,,,Pgm1,,,,,,
,,,,,,,,,,,Pgm2,,,,,,
,,,,,,,,,,,Pgs1,,,,,,
,,,,,,,,,,,Phax,,,,,,
,,,,,,,,,,,Phb,,,,,,
,,,,,,,,,,,Phb2,,,,,,
,,,,,,,,,,,Phc2,,,,,,
,,,,,,,,,,,Phf10,,,,,,
,,,,,,,,,,,Phf16,,,,,,
,,,,,,,,,,,Phf20l1,,,,,,
,,,,,,,,,,,Phkb,,,,,,
,,,,,,,,,,,Phlda1,,,,,,
,,,,,,,,,,,Phlda3,,,,,,
,,,,,,,,,,,Phlpp1,,,,,,
,,,,,,,,,,,Phospho2,,,,,,
,,,,,,,,,,,Phrf1,,,,,,
,,,,,,,,,,,Pi4k2b,,,,,,
,,,,,,,,,,,Pias4,,,,,,
,,,,,,,,,,,Pick1,,,,,,
,,,,,,,,,,,Piga,,,,,,
,,,,,,,,,,,Pigf,,,,,,
,,,,,,,,,,,Pigm,,,,,,
,,,,,,,,,,,Pigp,,,,,,
,,,,,,,,,,,Pigt,,,,,,
,,,,,,,,,,,Pigx,,,,,,
,,,,,,,,,,,Pigy,,,,,,
,,,,,,,,,,,Pim3,,,,,,
,,,,,,,,,,,Pin4,,,,,,
,,,,,,,,,,,Pip4k2c,,,,,,
,,,,,,,,,,,Pip5k1a,,,,,,
,,,,,,,,,,,Pir,,,,,,
,,,,,,,,,,,Pisd,,,,,,
,,,,,,,,,,,Pisd-ps3,,,,,,
,,,,,,,,,,,Pitpna,,,,,,
,,,,,,,,,,,Pitpnb,,,,,,
,,,,,,,,,,,Pitpnm1,,,,,,
,,,,,,,,,,,Pkhd1,,,,,,
,,,,,,,,,,,Pkn1,,,,,,
,,,,,,,,,,,Pkp4,,,,,,
,,,,,,,,,,,Pla2g6,,,,,,
,,,,,,,,,,,Pla2g7,,,,,,
,,,,,,,,,,,Plaa,,,,,,
,,,,,,,,,,,Plagl2,,,,,,
,,,,,,,,,,,Plcb3,,,,,,
,,,,,,,,,,,Plcb4,,,,,,
,,,,,,,,,,,Plcd3,,,,,,
,,,,,,,,,,,Plcg2,,,,,,
,,,,,,,,,,,Pldn,,,,,,
,,,,,,,,,,,Plek2,,,,,,
,,,,,,,,,,,Plekha1,,,,,,
,,,,,,,,,,,Plekha5,,,,,,
,,,,,,,,,,,Plekhf2,,,,,,
,,,,,,,,,,,Plekhh1,,,,,,
,,,,,,,,,,,Plekhj1,,,,,,
,,,,,,,,,,,Plekhm1,,,,,,
,,,,,,,,,,,Plekhm2,,,,,,
,,,,,,,,,,,Plekhn1,,,,,,
,,,,,,,,,,,Plin3,,,,,,
,,,,,,,,,,,Plp1,,,,,,
,,,,,,,,,,,Plrg1,,,,,,
,,,,,,,,,,,Pls1,,,,,,
,,,,,,,,,,,Pm20d1,,,,,,
,,,,,,,,,,,Pmf1,,,,,,
,,,,,,,,,,,Pmm1,,,,,,
,,,,,,,,,,,Pmpca,,,,,,
,,,,,,,,,,,Pmpcb,,,,,,
,,,,,,,,,,,Pmvk,,,,,,
,,,,,,,,,,,Pnkd,,,,,,
,,,,,,,,,,,Pnkp,,,,,,
,,,,,,,,,,,Pnn,,,,,,
,,,,,,,,,,,Pno1,,,,,,
,,,,,,,,,,,Pnpla2,,,,,,
,,,,,,,,,,,Pnpla8,,,,,,
,,,,,,,,,,,Pnpo,,,,,,
,,,,,,,,,,,Poc1b,,,,,,
,,,,,,,,,,,Pogk,,,,,,
,,,,,,,,,,,Pold3,,,,,,
,,,,,,,,,,,Poldip2,,,,,,
,,,,,,,,,,,Poldip3,,,,,,
,,,,,,,,,,,Polg,,,,,,
,,,,,,,,,,,Polr1c,,,,,,
,,,,,,,,,,,Polr2d,,,,,,
,,,,,,,,,,,Polr2f,,,,,,
,,,,,,,,,,,Polr2j,,,,,,
,,,,,,,,,,,Polr2m,,,,,,
,,,,,,,,,,,Polr3a,,,,,,
,,,,,,,,,,,Polr3c,,,,,,
,,,,,,,,,,,Polr3e,,,,,,
,,,,,,,,,,,Polr3k,,,,,,
,,,,,,,,,,,Pomgnt1,,,,,,
,,,,,,,,,,,Pon3,,,,,,
,,,,,,,,,,,Pop4,,,,,,
,,,,,,,,,,,Pop5,,,,,,
,,,,,,,,,,,Pop7,,,,,,
,,,,,,,,,,,Pou2f1,,,,,,
,,,,,,,,,,,Ppa2,,,,,,
,,,,,,,,,,,Ppan,,,,,,
,,,,,,,,,,,Ppapdc2,,,,,,
,,,,,,,,,,,Ppara,,,,,,
,,,,,,,,,,,Ppcs,,,,,,
,,,,,,,,,,,Ppig,,,,,,
,,,,,,,,,,,Ppil2,,,,,,
,,,,,,,,,,,Ppil4,,,,,,
,,,,,,,,,,,Ppip5k2,,,,,,
,,,,,,,,,,,Ppm1b,,,,,,
,,,,,,,,,,,Ppm1d,,,,,,
,,,,,,,,,,,Ppm1g,,,,,,
,,,,,,,,,,,Ppm1l,,,,,,
,,,,,,,,,,,Ppme1,,,,,,
,,,,,,,,,,,Ppox,,,,,,
,,,,,,,,,,,Ppp1ca,,,,,,
,,,,,,,,,,,Ppp1r11,,,,,,
,,,,,,,,,,,Ppp1r13b,,,,,,
,,,,,,,,,,,Ppp1r13l,,,,,,
,,,,,,,,,,,Ppp1r16a,,,,,,
,,,,,,,,,,,Ppp1r36,,,,,,
,,,,,,,,,,,Ppp1r37,,,,,,
,,,,,,,,,,,Ppp1r7,,,,,,
,,,,,,,,,,,Ppp1r9a,,,,,,
,,,,,,,,,,,Ppp2ca,,,,,,
,,,,,,,,,,,Ppp2cb,,,,,,
,,,,,,,,,,,Ppp2r1a,,,,,,
,,,,,,,,,,,Ppp2r1b,,,,,,
,,,,,,,,,,,Ppp2r2a,,,,,,
,,,,,,,,,,,Ppp2r2b,,,,,,
,,,,,,,,,,,Ppp2r3a,,,,,,
,,,,,,,,,,,Ppp2r5a,,,,,,
,,,,,,,,,,,Ppp2r5c,,,,,,
,,,,,,,,,,,Ppp3ca,,,,,,
,,,,,,,,,,,Ppp4c,,,,,,
,,,,,,,,,,,Ppp4r1,,,,,,
,,,,,,,,,,,Ppp6c,,,,,,
,,,,,,,,,,,Ppp6r1,,,,,,
,,,,,,,,,,,Ppp6r3,,,,,,
,,,,,,,,,,,Pppde2,,,,,,
,,,,,,,,,,,Pptc7,,,,,,
,,,,,,,,,,,Ppwd1,,,,,,
,,,,,,,,,,,Pqlc1,,,,,,
,,,,,,,,,,,Prdm4,,,,,,
,,,,,,,,,,,Prdx6,,,,,,
,,,,,,,,,,,Prelid1,,,,,,
,,,,,,,,,,,Prep,,,,,,
,,,,,,,,,,,Prepl,,,,,,
,,,,,,,,,,,Prickle3,,,,,,
,,,,,,,,,,,Prkab2,,,,,,
,,,,,,,,,,,Prkar2b,,,,,,
,,,,,,,,,,,Prkcd,,,,,,
,,,,,,,,,,,Prkci,,,,,,
,,,,,,,,,,,Prkcz,,,,,,
,,,,,,,,,,,Prkrip1,,,,,,
,,,,,,,,,,,Prkx,,,,,,
,,,,,,,,,,,Prmt1,,,,,,
,,,,,,,,,,,Prmt2,,,,,,
,,,,,,,,,,,Prmt7,,,,,,
,,,,,,,,,,,Prodh,,,,,,
,,,,,,,,,,,Prpf3,,,,,,
,,,,,,,,,,,Prpf31,,,,,,
,,,,,,,,,,,Prpf38a,,,,,,
,,,,,,,,,,,Prpf38b,,,,,,
,,,,,,,,,,,Prpf4,,,,,,
,,,,,,,,,,,Prpf40a,,,,,,
,,,,,,,,,,,Prpf6,,,,,,
,,,,,,,,,,,Prps1l3,,,,,,
,,,,,,,,,,,Prpsap2,,,,,,
,,,,,,,,,,,Prrg2,,,,,,
,,,,,,,,,,,Prrg4,,,,,,
,,,,,,,,,,,Prune,,,,,,
,,,,,,,,,,,Psat1,,,,,,
,,,,,,,,,,,Psenen,,,,,,
,,,,,,,,,,,Psma1,,,,,,
,,,,,,,,,,,Psma2,,,,,,
,,,,,,,,,,,Psma6,,,,,,
,,,,,,,,,,,Psma7,,,,,,
,,,,,,,,,,,Psmb1,,,,,,
,,,,,,,,,,,Psmb2,,,,,,
,,,,,,,,,,,Psmb3,,,,,,
,,,,,,,,,,,Psmb5,,,,,,
,,,,,,,,,,,Psmb6,,,,,,
,,,,,,,,,,,Psmc1,,,,,,
,,,,,,,,,,,Psmc2,,,,,,
,,,,,,,,,,,Psmc3,,,,,,
,,,,,,,,,,,Psmc4,,,,,,
,,,,,,,,,,,Psmc5,,,,,,
,,,,,,,,,,,Psmc6,,,,,,
,,,,,,,,,,,Psmd1,,,,,,
,,,,,,,,,,,Psmd10,,,,,,
,,,,,,,,,,,Psmd11,,,,,,
,,,,,,,,,,,Psmd12,,,,,,
,,,,,,,,,,,Psmd2,,,,,,
,,,,,,,,,,,Psmd3,,,,,,
,,,,,,,,,,,Psmd4,,,,,,
,,,,,,,,,,,Psmd5,,,,,,
,,,,,,,,,,,Psmd6,,,,,,
,,,,,,,,,,,Psmd8,,,,,,
,,,,,,,,,,,Psme3,,,,,,
,,,,,,,,,,,Psmg3,,,,,,
,,,,,,,,,,,Pspc1,,,,,,
,,,,,,,,,,,Psph,,,,,,
,,,,,,,,,,,Ptbp1,,,,,,
,,,,,,,,,,,Ptbp2,,,,,,
,,,,,,,,,,,Ptcd3,,,,,,
,,,,,,,,,,,Ptdss1,,,,,,
,,,,,,,,,,,Ptger4,,,,,,
,,,,,,,,,,,Ptges2,,,,,,
,,,,,,,,,,,Ptges3,,,,,,
,,,,,,,,,,,Ptgr2,,,,,,
,,,,,,,,,,,Ptp4a3,,,,,,
,,,,,,,,,,,Ptplad1,,,,,,
,,,,,,,,,,,Ptplad2,,,,,,
,,,,,,,,,,,Ptpmt1,,,,,,
,,,,,,,,,,,Ptpn1,,,,,,
,,,,,,,,,,,Ptpn14,,,,,,
,,,,,,,,,,,Ptpn3,,,,,,
,,,,,,,,,,,Ptpn6,,,,,,
,,,,,,,,,,,Ptprd,,,,,,
,,,,,,,,,,,Ptpre,,,,,,
,,,,,,,,,,,Ptprr,,,,,,
,,,,,,,,,,,Puf60,,,,,,
,,,,,,,,,,,Pum2,,,,,,
,,,,,,,,,,,Pus1,,,,,,
,,,,,,,,,,,Pus10,,,,,,
,,,,,,,,,,,Pus7,,,,,,
,,,,,,,,,,,Pwp1,,,,,,
,,,,,,,,,,,Pxn,,,,,,
,,,,,,,,,,,Pycr2,,,,,,
,,,,,,,,,,,Pyroxd1,,,,,,
,,,,,,,,,,,Qars,,,,,,
,,,,,,,,,,,Qdpr,,,,,,
,,,,,,,,,,,Qrich1,,,,,,
,,,,,,,,,,,Qtrt1,,,,,,
,,,,,,,,,,,Qtrtd1,,,,,,
,,,,,,,,,,,Rab14,,,,,,
,,,,,,,,,,,Rab22a,,,,,,
,,,,,,,,,,,Rab27a,,,,,,
,,,,,,,,,,,Rab33b,,,,,,
,,,,,,,,,,,Rab35,,,,,,
,,,,,,,,,,,Rab3ip,,,,,,
,,,,,,,,,,,Rab40c,,,,,,
,,,,,,,,,,,Rab4a,,,,,,
,,,,,,,,,,,Rab5a,,,,,,
,,,,,,,,,,,Rab9,,,,,,
,,,,,,,,,,,Rabep2,,,,,,
,,,,,,,,,,,Rabggtb,,,,,,
,,,,,,,,,,,Rac1,,,,,,
,,,,,,,,,,,Rad50,,,,,,
,,,,,,,,,,,Rad54l2,,,,,,
,,,,,,,,,,,Rai1,,,,,,
,,,,,,,,,,,Ralgapa2,,,,,,
,,,,,,,,,,,Ran,,,,,,
,,,,,,,,,,,Rangap1,,,,,,
,,,,,,,,,,,Rap1gap,,,,,,
,,,,,,,,,,,Rapgefl1,,,,,,
,,,,,,,,,,,Rars,,,,,,
,,,,,,,,,,,Rars2,,,,,,
,,,,,,,,,,,Rasa2,,,,,,
,,,,,,,,,,,Rasgef1b,,,,,,
,,,,,,,,,,,Rassf3,,,,,,
,,,,,,,,,,,Rassf5,,,,,,
,,,,,,,,,,,Rassf6,,,,,,
,,,,,,,,,,,Rassf7,,,,,,
,,,,,,,,,,,Rbbp7,,,,,,
,,,,,,,,,,,Rbbp8,,,,,,
,,,,,,,,,,,Rbm10,,,,,,
,,,,,,,,,,,Rbm12,,,,,,
,,,,,,,,,,,Rbm14,,,,,,
,,,,,,,,,,,Rbm15,,,,,,
,,,,,,,,,,,Rbm15b,,,,,,
,,,,,,,,,,,Rbm17,,,,,,
,,,,,,,,,,,Rbm26,,,,,,
,,,,,,,,,,,Rbm34,,,,,,
,,,,,,,,,,,Rbm39,,,,,,
,,,,,,,,,,,Rbm4,,,,,,
,,,,,,,,,,,Rbm6,,,,,,
,,,,,,,,,,,Rbm7,,,,,,
,,,,,,,,,,,Rcan1,,,,,,
,,,,,,,,,,,Rce1,,,,,,
,,,,,,,,,,,Rdbp,,,,,,
,,,,,,,,,,,Rdh10,,,,,,
,,,,,,,,,,,Reg3g,,,,,,
,,,,,,,,,,,Rela,,,,,,
,,,,,,,,,,,Relb,,,,,,
,,,,,,,,,,,Rell1,,,,,,
,,,,,,,,,,,Repin1,,,,,,
,,,,,,,,,,,Reps1,,,,,,
,,,,,,,,,,,Reps2,,,,,,
,,,,,,,,,,,Retsat,,,,,,
,,,,,,,,,,,Rfc3,,,,,,
,,,,,,,,,,,Rffl,,,,,,
,,,,,,,,,,,Rfk,,,,,,
,,,,,,,,,,,Rfwd3,,,,,,
,,,,,,,,,,,Rfx2,,,,,,
,,,,,,,,,,,Rfx7,,,,,,
,,,,,,,,,,,Rfxank,,,,,,
,,,,,,,,,,,Rg9mtd1,,,,,,
,,,,,,,,,,,Rgl3,,,,,,
,,,,,,,,,,,Rgnef,,,,,,
,,,,,,,,,,,Rgs10,,,,,,
,,,,,,,,,,,Rgs12,,,,,,
,,,,,,,,,,,Rhbdd1,,,,,,
,,,,,,,,,,,Rhbdd2,,,,,,
,,,,,,,,,,,Rhbdf2,,,,,,
,,,,,,,,,,,Rhbdl2,,,,,,
,,,,,,,,,,,Rheb,,,,,,
,,,,,,,,,,,Rhof,,,,,,
,,,,,,,,,,,Rhot1,,,,,,
,,,,,,,,,,,Rif1,,,,,,
,,,,,,,,,,,Riok1,,,,,,
,,,,,,,,,,,Riok2,,,,,,
,,,,,,,,,,,Riok3,,,,,,
,,,,,,,,,,,Rln1,,,,,,
,,,,,,,,,,,Rnaseh2a,,,,,,
,,,,,,,,,,,Rnaseh2b,,,,,,
,,,,,,,,,,,Rnaset2b,,,,,,
,,,,,,,,,,,Rnf111,,,,,,
,,,,,,,,,,,Rnf113a2,,,,,,
,,,,,,,,,,,Rnf114,,,,,,
,,,,,,,,,,,Rnf115,,,,,,
,,,,,,,,,,,Rnf123,,,,,,
,,,,,,,,,,,Rnf125,,,,,,
,,,,,,,,,,,Rnf138,,,,,,
,,,,,,,,,,,Rnf139,,,,,,
,,,,,,,,,,,Rnf141,,,,,,
,,,,,,,,,,,Rnf146,,,,,,
,,,,,,,,,,,Rnf149,,,,,,
,,,,,,,,,,,Rnf166,,,,,,
,,,,,,,,,,,Rnf169,,,,,,
,,,,,,,,,,,Rnf25,,,,,,
,,,,,,,,,,,Rnf41,,,,,,
,,,,,,,,,,,Rnf44,,,,,,
,,,,,,,,,,,Rnf5,,,,,,
,,,,,,,,,,,Rnf6,,,,,,
,,,,,,,,,,,Rnf7,,,,,,
,,,,,,,,,,,Rnf8,,,,,,
,,,,,,,,,,,Rnls,,,,,,
,,,,,,,,,,,Rnmt,,,,,,
,,,,,,,,,,,Rnpc3,,,,,,
,,,,,,,,,,,Rnpep,,,,,,
,,,,,,,,,,,Rnpepl1,,,,,,
,,,,,,,,,,,Rnps1,,,,,,
,,,,,,,,,,,Rogdi,,,,,,
,,,,,,,,,,,Rpe,,,,,,
,,,,,,,,,,,Rpf1,,,,,,
,,,,,,,,,,,Rpf2,,,,,,
,,,,,,,,,,,Rpgrip1l,,,,,,
,,,,,,,,,,,Rpl15,,,,,,
,,,,,,,,,,,Rpl26,,,,,,
,,,,,,,,,,,Rpl30,,,,,,
,,,,,,,,,,,Rpl34,,,,,,
,,,,,,,,,,,Rpl7a,,,,,,
,,,,,,,,,,,Rpl7l1,,,,,,
,,,,,,,,,,,Rpp21,,,,,,
,,,,,,,,,,,Rpp38,,,,,,
,,,,,,,,,,,Rps19bp1,,,,,,
,,,,,,,,,,,Rps4y2,,,,,,
,,,,,,,,,,,Rps6ka1,,,,,,
,,,,,,,,,,,Rps6kb1,,,,,,
,,,,,,,,,,,Rqcd1,,,,,,
,,,,,,,,,,,Rraga,,,,,,
,,,,,,,,,,,Rras2,,,,,,
,,,,,,,,,,,Rrn3,,,,,,
,,,,,,,,,,,Rrp1,,,,,,
,,,,,,,,,,,Rrp15,,,,,,
,,,,,,,,,,,Rrp36,,,,,,
,,,,,,,,,,,Rrp7a,,,,,,
,,,,,,,,,,,Rrp9,,,,,,
,,,,,,,,,,,Rrs1,,,,,,
,,,,,,,,,,,Rsl1d1,,,,,,
,,,,,,,,,,,Rsph3a,,,,,,
,,,,,,,,,,,Rsph3b,,,,,,
,,,,,,,,,,,Rsrc1,,,,,,
,,,,,,,,,,,Rsrc2,,,,,,
,,,,,,,,,,,Rundc1,,,,,,
,,,,,,,,,,,Ruvbl2,,,,,,
,,,,,,,,,,,Rwdd4a,,,,,,
,,,,,,,,,,,S100a5,,,,,,
,,,,,,,,,,,Sae1,,,,,,
,,,,,,,,,,,Safb2,,,,,,
,,,,,,,,,,,Samd10,,,,,,
,,,,,,,,,,,Samd8,,,,,,
,,,,,,,,,,,Sap30,,,,,,
,,,,,,,,,,,Sap30bp,,,,,,
,,,,,,,,,,,Sar1b,,,,,,
,,,,,,,,,,,Sars,,,,,,
,,,,,,,,,,,Sart1,,,,,,
,,,,,,,,,,,Sbds,,,,,,
,,,,,,,,,,,Sbno1,,,,,,
,,,,,,,,,,,Scaf4,,,,,,
,,,,,,,,,,,Scamp1,,,,,,
,,,,,,,,,,,Scap,,,,,,
,,,,,,,,,,,Scaper,,,,,,
,,,,,,,,,,,Scfd2,,,,,,
,,,,,,,,,,,Scmh1,,,,,,
,,,,,,,,,,,Scnn1b,,,,,,
,,,,,,,,,,,Sco1,,,,,,
,,,,,,,,,,,Sco2,,,,,,
,,,,,,,,,,,Scrib,,,,,,
,,,,,,,,,,,Scrn3,,,,,,
,,,,,,,,,,,Scyl2,,,,,,
,,,,,,,,,,,Scyl3,,,,,,
,,,,,,,,,,,Sdad1,,,,,,
,,,,,,,,,,,Sdccag3,,,,,,
,,,,,,,,,,,Sdha,,,,,,
,,,,,,,,,,,Sdhb,,,,,,
,,,,,,,,,,,Sdhc,,,,,,
,,,,,,,,,,,Sdr39u1,,,,,,
,,,,,,,,,,,Sdsl,,,,,,
,,,,,,,,,,,Sec11c,,,,,,
,,,,,,,,,,,Sec23b,,,,,,
,,,,,,,,,,,Sec24a,,,,,,
,,,,,,,,,,,Sec24c,,,,,,
,,,,,,,,,,,Secisbp2,,,,,,
,,,,,,,,,,,Seh1l,,,,,,
,,,,,,,,,,,Sel1l3,,,,,,
,,,,,,,,,,,Sema3f,,,,,,
,,,,,,,,,,,Sema4a,,,,,,
,,,,,,,,,,,Sema4d,,,,,,
,,,,,,,,,,,Sema4g,,,,,,
,,,,,,,,,,,Senp2,,,,,,
,,,,,,,,,,,Senp3,,,,,,
,,,,,,,,,,,Sephs2,,,,,,
,,,,,,,,,,,Serbp1,,,,,,
,,,,,,,,,,,Sesn2,,,,,,
,,,,,,,,,,,Set,,,,,,
,,,,,,,,,,,Setd3,,,,,,
,,,,,,,,,,,Setd4,,,,,,
,,,,,,,,,,,Sf1,,,,,,
,,,,,,,,,,,Sf3b4,,,,,,
,,,,,,,,,,,Sfr1,,,,,,
,,,,,,,,,,,Sfrs18,,,,,,
,,,,,,,,,,,Sfswap,,,,,,
,,,,,,,,,,,Sft2d1,,,,,,
,,,,,,,,,,,Sft2d3,,,,,,
,,,,,,,,,,,Sgk1,,,,,,
,,,,,,,,,,,Sh2d4a,,,,,,
,,,,,,,,,,,Sh3bp1,,,,,,
,,,,,,,,,,,Sh3bp4,,,,,,
,,,,,,,,,,,Sh3glb2,,,,,,
,,,,,,,,,,,Sh3rf1,,,,,,
,,,,,,,,,,,Sh3yl1,,,,,,
,,,,,,,,,,,Shb,,,,,,
,,,,,,,,,,,Shkbp1,,,,,,
,,,,,,,,,,,Shmt1,,,,,,
,,,,,,,,,,,Shroom3,,,,,,
,,,,,,,,,,,Siah1a,,,,,,
,,,,,,,,,,,Siah2,,,,,,
,,,,,,,,,,,Sidt1,,,,,,
,,,,,,,,,,,Sigirr,,,,,,
,,,,,,,,,,,Sik1,,,,,,
,,,,,,,,,,,Sik2,,,,,,
,,,,,,,,,,,Sike1,,,,,,
,,,,,,,,,,,Sin3b,,,,,,
,,,,,,,,,,,Sirt7,,,,,,
,,,,,,,,,,,Skap2,,,,,,
,,,,,,,,,,,Skiv2l2,,,,,,
,,,,,,,,,,,Sla2,,,,,,
,,,,,,,,,,,Slc10a3,,,,,,
,,,,,,,,,,,Slc16a7,,,,,,
,,,,,,,,,,,Slc16a9,,,,,,
,,,,,,,,,,,Slc1a5,,,,,,
,,,,,,,,,,,Slc20a1,,,,,,
,,,,,,,,,,,Slc20a2,,,,,,
,,,,,,,,,,,Slc22a18,,,,,,
,,,,,,,,,,,Slc22a5,,,,,,
,,,,,,,,,,,Slc25a1,,,,,,
,,,,,,,,,,,Slc25a17,,,,,,
,,,,,,,,,,,Slc25a20,,,,,,
,,,,,,,,,,,Slc25a22,,,,,,
,,,,,,,,,,,Slc25a25,,,,,,
,,,,,,,,,,,Slc25a28,,,,,,
,,,,,,,,,,,Slc25a3,,,,,,
,,,,,,,,,,,Slc25a32,,,,,,
,,,,,,,,,,,Slc25a33,,,,,,
,,,,,,,,,,,Slc25a35,,,,,,
,,,,,,,,,,,Slc25a37,,,,,,
,,,,,,,,,,,Slc25a39,,,,,,
,,,,,,,,,,,Slc25a46,,,,,,
,,,,,,,,,,,Slc25a48,,,,,,
,,,,,,,,,,,Slc27a1,,,,,,
,,,,,,,,,,,Slc27a4,,,,,,
,,,,,,,,,,,Slc30a1,,,,,,
,,,,,,,,,,,Slc30a5,,,,,,
,,,,,,,,,,,Slc30a9,,,,,,
,,,,,,,,,,,Slc35a3,,,,,,
,,,,,,,,,,,Slc35a4,,,,,,
,,,,,,,,,,,Slc35c1,,,,,,
,,,,,,,,,,,Slc35d1,,,,,,
,,,,,,,,,,,Slc3a2,,,,,,
,,,,,,,,,,,Slc40a1,,,,,,
,,,,,,,,,,,Slc43a2,,,,,,
,,,,,,,,,,,Slc44a2,,,,,,
,,,,,,,,,,,Slc44a3,,,,,,
,,,,,,,,,,,Slc45a3,,,,,,
,,,,,,,,,,,Slc47a1,,,,,,
,,,,,,,,,,,Slc4a2,,,,,,
,,,,,,,,,,,Slc4a7,,,,,,
,,,,,,,,,,,Slc52a3,,,,,,
,,,,,,,,,,,Slc7a4,,,,,,
,,,,,,,,,,,Slc7a6,,,,,,
,,,,,,,,,,,Slc9a1,,,,,,
,,,,,,,,,,,Slc9a8,,,,,,
,,,,,,,,,,,Slco2a1,,,,,,
,,,,,,,,,,,Slmo2,,,,,,
,,,,,,,,,,,Sltm,,,,,,
,,,,,,,,,,,Slu7,,,,,,
,,,,,,,,,,,Smarca5,,,,,,
,,,,,,,,,,,Smarcc1,,,,,,
,,,,,,,,,,,Smarce1,,,,,,
,,,,,,,,,,,Smcr7l,,,,,,
,,,,,,,,,,,Smek1,,,,,,
,,,,,,,,,,,Smg1,,,,,,
,,,,,,,,,,,Smg5,,,,,,
,,,,,,,,,,,Smg7,,,,,,
,,,,,,,,,,,Smn1,,,,,,
,,,,,,,,,,,Smndc1,,,,,,
,,,,,,,,,,,Sms,,,,,,
,,,,,,,,,,,Smu1,,,,,,
,,,,,,,,,,,Smurf1,,,,,,
,,,,,,,,,,,Smyd2,,,,,,
,,,,,,,,,,,Smyd3,,,,,,
,,,,,,,,,,,Snai3,,,,,,
,,,,,,,,,,,Snap29,,,,,,
,,,,,,,,,,,Snapc1,,,,,,
,,,,,,,,,,,Snd1,,,,,,
,,,,,,,,,,,Snf8,,,,,,
,,,,,,,,,,,Snhg3,,,,,,
,,,,,,,,,,,Snhg4,,,,,,
,,,,,,,,,,,Snip1,,,,,,
,,,,,,,,,,,Snrnp40,,,,,,
,,,,,,,,,,,Snrnp48,,,,,,
,,,,,,,,,,,Snrpa,,,,,,
,,,,,,,,,,,Snrpd1,,,,,,
,,,,,,,,,,,Snrpe,,,,,,
,,,,,,,,,,,Snupn,,,,,,
,,,,,,,,,,,Snw1,,,,,,
,,,,,,,,,,,Snx10,,,,,,
,,,,,,,,,,,Snx15,,,,,,
,,,,,,,,,,,Snx16,,,,,,
,,,,,,,,,,,Snx5,,,,,,
,,,,,,,,,,,Socs4,,,,,,
,,,,,,,,,,,Socs6,,,,,,
,,,,,,,,,,,Sorbs2,,,,,,
,,,,,,,,,,,Sort1,,,,,,
,,,,,,,,,,,Sowahb,,,,,,
,,,,,,,,,,,Spag7,,,,,,
,,,,,,,,,,,Spata5,,,,,,
,,,,,,,,,,,Spg21,,,,,,
,,,,,,,,,,,Spg7,,,,,,
,,,,,,,,,,,Sphk2,,,,,,
,,,,,,,,,,,Spin4,,,,,,
,,,,,,,,,,,Spire1,,,,,,
,,,,,,,,,,,Spire2,,,,,,
,,,,,,,,,,,Sppl3,,,,,,
,,,,,,,,,,,Spred2,,,,,,
,,,,,,,,,,,Sptlc1,,,,,,
,,,,,,,,,,,Sptlc2,,,,,,
,,,,,,,,,,,Sptlc3,,,,,,
,,,,,,,,,,,Srd5a3,,,,,,
,,,,,,,,,,,Srfbp1,,,,,,
,,,,,,,,,,,Srgap1,,,,,,
,,,,,,,,,,,Srp19,,,,,,
,,,,,,,,,,,Srp68,,,,,,
,,,,,,,,,,,Srpk1,,,,,,
,,,,,,,,,,,Srrd,,,,,,
,,,,,,,,,,,Srrm2,,,,,,
,,,,,,,,,,,Srsf1,,,,,,
,,,,,,,,,,,Srsf5,,,,,,
,,,,,,,,,,,Srsf6,,,,,,
,,,,,,,,,,,Srsf9,,,,,,
,,,,,,,,,,,Ss18,,,,,,
,,,,,,,,,,,Ssh3,,,,,,
,,,,,,,,,,,Ssx2ip,,,,,,
,,,,,,,,,,,St3gal3,,,,,,
,,,,,,,,,,,St5,,,,,,
,,,,,,,,,,,St6galnac2,,,,,,
,,,,,,,,,,,Stam2,,,,,,
,,,,,,,,,,,Stap2,,,,,,
,,,,,,,,,,,Stard5,,,,,,
,,,,,,,,,,,Stat6,,,,,,
,,,,,,,,,,,Stau2,,,,,,
,,,,,,,,,,,Stip1,,,,,,
,,,,,,,,,,,Stk11,,,,,,
,,,,,,,,,,,Stk17b,,,,,,
,,,,,,,,,,,Stk24,,,,,,
,,,,,,,,,,,Stk38l,,,,,,
,,,,,,,,,,,Stk4,,,,,,
,,,,,,,,,,,Stom,,,,,,
,,,,,,,,,,,Stoml2,,,,,,
,,,,,,,,,,,Ston2,,,,,,
,,,,,,,,,,,Stox2,,,,,,
,,,,,,,,,,,Strada,,,,,,
,,,,,,,,,,,Strap,,,,,,
,,,,,,,,,,,Strbp,,,,,,
,,,,,,,,,,,Strn4,,,,,,
,,,,,,,,,,,Stx12,,,,,,
,,,,,,,,,,,Stx16,,,,,,
,,,,,,,,,,,Stx3,,,,,,
,,,,,,,,,,,Stx6,,,,,,
,,,,,,,,,,,Stx8,,,,,,
,,,,,,,,,,,Stxbp3a,,,,,,
,,,,,,,,,,,Styk1,,,,,,
,,,,,,,,,,,Styx,,,,,,
,,,,,,,,,,,Sucla2,,,,,,
,,,,,,,,,,,Suclg1,,,,,,
,,,,,,,,,,,Suclg2,,,,,,
,,,,,,,,,,,Suds3,,,,,,
,,,,,,,,,,,Sugp1,,,,,,
,,,,,,,,,,,Sun1,,,,,,
,,,,,,,,,,,Supt3h,,,,,,
,,,,,,,,,,,Supt6h,,,,,,
,,,,,,,,,,,Surf6,,,,,,
,,,,,,,,,,,Syf2,,,,,,
,,,,,,,,,,,Syncrip,,,,,,
,,,,,,,,,,,Syne2,,,,,,
,,,,,,,,,,,Syngr2,,,,,,
,,,,,,,,,,,Synpo,,,,,,
,,,,,,,,,,,Synrg,,,,,,
,,,,,,,,,,,Syt16,,,,,,
,,,,,,,,,,,Sytl3,,,,,,
,,,,,,,,,,,Sytl5,,,,,,
,,,,,,,,,,,Syvn1,,,,,,
,,,,,,,,,,,Tacc2,,,,,,
,,,,,,,,,,,Tada1,,,,,,
,,,,,,,,,,,Taf1,,,,,,
,,,,,,,,,,,Taf13,,,,,,
,,,,,,,,,,,Taf15,,,,,,
,,,,,,,,,,,Taf1a,,,,,,
,,,,,,,,,,,Taf3,,,,,,
,,,,,,,,,,,Taf5l,,,,,,
,,,,,,,,,,,Taf9,,,,,,
,,,,,,,,,,,Tagap1,,,,,,
,,,,,,,,,,,Tanc2,,,,,,
,,,,,,,,,,,Tank,,,,,,
,,,,,,,,,,,Taok3,,,,,,
,,,,,,,,,,,Tapt1,,,,,,
,,,,,,,,,,,Tarbp2,,,,,,
,,,,,,,,,,,Tardbp,,,,,,
,,,,,,,,,,,Tars,,,,,,
,,,,,,,,,,,Tars2,,,,,,
,,,,,,,,,,,Tatdn2,,,,,,
,,,,,,,,,,,Taz,,,,,,
,,,,,,,,,,,Tbc1d22a,,,,,,
,,,,,,,,,,,Tbc1d8,,,,,,
,,,,,,,,,,,Tbc1d9,,,,,,
,,,,,,,,,,,Tbca,,,,,,
,,,,,,,,,,,Tbcb,,,,,,
,,,,,,,,,,,Tbcc,,,,,,
,,,,,,,,,,,Tbcd,,,,,,
,,,,,,,,,,,Tbce,,,,,,
,,,,,,,,,,,Tbk1,,,,,,
,,,,,,,,,,,Tbl3,,,,,,
,,,,,,,,,,,Tbrg4,,,,,,
,,,,,,,,,,,Tbx2,,,,,,
,,,,,,,,,,,Tcf20,,,,,,
,,,,,,,,,,,Tcf25,,,,,,
,,,,,,,,,,,Tcf3,,,,,,
,,,,,,,,,,,Tcp1,,,,,,
,,,,,,,,,,,Tcp11l1,,,,,,
,,,,,,,,,,,Tdg,,,,,,
,,,,,,,,,,,Tdrd7,,,,,,
,,,,,,,,,,,Tecpr1,,,,,,
,,,,,,,,,,,Tecr,,,,,,
,,,,,,,,,,,Terf2,,,,,,
,,,,,,,,,,,Tes,,,,,,
,,,,,,,,,,,Tet3,,,,,,
,,,,,,,,,,,Tex10,,,,,,
,,,,,,,,,,,Tex2,,,,,,
,,,,,,,,,,,Tfam,,,,,,
,,,,,,,,,,,Tfap2c,,,,,,
,,,,,,,,,,,Tfb2m,,,,,,
,,,,,,,,,,,Tfcp2l1,,,,,,
,,,,,,,,,,,Tfdp1,,,,,,
,,,,,,,,,,,Tfdp2,,,,,,
,,,,,,,,,,,Tfip11,,,,,,
,,,,,,,,,,,Tfrc,,,,,,
,,,,,,,,,,,Tgfa,,,,,,
,,,,,,,,,,,Tgs1,,,,,,
,,,,,,,,,,,Thap1,,,,,,
,,,,,,,,,,,Thap2,,,,,,
,,,,,,,,,,,Thap4,,,,,,
,,,,,,,,,,,Thap7,,,,,,
,,,,,,,,,,,Thoc1,,,,,,
,,,,,,,,,,,Thoc3,,,,,,
,,,,,,,,,,,Thoc5,,,,,,
,,,,,,,,,,,Thrb,,,,,,
,,,,,,,,,,,Thumpd1,,,,,,
,,,,,,,,,,,Thumpd3,,,,,,
,,,,,,,,,,,Tiam1,,,,,,
,,,,,,,,,,,Tiam2,,,,,,
,,,,,,,,,,,Timm10,,,,,,
,,,,,,,,,,,Timm17a,,,,,,
,,,,,,,,,,,Timm23,,,,,,
,,,,,,,,,,,Timm44,,,,,,
,,,,,,,,,,,Timm8a1,,,,,,
,,,,,,,,,,,Timm9,,,,,,
,,,,,,,,,,,Tinf2,,,,,,
,,,,,,,,,,,Tirap,,,,,,
,,,,,,,,,,,Tjap1,,,,,,
,,,,,,,,,,,Tk2,,,,,,
,,,,,,,,,,,Tle1,,,,,,
,,,,,,,,,,,Tlk1,,,,,,
,,,,,,,,,,,Tm2d3,,,,,,
,,,,,,,,,,,Tmbim4,,,,,,
,,,,,,,,,,,Tmbim6,,,,,,
,,,,,,,,,,,Tmc8,,,,,,
,,,,,,,,,,,Tmcc1,,,,,,
,,,,,,,,,,,Tmco4,,,,,,
,,,,,,,,,,,Tmed5,,,,,,
,,,,,,,,,,,Tmem102,,,,,,
,,,,,,,,,,,Tmem106c,,,,,,
,,,,,,,,,,,Tmem11,,,,,,
,,,,,,,,,,,Tmem125,,,,,,
,,,,,,,,,,,Tmem128,,,,,,
,,,,,,,,,,,Tmem132a,,,,,,
,,,,,,,,,,,Tmem141,,,,,,
,,,,,,,,,,,Tmem146,,,,,,
,,,,,,,,,,,Tmem160,,,,,,
,,,,,,,,,,,Tmem168,,,,,,
,,,,,,,,,,,Tmem170b,,,,,,
,,,,,,,,,,,Tmem179b,,,,,,
,,,,,,,,,,,Tmem181a,,,,,,
,,,,,,,,,,,Tmem181b-ps,,,,,,
,,,,,,,,,,,Tmem183a,,,,,,
,,,,,,,,,,,Tmem185b,,,,,,
,,,,,,,,,,,Tmem189,,,,,,
,,,,,,,,,,,Tmem192,,,,,,
,,,,,,,,,,,Tmem199,,,,,,
,,,,,,,,,,,Tmem2,,,,,,
,,,,,,,,,,,Tmem201,,,,,,
,,,,,,,,,,,Tmem38b,,,,,,
,,,,,,,,,,,Tmem50b,,,,,,
,,,,,,,,,,,Tmem51,,,,,,
,,,,,,,,,,,Tmem54,,,,,,
,,,,,,,,,,,Tmem57,,,,,,
,,,,,,,,,,,Tmem79,,,,,,
,,,,,,,,,,,Tmem80,,,,,,
,,,,,,,,,,,Tmem85,,,,,,
,,,,,,,,,,,Tmtc3,,,,,,
,,,,,,,,,,,Tmtc4,,,,,,
,,,,,,,,,,,Tmub1,,,,,,
,,,,,,,,,,,Tnfaip1,,,,,,
,,,,,,,,,,,Tnfrsf10b,,,,,,
,,,,,,,,,,,Tnfrsf12a,,,,,,
,,,,,,,,,,,Tnk1,,,,,,
,,,,,,,,,,,Tns3,,,,,,
,,,,,,,,,,,Tob1,,,,,,
,,,,,,,,,,,Toe1,,,,,,
,,,,,,,,,,,Tollip,,,,,,
,,,,,,,,,,,Tom1l1,,,,,,
,,,,,,,,,,,Tomm22,,,,,,
,,,,,,,,,,,Tomm40,,,,,,
,,,,,,,,,,,Tomm70a,,,,,,
,,,,,,,,,,,Top1,,,,,,
,,,,,,,,,,,Top1mt,,,,,,
,,,,,,,,,,,Topbp1,,,,,,
,,,,,,,,,,,Tor1aip2,,,,,,
,,,,,,,,,,,Tox2,,,,,,
,,,,,,,,,,,Tox4,,,,,,
,,,,,,,,,,,Tpbg,,,,,,
,,,,,,,,,,,Tpm1,,,,,,
,,,,,,,,,,,Tpp1,,,,,,
,,,,,,,,,,,Tppp,,,,,,
,,,,,,,,,,,Tprg,,,,,,
,,,,,,,,,,,Tprn,,,,,,
,,,,,,,,,,,Trabd,,,,,,
,,,,,,,,,,,Traf2,,,,,,
,,,,,,,,,,,Traf4,,,,,,
,,,,,,,,,,,Traf6,,,,,,
,,,,,,,,,,,Trap1,,,,,,
,,,,,,,,,,,Trappc10,,,,,,
,,,,,,,,,,,Trappc4,,,,,,
,,,,,,,,,,,Trappc9,,,,,,
,,,,,,,,,,,Trex2,,,,,,
,,,,,,,,,,,Triap1,,,,,,
,,,,,,,,,,,Trib3,,,,,,
,,,,,,,,,,,Trim27,,,,,,
,,,,,,,,,,,Trim33,,,,,,
,,,,,,,,,,,Trim41,,,,,,
,,,,,,,,,,,Trim62,,,,,,
,,,,,,,,,,,Trim68,,,,,,
,,,,,,,,,,,Trim7,,,,,,
,,,,,,,,,,,Trip12,,,,,,
,,,,,,,,,,,Trit1,,,,,,
,,,,,,,,,,,Trmt1,,,,,,
,,,,,,,,,,,Trmt6,,,,,,
,,,,,,,,,,,Trmt61b,,,,,,
,,,,,,,,,,,Trnt1,,,,,,
,,,,,,,,,,,Trp53bp1,,,,,,
,,,,,,,,,,,Trp53bp2,,,,,,
,,,,,,,,,,,Trp53i11,,,,,,
,,,,,,,,,,,Trpm4,,,,,,
,,,,,,,,,,,Tsc22d4,,,,,,
,,,,,,,,,,,Tsfm,,,,,,
,,,,,,,,,,,Tsg101,,,,,,
,,,,,,,,,,,Tspan14,,,,,,
,,,,,,,,,,,Tspan17,,,,,,
,,,,,,,,,,,Tsr1,,,,,,
,,,,,,,,,,,Tsta3,,,,,,
,,,,,,,,,,,Tstd2,,,,,,
,,,,,,,,,,,Ttc1,,,,,,
,,,,,,,,,,,Ttc12,,,,,,
,,,,,,,,,,,Ttc14,,,,,,
,,,,,,,,,,,Ttc32,,,,,,
,,,,,,,,,,,Ttc9c,,,,,,
,,,,,,,,,,,Tti2,,,,,,
,,,,,,,,,,,Ttll7,,,,,,
,,,,,,,,,,,Ttpal,,,,,,
,,,,,,,,,,,Tuba1c,,,,,,
,,,,,,,,,,,Tuba8,,,,,,
,,,,,,,,,,,Tubgcp2,,,,,,
,,,,,,,,,,,Tufm,,,,,,
,,,,,,,,,,,Tuft1,,,,,,
,,,,,,,,,,,Tulp4,,,,,,
,,,,,,,,,,,Tusc2,,,,,,
,,,,,,,,,,,Tut1,,,,,,
,,,,,,,,,,,Twf1,,,,,,
,,,,,,,,,,,Twistnb,,,,,,
,,,,,,,,,,,Txlng,,,,,,
,,,,,,,,,,,Txn2,,,,,,
,,,,,,,,,,,Txndc9,,,,,,
,,,,,,,,,,,Txnl1,,,,,,
,,,,,,,,,,,Txnl4a,,,,,,
,,,,,,,,,,,Txnrd2,,,,,,
,,,,,,,,,,,Tymp,,,,,,
,,,,,,,,,,,Tyms,,,,,,
,,,,,,,,,,,Tyro3,,,,,,
,,,,,,,,,,,U2af1,,,,,,
,,,,,,,,,,,U2af2,,,,,,
,,,,,,,,,,,Uba1,,,,,,
,,,,,,,,,,,Uba2,,,,,,
,,,,,,,,,,,Ubap1,,,,,,
,,,,,,,,,,,Ubap2,,,,,,
,,,,,,,,,,,Ubap2l,,,,,,
,,,,,,,,,,,Ube2a,,,,,,
,,,,,,,,,,,Ube2b,,,,,,
,,,,,,,,,,,Ube2d1,,,,,,
,,,,,,,,,,,Ube2e1,,,,,,
,,,,,,,,,,,Ube2f,,,,,,
,,,,,,,,,,,Ube2g1,,,,,,
,,,,,,,,,,,Ube2g2,,,,,,
,,,,,,,,,,,Ube2i,,,,,,
,,,,,,,,,,,Ube2j2,,,,,,
,,,,,,,,,,,Ube2k,,,,,,
,,,,,,,,,,,Ube2n,,,,,,
,,,,,,,,,,,Ube2q2,,,,,,
,,,,,,,,,,,Ube2v1,,,,,,
,,,,,,,,,,,Ube4a,,,,,,
,,,,,,,,,,,Ubl3,,,,,,
,,,,,,,,,,,Ubl4,,,,,,
,,,,,,,,,,,Ubqln1,,,,,,
,,,,,,,,,,,Ubqln4,,,,,,
,,,,,,,,,,,Ubr7,,,,,,
,,,,,,,,,,,Ubtd1,,,,,,
,,,,,,,,,,,Ubxn2a,,,,,,
,,,,,,,,,,,Ubxn6,,,,,,
,,,,,,,,,,,Ubxn8,,,,,,
,,,,,,,,,,,Uchl5,,,,,,
,,,,,,,,,,,Uck2,,,,,,
,,,,,,,,,,,Uckl1,,,,,,
,,,,,,,,,,,Ugdh,,,,,,
,,,,,,,,,,,Ugt1a6a,,,,,,
,,,,,,,,,,,Ugt1a6b,,,,,,
,,,,,,,,,,,Ugt1a7c,,,,,,
,,,,,,,,,,,Uhmk1,,,,,,
,,,,,,,,,,,Uhrf2,,,,,,
,,,,,,,,,,,Umps,,,,,,
,,,,,,,,,,,Unc5b,,,,,,
,,,,,,,,,,,Unc93b1,,,,,,
,,,,,,,,,,,Upf1,,,,,,
,,,,,,,,,,,Uqcrb,,,,,,
,,,,,,,,,,,Uqcrc1,,,,,,
,,,,,,,,,,,Uqcrc2,,,,,,
,,,,,,,,,,,Uqcrfs1,,,,,,
,,,,,,,,,,,Urgcp,,,,,,
,,,,,,,,,,,Usmg5,,,,,,
,,,,,,,,,,,Usp10,,,,,,
,,,,,,,,,,,Usp14,,,,,,
,,,,,,,,,,,Usp15,,,,,,
,,,,,,,,,,,Usp18,,,,,,
,,,,,,,,,,,Usp24,,,,,,
,,,,,,,,,,,Usp3,,,,,,
,,,,,,,,,,,Usp31,,,,,,
,,,,,,,,,,,Usp36,,,,,,
,,,,,,,,,,,Usp38,,,,,,
,,,,,,,,,,,Usp39,,,,,,
,,,,,,,,,,,Usp4,,,,,,
,,,,,,,,,,,Usp40,,,,,,
,,,,,,,,,,,Usp7,,,,,,
,,,,,,,,,,,Utp11l,,,,,,
,,,,,,,,,,,Utp14a,,,,,,
,,,,,,,,,,,Utp14b,,,,,,
,,,,,,,,,,,Utp15,,,,,,
,,,,,,,,,,,Utp18,,,,,,
,,,,,,,,,,,Utp23,,,,,,
,,,,,,,,,,,Utp3,,,,,,
,,,,,,,,,,,Utp6,,,,,,
,,,,,,,,,,,Uxt,,,,,,
,,,,,,,,,,,Vac14,,,,,,
,,,,,,,,,,,Vamp3,,,,,,
,,,,,,,,,,,Vapa,,,,,,
,,,,,,,,,,,Vars,,,,,,
,,,,,,,,,,,Vasp,,,,,,
,,,,,,,,,,,Vav3,,,,,,
,,,,,,,,,,,Vbp1,,,,,,
,,,,,,,,,,,Vcp,,,,,,
,,,,,,,,,,,Vdac1,,,,,,
,,,,,,,,,,,Vdac2,,,,,,
,,,,,,,,,,,Vegfb,,,,,,
,,,,,,,,,,,Vhl,,,,,,
,,,,,,,,,,,Vill,,,,,,
,,,,,,,,,,,Vipar,,,,,,
,,,,,,,,,,,Vkorc1l1,,,,,,
,,,,,,,,,,,Vldlr,,,,,,
,,,,,,,,,,,Vprbp,,,,,,
,,,,,,,,,,,Vps13a,,,,,,
,,,,,,,,,,,Vps13d,,,,,,
,,,,,,,,,,,Vps16,,,,,,
,,,,,,,,,,,Vps18,,,,,,
,,,,,,,,,,,Vps26a,,,,,,
,,,,,,,,,,,Vps28,,,,,,
,,,,,,,,,,,Vps33b,,,,,,
,,,,,,,,,,,Vps35,,,,,,
,,,,,,,,,,,Vps37a,,,,,,
,,,,,,,,,,,Vps37c,,,,,,
,,,,,,,,,,,Vps52,,,,,,
,,,,,,,,,,,Vps53,,,,,,
,,,,,,,,,,,Vps72,,,,,,
,,,,,,,,,,,Vrk1,,,,,,
,,,,,,,,,,,Vrk3,,,,,,
,,,,,,,,,,,Vta1,,,,,,
,,,,,,,,,,,Vti1a,,,,,,
,,,,,,,,,,,Wac,,,,,,
,,,,,,,,,,,Wapal,,,,,,
,,,,,,,,,,,Wars,,,,,,
,,,,,,,,,,,Wbp1,,,,,,
,,,,,,,,,,,Wbp11,,,,,,
,,,,,,,,,,,Wbp2,,,,,,
,,,,,,,,,,,Wbp7,,,,,,
,,,,,,,,,,,Wbscr22,,,,,,
,,,,,,,,,,,Wdr12,,,,,,
,,,,,,,,,,,Wdr18,,,,,,
,,,,,,,,,,,Wdr20a,,,,,,
,,,,,,,,,,,Wdr3,,,,,,
,,,,,,,,,,,Wdr33,,,,,,
,,,,,,,,,,,Wdr34,,,,,,
,,,,,,,,,,,Wdr36,,,,,,
,,,,,,,,,,,Wdr37,,,,,,
,,,,,,,,,,,Wdr4,,,,,,
,,,,,,,,,,,Wdr41,,,,,,
,,,,,,,,,,,Wdr43,,,,,,
,,,,,,,,,,,Wdr45l,,,,,,
,,,,,,,,,,,Wdr46,,,,,,
,,,,,,,,,,,Wdr5,,,,,,
,,,,,,,,,,,Wdr53,,,,,,
,,,,,,,,,,,Wdr70,,,,,,
,,,,,,,,,,,Wdr73,,,,,,
,,,,,,,,,,,Wdr74,,,,,,
,,,,,,,,,,,Wdr75,,,,,,
,,,,,,,,,,,Wdr77,,,,,,
,,,,,,,,,,,Wdr83,,,,,,
,,,,,,,,,,,Wibg,,,,,,
,,,,,,,,,,,Wipi2,,,,,,
,,,,,,,,,,,Wiz,,,,,,
,,,,,,,,,,,Wnk4,,,,,,
,,,,,,,,,,,Wnt5a,,,,,,
,,,,,,,,,,,Wrb,,,,,,
,,,,,,,,,,,Wsb2,,,,,,
,,,,,,,,,,,Wwc1,,,,,,
,,,,,,,,,,,Wwp2,,,,,,
,,,,,,,,,,,Xab2,,,,,,
,,,,,,,,,,,Xpot,,,,,,
,,,,,,,,,,,Xpr1,,,,,,
,,,,,,,,,,,Xrcc5,,,,,,
,,,,,,,,,,,Xrn2,,,,,,
,,,,,,,,,,,Yap1,,,,,,
,,,,,,,,,,,Yars,,,,,,
,,,,,,,,,,,Yars2,,,,,,
,,,,,,,,,,,Ybx1,,,,,,
,,,,,,,,,,,Yeats4,,,,,,
,,,,,,,,,,,Yipf2,,,,,,
,,,,,,,,,,,Yipf6,,,,,,
,,,,,,,,,,,Ypel5,,,,,,
,,,,,,,,,,,Ythdc1,,,,,,
,,,,,,,,,,,Ythdf2,,,,,,
,,,,,,,,,,,Ythdf3,,,,,,
,,,,,,,,,,,Ywhab,,,,,,
,,,,,,,,,,,Ywhae,,,,,,
,,,,,,,,,,,Yy1,,,,,,
,,,,,,,,,,,Zbtb17,,,,,,
,,,,,,,,,,,Zbtb42,,,,,,
,,,,,,,,,,,Zbtb43,,,,,,
,,,,,,,,,,,Zbtb7a,,,,,,
,,,,,,,,,,,Zbtb7b,,,,,,
,,,,,,,,,,,Zc3h10,,,,,,
,,,,,,,,,,,Zc3h15,,,,,,
,,,,,,,,,,,Zc3h18,,,,,,
,,,,,,,,,,,Zcchc10,,,,,,
,,,,,,,,,,,Zcchc7,,,,,,
,,,,,,,,,,,Zcchc8,,,,,,
,,,,,,,,,,,Zcrb1,,,,,,
,,,,,,,,,,,Zdhhc12,,,,,,
,,,,,,,,,,,Zdhhc14,,,,,,
,,,,,,,,,,,Zdhhc18,,,,,,
,,,,,,,,,,,Zdhhc21,,,,,,
,,,,,,,,,,,Zdhhc6,,,,,,
,,,,,,,,,,,Zfand1,,,,,,
,,,,,,,,,,,Zfand2b,,,,,,
,,,,,,,,,,,Zfand5,,,,,,
,,,,,,,,,,,Zfand6,,,,,,
,,,,,,,,,,,Zfp1,,,,,,
,,,,,,,,,,,Zfp110,,,,,,
,,,,,,,,,,,Zfp187,,,,,,
,,,,,,,,,,,Zfp207,,,,,,
,,,,,,,,,,,Zfp212,,,,,,
,,,,,,,,,,,Zfp219,,,,,,
,,,,,,,,,,,Zfp259,,,,,,
,,,,,,,,,,,Zfp263,,,,,,
,,,,,,,,,,,Zfp266,,,,,,
,,,,,,,,,,,Zfp281,,,,,,
,,,,,,,,,,,Zfp295,,,,,,
,,,,,,,,,,,Zfp330,,,,,,
,,,,,,,,,,,Zfp335,,,,,,
,,,,,,,,,,,Zfp397,,,,,,
,,,,,,,,,,,Zfp408,,,,,,
,,,,,,,,,,,Zfp410,,,,,,
,,,,,,,,,,,Zfp422,,,,,,
,,,,,,,,,,,Zfp46,,,,,,
,,,,,,,,,,,Zfp467,,,,,,
,,,,,,,,,,,Zfp511,,,,,,
,,,,,,,,,,,Zfp513,,,,,,
,,,,,,,,,,,Zfp52,,,,,,
,,,,,,,,,,,Zfp53,,,,,,
,,,,,,,,,,,Zfp574,,,,,,
,,,,,,,,,,,Zfp593,,,,,,
,,,,,,,,,,,Zfp609,,,,,,
,,,,,,,,,,,Zfp612,,,,,,
,,,,,,,,,,,Zfp617,,,,,,
,,,,,,,,,,,Zfp622,,,,,,
,,,,,,,,,,,Zfp64,,,,,,
,,,,,,,,,,,Zfp655,,,,,,
,,,,,,,,,,,Zfp664,,,,,,
,,,,,,,,,,,Zfp672,,,,,,
,,,,,,,,,,,Zfp687,,,,,,
,,,,,,,,,,,Zfp7,,,,,,
,,,,,,,,,,,Zfp703,,,,,,
,,,,,,,,,,,Zfp710,,,,,,
,,,,,,,,,,,Zfp746,,,,,,
,,,,,,,,,,,Zfp772,,,,,,
,,,,,,,,,,,Zfp809,,,,,,
,,,,,,,,,,,Zfp821,,,,,,
,,,,,,,,,,,Zfp828,,,,,,
,,,,,,,,,,,Zfp830,,,,,,
,,,,,,,,,,,Zfp839,,,,,,
,,,,,,,,,,,Zfp868,,,,,,
,,,,,,,,,,,Zfp869,,,,,,
,,,,,,,,,,,Zfp871,,,,,,
,,,,,,,,,,,Zfyve19,,,,,,
,,,,,,,,,,,Zfyve27,,,,,,
,,,,,,,,,,,Zgpat,,,,,,
,,,,,,,,,,,Zkscan1,,,,,,
,,,,,,,,,,,Zkscan3,,,,,,
,,,,,,,,,,,Zkscan6,,,,,,
,,,,,,,,,,,Zmat2,,,,,,
,,,,,,,,,,,Zmiz2,,,,,,
,,,,,,,,,,,Zmym3,,,,,,
,,,,,,,,,,,Zmynd19,,,,,,
,,,,,,,,,,,Znrf1,,,,,,
,,,,,,,,,,,Zranb1,,,,,,
,,,,,,,,,,,Zrsr2,,,,,,
,,,,,,,,,,,Zscan21,,,,,,
,,,,,,,,,,,Zswim7,,,,,,
,,,,,,,,,,,Zwint,,,,,,
,,,,,,,,,,,Zxdc,,,,,,
,,,,,,,,,,,Zzz3,,,,,,
