overlapGenesTissue1,overlapGenesTissue2,overlapGenesTissue3,overlapGenesTissue4,overlapGenesTissue5,overlapGenesTissue6,overlapGenesTissue7,overlapGenesTissue8,overlapGenesTissue9,overlapGenesTissue10,overlapGenesTissue11,overlapGenesTissue12,overlapGenesTissue13,overlapGenesTissue14,overlapGenesTissue15,overlapGenesTissue16,overlapGenesTissue17,overlapGenesTissue18,overlapGenesTissue19,overlapGenesTissue20,overlapGenesTissue21,overlapGenesTissue22,overlapGenesTissue23,overlapGenesTissue24,overlapGenesTissue25,overlapGenesTissue26,overlapGenesTissue27,overlapGenesTissue28,overlapGenesTissue29,overlapGenesTissue30,overlapGenesTissue31,overlapGenesTissue32,overlapGenesTissue33,overlapGenesTissue34,overlapGenesTissue35,overlapGenesTissue36
,Cell Ontology,FACS,Droplet10x,microwellSeq,FACS_10x,FACS_microwellSeq,microwellSeq_10x,FACS_10x_microwellSeq,,Cell Ontology,FACS,Droplet10x,microwellSeq,FACS_10x,FACS_microwellSeq,microwellSeq_10x,FACS_10x_microwellSeq,,Cell Ontology,FACS,Droplet10x,microwellSeq,FACS_10x,FACS_microwellSeq,microwellSeq_10x,FACS_10x_microwellSeq,,Cell Ontology,FACS,Droplet10x,microwellSeq,FACS_10x,FACS_microwellSeq,microwellSeq_10x,FACS_10x_microwellSeq
,endothelial cell,1110001J03Rik,1110002B05Rik,1700016C15Rik,0610010K14Rik,Bcap31,Aqp1,1110004F10Rik,,epithelial cell of proximal tubule,0610010O12Rik,1110028C15Rik,1110008P14Rik,0610011F06Rik,1810058I24Rik,2310039H08Rik,0610005C13Rik,,kidney collecting duct epithelial cell,0610010O12Rik,1500003O03Rik,1810011O10Rik,1110001J03Rik,Bhlhe40,1110008P14Rik,Actg1,,macrophage,1110037F02Rik,1810011H11Rik,Anxa2,1110003E01Rik,Actg1,AW112010,2410006H16Rik
,,2010106G01Rik,1110003E01Rik,Adgrg1,1110007C09Rik,Myl6,Capns1,1810037I17Rik,,,1810046J19Rik,1110038D17Rik,2200002D01Rik,0610012H03Rik,Acmsd,Abhd14a,4833439L19Rik,,,6330410L21Rik,1500016L03Rik,2010111I01Rik,1700011H14Rik,Bri3,Actn1,Aif1l,,,1700113A16Rik,5730494N06Rik,Arf4,1500012F01Rik,Atf4,Cd47,Actb
,,2310021P13Rik,1110038F14Rik,Agt,1190002H23Rik,Neat1,Gstp1,2010111I01Rik,,,2010107H07Rik,1700016C15Rik,2310009A05Rik,0910001L09Rik,Adh5,Acot1,4931406C07Rik,,,6720456B07Rik,1500032L24Rik,2410006H16Rik,2010107E04Rik,Cd24a,Anxa6,Aldoa,,,2210016F16Rik,6720456B07Rik,Arl1,1700025G04Rik,Bcl2l11,Rpl27,Actr3
,,2310046O06Rik,1200009I06Rik,Aif1l,1810011O10Rik,Rbpms,Hoxa7,4930523C07Rik,,,2300009A05Rik,1810014F10Rik,2410015M20Rik,1190007F08Rik,Aqp1,Acot12,Aadac,,,Acadl,1810037I17Rik,8430408G22Rik,2310016M24Rik,Eno1,Aplp2,Atp1b1,,,2400001E08Rik,Arl6ip5,Bin2,2810013P06Rik,Btf3,Rpl29,Aif1
,,2700089E24Rik,1500012F01Rik,Aimp1,1810063B07Rik,Rpl37a,Hoxb7,Adipor1,,,5430437P03Rik,1810035L17Rik,2610016A17Rik,1300001I01Rik,Atp6v1a,Acot4,Aadat,,,Acat1,1810043H04Rik,AU021092,2410015M20Rik,Gadd45g,Aqp1,Atp6v1f,,,2400003C14Rik,B3gnt8,Calm2,3110003A17Rik,Cd36,Rpl34,Alox5ap
,,2810403A07Rik,1700019E19Rik,Aktip,2210013O21Rik,Stk25,Sept4,App,,,Adi1,2310001A20Rik,5-Mar,1300010F03Rik,Atp6v1e1,Acy1,Aass,,,Agpat3,2210020M01Rik,AW112010,Abca13,Ly6a,Atf3,Bcam,,,2410001C21Rik,BC037034,Calr,4632428N05Rik,Cdkn1a,Rpl7,Anxa5
,,2900097C17Rik,1700025G04Rik,Alkbh6,2500003M10Rik,Timp3,Slc31a2,Atp1b3,,,Ahcyl1,4933403F05Rik,9030619P08Rik,1810027O10Rik,BC026585,Akr1e1,Abcd3,,,Ak3,2310067B10Rik,Actb,Acadsb,Rnf128,Blnk,Calb1,,,2510039O18Rik,Batf3,Card19,4930420K17Rik,Csf2rb,Rps26,Apobec1
,,4732418C07Rik,2410006H16Rik,Angpt2,2810025M15Rik,Tpm1,,Bcam,,,Aifm1,4933407C03Rik,AI314278,1810063B05Rik,Bnip3,Alad,Abcg2,,,Aldh1l1,2610017I09Rik,Actn4,Aco2,Ubc,Btg2,Cd82,,,2810428I15Rik,Bcl2,Chil3,4930506M07Rik,Emb,,Apoe
,,4921513D23Rik,2510006D16Rik,Apela,2810474O19Rik,Zfp207,,Btg2,,,Anapc13,9030617O03Rik,Aamdc,2210404O07Rik,Coq9,Arpp19,Abhd14b,,,Apoo,2900010M23Rik,Adamts1,Aes,,Calm2,Cd9,,,2810474O19Rik,Bin1,Clec4d,5430435G22Rik,Ifrd1,,Arhgdia
,,5133401N09Rik,2510012J08Rik,Atp1b1,2900064A13Rik,,,Cald1,,,Ank3,9530008L14Rik,Acadl,2610528J11Rik,Ctsh,Aup1,Acaa1b,,,Arhgap5,2900053A13Rik,Adgrf5,Aktip,,Cav2,Cdh1,,,3110001D03Rik,Cbx4,Clec4e,9030625A04Rik,Il2rg,,Arhgdib
,,5730403B10Rik,2700094K13Rik,Atp5g3,3230401D17Rik,,,Capn2,,,Arhgap24,AI317395,Aco2,2810407C02Rik,Dhrs1,Bhmt2,Acaa2,,,Atp5c1,2900097C17Rik,Adgrg1,Atp1a1,,Cdo1,Cdh16,,,3230401D17Rik,Cd79b,Clec4n,A130040M12Rik,Junb,,Arpc1b
,,9530082P21Rik,2810008M24Rik,Atp6v0e2,4931406P16Rik,,,Cd24a,,,Atp5j2,AI428936,Acot2,5033411D12Rik,Dlst,Blvra,Acadm,,,Atp5d,4930523C07Rik,Adgrl4,Atp5a1,,Cebpd,Cldn7,,,4921513D23Rik,Cdk2ap2,Cstb,A430084P05Rik,Lipa,,Arpc2
,,A130040M12Rik,3110099E03Rik,Atxn10,4933407C03Rik,,,Cebpd,,,Atp5o,Aatf,Acot7,5730469M10Rik,Gmpr,Calm3,Acnat2,,,Atp5f1,6430527G18Rik,Adh1,Atp5b,,Chka,Clu,,,4930414L22Rik,Cnp,Ctsd,AB124611,Map2k3,,Arpc3
,,Abcf1,4921524J17Rik,Bdh2,5031425E22Rik,,,Cmpk2,,,Bod1,Abcc2,Acox2,A2ld1,Grpel1,Car14,Acot13,,,Atp5j2,AI661453,Adm,Atp5e,,Cldn4,Ctsd,,,4933407H18Rik,Cox7a2l,Degs1,AF251705,Pgd,,Arpc5
,,Abcg1,6230427J02Rik,Bex3,6430527G18Rik,,,Ctbp2,,,Camk2n1,Abhd3,Actb,Abat,Hsph1,Car4,Acox1,,,Atp6v1d,Acsl3,Ahnak,Atp5g1,,Cnn3,Defb1,,,5031439G07Rik,D4Wsu53e,Dnajb1,AI413582,Pnrc1,,Arrb2
,,Acin1,6720456B07Rik,Bst1,6430548M08Rik,,,Cyr61,,,Ccng1,Acbd4,Actg1,Abca3,Idh3b,Cbr1,Acsl1,,,Bckdhb,Acsl4,Anapc5,Atp5g2,,Col18a1,Epcam,,,5133401N09Rik,Ddost,Eif1,AI607873,Rhoa,,Atf3
,,Acly,9430023L20Rik,Cab39l,8430408G22Rik,,,Dctn2,,,Cdk12,Acnat1,Adgrf5,Acaa1a,Idh3g,Clec2h,Acsm1,,,Becn1,Acsl5,Anxa2,Atp5g3,,Crb3,Ezr,,,6330407A03Rik,Dnase2a,Emilin2,AI662270,Rpl26,,Atp2b1
,,Actr2,A730098P11Rik,Capg,9430020K01Rik,,,Dusp1,,,Cxxc5,Acox3,Adm,Acad11,Igfbp7,Clpp,Acsm2,,,Brp44l,Acss1,Anxa3,Atp5h,,Cstb,Got1,,,8430419L09Rik,Dok1,F10,Abhd12,Rpl30,,Axl
,,Adam17,Actl6a,Car14,AU021092,,,Egr1,,,Dbt,Acp5,Adtrp,Acads,Iscu,Creg1,Acss1,,,Casr,Acyp1,Anxa5,Atp5j,,Ctnna1,Gstm2,,,9030624J02Rik,Dusp6,Fabp5,Abi1,Rraga,,B2m
,,Adar,Adcy4,Ccnd1,AW112010,,,Esam,,,Decr2,Acsf3,Afap1l1,Acat1,Kcnj16,Cth,Acy3,,,Ccnd1,Adcy6,Apold1,Atp5k,,Cyr61,Higd1a,,,9930111J21Rik1,Dynll1,Ftl1-ps1,Abi3,Sgpl1,,Btg1
,,Add1,Agpat4,Cd59a,Abhd16a,,,Fos,,,Esrra,Afmid,Aif1l,Acat2,Mrpl51,Ctsa,Adh1,,,Cct8,Aebp1,App,Atp5l,,Egr1,Igfbp7,,,A230046K03Rik,Eif3f,Gda,Acer3,Slc3a2,,C1qa
,,Ado,Aida,Cd82,Abi3,,,Gadd45b,,,Fam108c,Akap2,Aig1,Aco1,Ndufa9,Cycs,Adhfe1,,,Cgnl1,Aff1,Aqp2,Atp5o,,Elf3,Itm2b,,,Abca9,Eif3h,Gm15427,Acvrl1,Tagln2,,C1qb
,,Adrm1,Akirin1,Cdh13,Acap2,,,Gnas,,,Gm6981,Aldh3a2,Akr1c14,Acss2,Ndufs6,Cyp4a14,Adk,,,Chchd10,Ak1,Aqp3,Atp6v0a4,,F11r,Ivns1abp,,,Abcc5,Eif3m,Gm9843,Adap2,Tpst2,,C1qc
,,Afap1,Ankrd33b,Cgnl1,Acer2,,,Gnb2,,,Gng12,Amdhd2,Akr1c18,Adck3,Ndufs7,Cyp51,Ahcy,,,Cisd1,Akr1c19,Arf1,Atp6v0e,,Fos,Krt7,,,Abcd1,Evl,Got1,Adrb2,Trim25,,C3ar1
,,Aff4,Anxa11,Chn2,Acsl5,,,H3f3b,,,Golga4,Ankib1,Akr1c19,Adra2b,Nop10,D10Jhu81e,Ak2,,,Ckb,Amotl2,Arf4,Atp6v1b1,,Fosb,Krt8,,,Abcg1,Exosc8,Gsr,Adrbk1,Vamp4,,Calm1
,,Agpat2,Arf5,Churc1,Actb,,,Hes1,,,Gprc5c,Ankrd33b,Aldh1l1,Agphd1,Oxct1,D630029K05Rik,Ak4,,,Clcnka,Anxa11,Arf5,BC002163,,Gadd45a,Laptm4b,,,Abhd15,Frg1,H2-Q6,Adrbk2,Vim,,Capza2
,,Akap12,Arl2bp,Ckmt1,Actg1,,,Hspb1,,,Gstt1,Anpep,Aldoa,Ahcyl2,Pcca,Entpd5,Akr1a1,,,Cldn10,Anxa4,Arl6ip5,Bag1,,Hif1a,Lgals3,,,Abl2,Fth1,H3f3a,Aldh3b1,Zyx,,Capzb
,,Akirin2,Arl4d,Clcn4,Actn4,,,Id1,,,H2-Ke6,Ap1g1,Angptl4,Alas1,Psmd6,Fggy,Akr1c21,,,Cldn19,Arf3,Arpc1a,Bcat2,,Hsd11b2,Mal,,,Acap2,Galnt12,Hilpda,Apbb1ip,,,Ccl3
,,Akt1,Arpc2,Cldn2,Actr1a,,,Id3,,,Hax1,Apob,Anxa4,Aldh4a1,Sar1b,Fitm1,Akr7a5,,,Cox5a,Arhgap24,Arpc1b,Brp44,,Ier3,Mt1,,,Acbd3,Gm13476,Hist1h1c,Apobec3,,,Ccl4
,,Alkbh5,Atf6b,Cox6b1,Acvrl1,,,Ier2,,,Itgb6,Aqp11,Anxa5,Amacr,Slc25a17,Gc,Aldh2,,,Cox6a1,Arl3,Arpc2,Bsg,,Iqgap1,Mt2,,,Acox3,Gm885,Hnrnpu,Arhgap15,,,Ccl6
,,Als2cl,B4galt4,Cox7a1,Adam10,,,Ifit3,,,Lars2,Arhgap10,Aplp2,Ap2a2,Sucla2,Gchfr,Aldh6a1,,,Cyc1,Arl4d,Arpc3,Bsnd,,Itm2c,Nudt4,,,Acp2,Gm9320,Hsp90aa1,Arhgap17,,,Ccl9
,,Amfr,Bag5,Cox8a,Adam15,,,Itm2c,,,Lyrm4,Arhgef10l,Apoc3,Apeh,Tecr,Ggct,Aldh7a1,,,Cycs,Atp4a,Atf4,Cd59a,,Junb,Pgk1,,,Acsl5,Gnb2,Hsp90ab1,Arhgap22,,,Ccrl2
,,Anapc11,Bak1,Cp,Adamts1,,,Junb,,,Mccc1,Arvcf,Apoe,Arsb,Tm2d2,Glud1,Aldh8a1,,,Dlat,Atp6ap1,Atp1b3,Cdkl1,,Jund,Scnn1a,,,Actr2,Gsdmd,Hspa1b,Arhgap25,,,Cd14
,,Anapc5,Bax,Cryab,Adprh,,,Litaf,,,Mir692-1,As3mt,App,Atp11a,Usp2,Gpm6a,Aldh9a1,,,Dld,Atp6v1a,Atp6ap2,Ckmt1,,Klf6,Sdc4,,,Adam17,H2-Q4,Hspa8,Arhgap30,,,Cd44
,,Ankrd11,Bcl6b,Csrp2,Afap1l1,,,Malat1,,,Mrpl30,Asb13,Aqp3,Atp2a2,,Gsta4,Aldob,,,Dst,Atp6v1e1,Avpr2,Clcnkb,,Krt18,Sgms2,,,Adam19,Havcr2,Hsph1,Arhgap9,,,Cd52
,,Ano6,Bcl7b,Ctsh,Ahnak,,,Myl12a,,,Mrps7,Atp6v0e2,Aqp6,Atp5d,,Hacl1,Alpl,,,Egf,Atp6v1h,Azin1,Cldn8,,Litaf,Slc2a1,,,Adar,Htra2,Ifitm2,Arhgef1,,,Cd53
,,Anxa6,Bet1l,Cutal,Aip,,,Ostf1,,,Ndufa13,B3gat2,Arg2,BC021785,,Hebp1,Amn,,,Emb,Atxn7l3b,B2m,Clmn,,Morf4l2,Spp1,,,Adcy7,Ifi47,Ifitm6,Arhgef6,,,Cd68
,,Arf2,Bicd2,Cyb5r1,Akap13,,,Plk2,,,Ndufa5,BC016495,Arrdc3,Bpnt1,,Herpud1,Ankrd13c,,,Fam81a,BC017612,Bcl2l1,Col4a4,,Myl12a,Tesc,,,Adipor1,Igbp1,Ighm,Arid4a,,,Cd72
,,Arhgap1,Bik,Dap,Akap2,,,Pttg1ip,,,Ndufb4,BC024386,Arsg,Brp44l,,Hpd,Apom,,,Furin,Bicc1,Bex3,Coq7,,Nfe2l2,Tspan1,,,Adprh,Irf1,Kpna4,Arl4c,,,Cd74
,,Arhgap26,Blmh,Dbp,Alyref,,,S100a11,,,Ndufb7,BC089597,Atf3,C130074G19Rik,,Hspa8,Aprt,,,Gcap14,Bzw2,Brd2,Cox4i1,,Npnt,Tspan8,,,Adrb1,Jun,Lamp1,Arpc4,,,Cd81
,,Arhgap27,Bmyc,Dcaf11,Amotl1,,,Slc6a6,,,Ogdh,Bex4,Atf4,Cbs,,Hyi,Arl6ip1,,,Ghitm,C030044B11Rik,Bst2,Cox5b,,Pacsin2,Tuba1c,,,Aftph,Khdrbs1,Lilr4b,Asah1,,,Cd83
,,Arhgef12,Btf3,Echdc2,Ankrd12,,,Sumo3,,,Pccb,Bid,Atox1,Ccdc90a,,Kcnk5,Ascc1,,,Gm5506,C030046I01Rik,Btg1,Cox6b1,,Pard6b,Wfdc2,,,Aip,Klf2,Lilrb4a,Asb2,,,Cd86
,,Arhgef2,Cacybp,Elob,Anp32a,,,Syf2,,,Pde4dip,Bloc1s1,Atp6ap1,Cfb,,Lamp1,Asl,,,Gpx6,C1qtnf4,Calm1,Cox6c,,Polr2l,,,,Akap8l,LOC100038947,Lmnb1,Atp6ap2,,,Cdc42
,,Arhgef7,Capza2,Elovl7,Anxa1,,,Tinagl1,,,Pdha1,Bnc2,Atp6ap2,Chuk,,Lyplal1,Aspa,,,Hibadh,C77080,Cav1,Cox7a2,,Prss23,,,,Akna,Lrch4,Ly6c2,B4galnt1,,,Cfl1
,,Arl5b,Casp8,Eno1,Anxa2,,,Tmem50a,,,Perp,Brp44,Atp6v0b,Cks2,,Mat2a,Aspdh,,,Hoxd8,Cab39l,Ccdc25,Cox7b,,Ptges,,,,Akt1,Manf,Ly6e,BC017643,,,Clec4a3
,,Arl8b,Cbfb,Enpp2,Anxa3,,,Tmem59,,,Poldip2,Btd,Atp6v0d2,Cml1,,Mpst,Ass1,,,Immt,Camta1,Ccnd2,Cox7c,,Pycard,,,,Alcam,Map2k1,Msrb1,BC028528,,,Clec7a
,,Arsa,Ccdc12,Epcam,Anxa5,,,Tsc22d1,,,Prr15l,C2cd2l,Atp6v0e,Cpox,,Mrpl14,Atp6v0a4,,,Kng1,Capg,Ccnl2,Cox8a,,Raly,,,,Angel2,Mef2a,Nfil3,Basp1,,,Clic1
,,Ash1l,Ccdc59,Fam174b,Anxa7,,,Tspan4,,,Ptgr2,Car5b,Atp6v1b1,Cux1,,Mrps35,Atp6v1b2,,,Lad1,Casz1,Cd151,Cpt1a,,Rbbp7,,,,Ankle2,Mvp,Ninj1,Baz1a,,,Cmtm7
,,Atf7ip,Cdc37,Fermt1,Apbb2,,,Tspo,,,Ptms,Ccdc6,Atp6v1c2,Cyb5,,Mut,Atp6v1g1,,,Lpl,Cbx5,Cd200,Cryab,,Rhcg,,,,Ankrd11,Nsa2,Phf11b,Bcl10,,,Coro1a
,,Atp2b1,Cdk12,Fgf1,Aplp2,,,Txnip,,,Rnf5,Cd164,Atp6v1d,Cyb5b,,Nceh1,Atpif1,,,Mcee,Cbx6,Cd2ap,Cyfip2,,Rtn3,,,,Anp32b,Nucb2,Pkm,Bcl2a1a,,,Coro1b
,,Atp8a1,Cdk4,Fmc1,Apobec3,,,Zfp36,,,Sars,Cd302,Atp6v1f,Cyp2e1,,Ndufb3,Bckdha,,,Mdh1,Ccdc141,Cd300lg,D630042F21Rik,,S100a11,,,,Anxa7,Orai3,Plac8,Bcl2a1b,,,Creg1
,,Atrn,Cdkn1c,Folr1,Apold1,,,,,,Sycp3,Ces1e,Atp6v1g3,Cyp2j11,,Nhp2,Bdh2,,,Mdh2,Ccdc72,Cd34,Ddr1,,S100g,,,,Aoah,Pdcd2l,Plaur,Bcl2a1d,,,Crip1
,,Atxn1,Chic2,Fst,Arap3,,,,,,Taf10,Chd3,Atp6v1h,Cyp2j13,,Nuak2,Bola3,,,Me3,Cdc42ep5,Cd47,Echs1,,Scd2,,,,Ap1s2,Pdlim2,Por,Blnk,,,Csf1r
,,Azin1,Chmp3,Gadd45g,Arf1,,,,,,Ttr,Chdh,Atraid,D16H22S680E,,Osgin1,Bphl,,,Mfsd4,Cds1,Cd63,Efhd1,,Scnn1b,,,,Ap2b1,Pilrb1,Prdx1,Blvrb,,,Csf2ra
,,B4galt1,Chtf8,Galnt18,Arf4,,,,,,Ttyh2,Chrna4,Avpr1a,Dak,,Prlr,Calml4,,,Mgst3,Chmp4b,Cd81,Elovl7,,Serinc3,,,,Aph1c,Pparg,Psma5,Bmyc,,,Cst3
,,BC005624,Cldn25,Gbas,Arf6,,,,,,Tufm,Cldn12,Azin1,Dgcr6,,Prodh2,Car12,,,Mthfd1,Chmp5,Cdkn1a,Eps8l2,,Serpinh1,,,,Api5,Ppp1r15a,Psma7,Bst2,,,Ctsa
,,Baiap2,Cnp,Gm26917,Arglu1,,,,,,Ube2m,Clrn3,BC005537,Dhcr24,,Pxmp2,Car2,,,Ndufa10,Churc1,Cfl2,Fabp3,,Sh3bgrl3,,,,Aqr,Ralb,Rab20,Btg2,,,Ctsb
,,Bcar1,Cobra1,Gm42418,Arhgap29,,,,,,Ubxn2a,Cltc,Bcat2,Dnajc13,,Pxmp4,Cat,,,Ndufa12,Cited2,Cldn5,Fxyd2,,Slc1a5,,,,Arap1,Rcbtb2,Rab7b,C5ar1,,,Ctsc
,,Bcl2,Col15a1,Hist1h1c,Arhgap31,,,,,,Ugt1a7c,Cml3,Bdh1,E030010A14Rik,,Rcan1,Ccdc107,,,Ndufa5,Clint1,Clec2d,Gabarapl1,,Smagp,,,,Arf6,Rgs19,Rack1,Cadm1,,,Ctsh
,,Bclaf1,Commd7,Hk1,Arhgdia,,,,,,Uqcr10,Col4a3,Bnip3l,Ehd1,,Rdh16,Ccs,,,Ndufa6,Cobll1,Clic1,Gbas,,Socs3,,,,Arhgef2,Rpl15,Rbms1,Camk1,,,Ctss
,,Birc6,Cops7a,Hoxb9,Arhgef1,,,,,,Uqcrq,Csnk1g3,Brd2,Eny2,,Retsat,Cd63,,,Ndufa8,Commd1,Clic4,Got2,,Srp14,,,,Arid1a,Rpl35a,Rilpl2,Camk1d,,,Ctsz
,,Bptf,Cops8,Id2,Arhgef15,,,,,,Usmg5,Ctage5,Brix1,F13b,,Rps27l,Cda,,,Ndufab1,Copa,Clk1,Gpr56,,Srxn1,,,,Arih1,Rpl36a,Rnh1,Cap1,,,Cxcl16
,,Brd3,Coro1c,Id4,Arhgef3,,,,,,Wbp2,Cyp24a1,Bsg,Fads3,,Scand1,Cdhr5,,,Ndufb3,Cox7a1,Cln8,Gsta4,,Stat3,,,,Arl8b,Rpl38,Rpl22l1,Casp1,,,Cxcl2
,,Brd4,Crispld1,Idh3a,Arid5b,,,,,,Wsb2,D14Ertd449e,Bsnd,Fahd2a,,Scly,Cela1,,,Ndufb4,Csrp2,Cltb,Gstt1,,Tacstd2,,,,Arrdc1,Rpl5,Rpl28,Ccdc109b,,,Cyba
,,Brd8,Crlf2,Ifi27,Arl4a,,,,,,Ybx1,D17Wsu92e,Bud31,Fdx1,,Skp1a,Ces1d,,,Ndufb6,Cwh43,Cog7,Hadha,,Tsc22d1,,,,Atf6,Rpl7a,Rps3a1,Ccdc12,,,Cybb
,,Btnl9,Ctso,Igsf5,Arl6ip5,,,,,,Znrf1,D630045J12Rik,C1d,Fech,,Slc25a25,Ces1f,,,Ndufb7,Cxadr,Coro1b,Hadhb,,Tspo,,,,Atp13a2,Rps15a-ps4,S100a4,Ccdc88a,,,Cytip
,,Bzw1,Cuedc1,Jkamp,Arpc1b,,,,,,,Def8,C1qbp,Fmo2,,Slc3a2,Cgref1,,,Ndufc2,Cxxc5,Crip1,Hk1,,Tubb2a,,,,Atp6ap1,Rps15a-ps6,S100a6,Ccl12,,,Dusp1
,,C330006A16Rik,Cwc15,Lgals1,Arpc3,,,,,,,Dera,Capg,Folh1,,Slc5a10,Chchd10,,,Ndufs1,Cyb561,Crip2,Idh2,,Tubb2b,,,,Atp6v0a1,Rps2,Selenop,Ccnd2,,,Eef1b2
,,Camk2d,Cxx1a,Lynx1,Arpc4,,,,,,,Dio1,Car5a,Fth1,,Slc6a13,Chchd2,,,Ndufs2,Cyp2j6,Csnk1a1,Idh3a,,Txnip,,,,Atp8a1,Rps25,Slc16a3,Ccnl1,,,Efhd2
,,Capza1,Cxx1b,Lypd2,Arpc5,,,,,,,Dleu7,Cbr2,Fut9,,Slc6a18,Chpt1,,,Ndufs3,Cys1,Cst3,Kcnj1,,Ucp2,,,,Atp8b4,Rtn4,Slpi,Ccr2,,,Eif3e
,,Capzb,Cxx1c,Maea,Asah1,,,,,,,Dpp4,Cd2ap,Galm,,Slco1a6,Cib1,,,Ndufs4,D14Ertd449e,Ctla2a,Kcnj10,,Wls,,,,Atxn7,Sap30,Snrpb,Ccr5,,,Eif4a1
,,Cast,Cyth1,Minos1,Asap1,,,,,,,Dpp7,Cd36,Glyctk,,Stard5,Cideb,,,Ndufs5,Dag1,Cxcl10,Kcnj16,,Wsb1,,,,Atxn7l1,Sec11c,Spi1,Cd300a,,,Emp3
,,Cbx1,Dazap1,Misp,Asap2,,,,,,,Dpyd,Cd59a,Gm12824,,Tgoln1,Cisd1,,,Ndufs6,Dap,Cxcl16,Kcnk1,,,,,,B4galt1,Sertad1,Sqstm1,Cd300ld,,,Fam49b
,,Cbx3,Dbnl,Mrpl46,Atf3,,,,,,,Enpp6,Cd82,Gm7092,,Timp3,Cisd3,,,Ndufs7,Dapk1,Cyp4b1,Klk1,,,,,,B4galt5,Sh2d1b1,Sub1,Cd302,,,Fau
,,Cbx5,Dda1,Mrps6,Atf4,,,,,,,Entpd4,Cd9,Gnpda1,,Tmbim6,Cldn2,,,Ndufs8,Dbndd2,Cystm1,Kng2,,,,,,B4galt6,Sirpb1b,Taldo1,Cd37,,,Fcer1g
,,Ccdc101,Ddit4,Nampt,Atrx,,,,,,,Epb4.1l3,Cdh16,Gpc4,,Tmem19,Clpx,,,Ndufv1,Dcaf11,Ddit3,Lamb1,,,,,,BC005537,Snap23,Tgm2,Cd48,,,Fcgr1
,,Ccdc82,Ddx24,Ndufa12,B230219D22Rik,,,,,,,Epn1,Cdo1,Gpr137b,,Tmem33,Clybl,,,Nme7,Ddit4l,Ddit4,Ldhb,,,,,,BC013712,Snhg8,Thbs1,Cd84,,,Fcgr2b
,,Ccnl2,Dguok,Ndufb11,B2m,,,,,,,Erlin1,Cebpzos,Gpx3,,Tmigd1,Cmbl,,,Nnt,Dock7,Ddx3x,Lman1,,,,,,BC031781,Stx16,Tpm4,Cdc42se2,,,Fcgr3
,,Ccnt1,Dleu2,Ndufb8,B3gnt2,,,,,,,Evc,Cenpx,Gsr,,Tpk1,Cndp2,,,Ogdh,Dsp,Ddx5,Lsm6,,,,,,Bach1,Swap70,Tpt1,Cebpa,,,Fcgr4
,,Cdc42bpa,Dnajb11,Npnt,BC006779,,,,,,,Evi5,Chka,Gyk,,Tpmt,Coasy,,,Osbpl1a,Dstn,Dirc2,Mgst1,,,,,,Baz2a,Tceb3,Ubc,Cebpb,,,Ftl1
,,Cdc42se1,Dnajb6,Nr1d1,BC013529,,,,,,,Faah,Chp1,Hbxip,,Tprkb,Comt,,,Paics,Dync1i2,Dnaja1,Minos1,,,,,,Bbc3,Tgfb1,Ube2d3,Celf2,,,Fxyd5
,,Cdipt,Dnm3,Nupr1,BC017612,,,,,,,Fam126b,Cited2,Higd2a,,Trap1,Cotl1,,,Pdha1,Efemp1,Dnajb1,Mpnd,,,,,,Bcl2l1,Trmt112,Wfdc17,Cfh,,,Fyb
,,Cdk17,Dnttip2,Osr2,BC020535,,,,,,,Fam132a,Ckmt1,Hnf1b,,Tstd1,Cpn1,,,Pgam1,Ehf,Dnajb4,Mrpl42,,,,,,Bcl6,Trmt2a,Xbp1,Ch25h,,,Glipr1
,,Cdk2ap1,Dok4,P3h2,BC031781,,,,,,,Far1,Clcnkb,Hrsp12,,Tubb4b,Cpt2,,,Phb,Eif3l,Dnajb9,Mrps6,,,,,,Bicd2,Tsc22d4,Yipf3,Ciita,,,Gltscr2
,,Cdkn1b,Dpf2,Pacsin3,Bag3,,,,,,,Furin,Cldn7,Hsd3b2,,Upb1,Crot,,,Phyh,Eif4a2,Dopey2,Msi2,,,,,,Bloc1s2,Tubb2a,Ywhaz,Cited2,,,Gm2a
,,Cdv3,Eef1d,Paqr5,Bambi,,,,,,,Fut8,Cldn8,Hsd3b4,,Uqcrc1,Cryl1,,,Pkp4,Eml2,Dusp1,Ndrg2,,,,,,Bmp2k,Uba52,,Clec12a,,,Gm6377
,,Cebpb,Eef1g,Parm1,Bcl10,,,,,,,G0s2,Clk1,Igsf11,,Vmp1,Cryz,,,Plau,Emx1,Ebf1,Ndufa1,,,,,,Bnip2,Ube2l6,,Clec4a1,,,Gmfg
,,Cfdp1,Eif3d,Pax8,Bcl2l1,,,,,,,Galc,Clk4,Ivd,,Vnn1,Csad,,,Ppp1r1b,Enpp5,Ecscr,Ndufa11,,,,,,Brd1,Unc119,,Clec4a2,,,Gngt2
,,Cflar,Eif3e,Pbxip1,Bgn,,,,,,,Galns,Clta,Iyd,,Wdr18,Csrp2,,,Prdx5,Epn3,Edn1,Ndufa13,,,,,,Brd4,Use1,,Clec4b1,,,Gpr65
,,Cggbp1,Eif3g,Pcolce,Bnip2,,,,,,,Galnt1,Cnih4,Kif21a,,Xist,Ctsl,,,Prrc2c,Ermp1,Efna1,Ndufa3,,,,,,Brpf1,Vasp,,Clec5a,,,Grn
,,Chmp1b,Eif3h,Pfn2,Bnip3l,,,,,,,Galnt14,Coa3,Lgr4,,,Cubn,,,Ptger3,Exph5,Egfl7,Ndufa4,,,,,,Btaf1,Vrk2,,Clta,,,H2-Aa
,,Clasp2,Eif4a2,Pgm5,Boc,,,,,,,Galnt3,Col18a1,Lonp1,,,Cyba,,,Pts,F2rl1,Ehd4,Ndufa7,,,,,,C130039O16Rik,Wdr89,,Cmtm3,,,H2-Ab1
,,Clcn4-2,Eif4e3,Phb,Bod1l,,,,,,,Gamt,Commd3,Lrrc19,,,Cyp2d26,,,Ran,Fam129b,Eif1a,Ndufb10,,,,,,Cabin1,Ypel3,,Cnn2,,,H2-D1
,,Clptm1,Eif6,Phgdh,Brd2,,,,,,,Gcap14,Coprs,Mapt,,,Cyp2j5,,,Rbm47,Fam20b,Eif2s2,Ndufb11,,,,,,Capza1,Zfp385a,,Cnpy3,,,H2-DMa
,,Copb1,Emilin1,Plet1,Brd9,,,,,,,Gjb1,Cops5,Mlec,,,Cyp4a10,,,Retsat,Fam63a,Eif4e,Ndufb2,,,,,,Cbfb,,,Commd8,,,H2-DMb1
,,Coro1b,Enpp4,Pou3f3,Bst2,,,,,,,Gjb2,Coq10b,Mosc2,,,Cyp4a31,,,Sdha,Fdps,Eif4ebp1,Ndufb5,,,,,,Ccdc23,,,Cotl1,,,H2-Eb1
,,Crim1,Fam129b,Proser2,Btg1,,,,,,,Gkap1,Cox7a1,Mpp6,,,Cyp4b1,,,Sdhb,Fgfr1,Eif6,Ndufb8,,,,,,Ccdc88b,,,Creb5,,,H2-K1
,,Crk,Fam174a,Pttg1,Bub3,,,,,,,Glb1,Cox7b,Mrpl20,,,Dab2,,,Sec62,Fkbp3,Eloc,Ndufb9,,,,,,Ccnd1,,,Crlf2,,,H2afz
,,Crtap,Fam53b,Rasl11b,C230081A13Rik,,,,,,,Glb1l,Cpq,Mrps36,,,Dao,,,Slc12a1,Flnb,Emcn,Ndufc1,,,,,,Cd33,,,Crlf3,,,H3f3b
,,Csda,Fam76a,Rnf183,Calcrl,,,,,,,Glb1l2,Cpsf4l,Ninj1,,,Dbi,,,Slc16a5,Frk,Emp1,Ndufv2,,,,,,Cd97,,,Csk,,,Hcls1
,,Csf1,Fam89b,Rnf186,Calm1,,,,,,,Gldc,Cryab,Nme2,,,Dcxr,,,Slc25a11,Gal3st1,Eng,Nfe2l1,,,,,,Cdc26,,,Cttnbp2nl,,,Hexa
,,Csnk1d,Fbln5,Scg5,Calm2,,,,,,,Gm10768,Csnk2b,Osbpl8,,,Ddah1,,,Slc25a39,Galntl4,Epas1,Oat,,,,,,Cdk13,,,Cx3cr1,,,Hexb
,,Csnk2a1,Fkbp7,Sdc4,Calu,,,,,,,Gm10804,Csrp1,Pbld1,,,Ddc,,,Slc25a4,Gas1,Ergic2,Oxct1,,,,,,Cdk18,,,Cyfip1,,,Hmox1
,,Ctcf,Fnta,Slc4a11,Camk1,,,,,,,Gm11128,Cst3,Pcx,,,Ddt,,,Slc5a3,Gata3,Ero1l,Paqr5,,,,,,Cdk6,,,Cyp27a1,,,Hspa1a
,,Ctnna1,Galntl4,Slc6a18,Carhsp1,,,,,,,Gm5480,Ctsd,Pcyt2,,,Decr1,,,Smpd1,Gcgr,Esam,Pbxip1,,,,,,Cdk9,,,Cyp4f18,,,Hspa5
,,Ctnnd1,Gbp3,Snhg18,Caskin2,,,,,,,Gns,Cyb5a,Pdzd3,,,Defb29,,,Sod2,Gclc,Esm1,Pcolce,,,,,,Cdkn1b,,,Cysltr1,,,Ier5
,,Cttn,Gbp4,Spint2,Cav1,,,,,,,Gpr137b-ps,Cyp2a4,Pfdn1,,,Dgat2,,,Sorl1,Gde1,Etf1,Pgam2,,,,,,Cdkn2aipnl,,,Cyth4,,,Ifi27l2a
,,Cx3cl1,Ggh,Spp1,Cav2,,,,,,,Gpt2,Cyp2a5,Pgpep1,,,Dhfr,,,Sostdc1,Gls,F3,Phpt1,,,,,,Cebpg,,,D14Ertd668e,,,Ifi30
,,Cyp20a1,Ggta1,Sqle,Cbfa2t3,,,,,,,Grtp1,Cyr61,Pmpcb,,,Dhrs4,,,Thap4,Gm10664,Fabp4,Pkm2,,,,,,Cep110,,,Dapp1,,,Ifitm3
,,Cyp2d22,Gja4,Tacstd2,Ccdc85b,,,,,,,H6pd,Cystm1,Por,,,Dnajc12,,,Tmbim6,Gpr108,Fam162a,Ppargc1a,,,,,,Cep120,,,Dbnl,,,Ifngr1
,,Cyyr1,Glt25d1,Tceal9,Ccnd2,,,,,,,Hlf,D630023F18Rik,Prkaa2,,,Dnajc19,,,Tspan3,Gprc5c,Fbln5,Ppp1r1a,,,,,,Cep170,,,Dleu2,,,Igsf6
,,D0H4S114,Gltp,Tecr,Ccnd3,,,,,,,Hsd17b11,Dap,Proc,,,Dnase1,,,Umod,Gpx8,Fbxo7,Prdx2,,,,,,Cep350,,,Dnase1l1,,,Il1b
,,D14Abb1e,Gm4951,Tmed1,Ccnl1,,,,,,,Hsd17b4,Ddit3,Psme4,,,Dpep1,,,Uqcrb,Grb14,Fermt2,Prps2,,,,,,Cept1,,,Dock10,,,Irf5
,,D4Ertd22e,Gt(ROSA)26Sor,Tmem35b,Ccrl2,,,,,,,Ifrd2,Ddx3x,Ptplb,,,Ech1,,,Uqcrc1,Gsn,Fkbp1a,Ptprf,,,,,,Cfp,,,Dock8,,,Laptm5
,,Dazap2,Gtl3,Tmem86a,Cct7,,,,,,,Igf1r,Ddx5,Ptprd,,,Echdc2,,,Uqcrc2,Gstt3,Flt1,Rap1gap,,,,,,Chd1,,,Dok3,,,Lcp1
,,Dbndd2,H2-M3,Tns1,Cd151,,,,,,,Ildr2,Defb1,Pyroxd2,,,Eci3,,,Uqcrfs1,Hcfc1r1,Fosl2,Rnaset2b,,,,,,Chd7,,,Dpysl2,,,Lgals3
,,Dcaf7,Herpud2,Tpi1,Cd200,,,,,,,Ints2,Degs1,Rbm47,,,Ehhadh,,,Usp2,Hdac11,Fuca2,S100a1,,,,,,Chd9,,,Dusp2,,,Lgmn
,,Dctn4,Hfe,Tshz2,Cd300lg,,,,,,,Ipmk,Dmrt2,Rn45s,,,Enpp2,,,Vdac1,Hist2h2aa1,Fus,Sdhd,,,,,,Chmp1a,,,E230029C05Rik,,,Litaf
,,Dctn5,Hhex,Upf3b,Cd34,,,,,,,Iqgap2,Dnaja1,Samd8,,,Ephx2,,,Wfdc15b,Hmgn1,Fxyd4,Sfrp1,,,,,,Chmp4b,,,Ebi3,,,Lsp1
,,Ddx17,Hist3h2a,Vamp8,Cd36,,,,,,,Isoc2a,Dnajb1,Samd9l,,,Eps8,,,,Hnrnpa0,Fxyd5,Slc12a3,,,,,,Chst12,,,Eef1a1,,,Lst1
,,Ddx18,Hlx,Vmp1,Cd38,,,,,,,Itpr1,Dnajb4,Scrn2,,,Errfi1,,,,Hoxb6,Gadd45b,Slc16a7,,,,,,Chsy1,,,Eef1d,,,Lyz2
,,Ddx3x,Hmgn3,Vti1b,Cd47,,,,,,,Kif12,Dnajb9,Sepp1,,,Esd,,,,Hoxb7,Gapdh,Slc25a12,,,,,,Cklf,,,Ehbp1l1,,,M6pr
,,Ddx58,Hnrnpd,Xbp1,Cd81,,,,,,,Klc4,Dusp1,Sepx1,,,Etfa,,,,Hoxb8,Gas6,Slc25a3,,,,,,Clasp2,,,Eif4e3,,,Mcl1
,,Ddx6,Hnrnph3,Zfp467,Cd9,,,,,,,Klf15,Dusp23,Serpinf2,,,Etfb,,,,Hoxb9,Gdf15,Slc25a5,,,,,,Clec9a,,,Eif4ebp1,,,Mgl2
,,Degs1,Hnrnpr,Zfyve21,Cd93,,,,,,,L2hgdh,Dynll1,Setd8,,,Ethe1,,,,Hoxd10,Gimap4,Spint1,,,,,,Clint1,,,Elmo1,,,Mmp12
,,Dennd3,Hnrpdl,,Cd97,,,,,,,Lpin1,Dynll2,Slc18a1,,,Fah,,,,Hoxd9,Gimap6,Spint2,,,,,,Clip1,,,Emr1,,,Mpeg1
,,Dip2b,Hras1,,Cdc14a,,,,,,,Lrrc8d,Eci1,Slc1a1,,,Fahd1,,,,Hras1,Gja4,Stk39,,,,,,Clk1,,,Epb4.1l2,,,Ms4a4c
,,Dock1,Hspa12b,,Cdc42,,,,,,,Lrrk2,Eef1a1,Slc22a2,,,Fam134b,,,,Il11ra1,Glul,Tfap2b,,,,,,Cln8,,,Epsti1,,,Ms4a6b
,,Dtx3l,Ifi27l2a,,Cdc42ep1,,,,,,,Lztr1,Efhd1,Slc22a28,,,Fam151a,,,,Ildr1,Gm1821,Tfcp2l1,,,,,,Clptm1l,,,Erp29,,,Ms4a6c
,,Dync1i2,Ifi47,,Cdc42ep2,,,,,,,Macrod2,Eif4a1,Slc22a5,,,Fam195a,,,,Ing2,Gm8797,Tmem147,,,,,,Cltc,,,Evi2a,,,Ms4a7
,,Dync1li1,Ifit2,,Cdc42ep3,,,,,,,Man1a,Eif4g2,Slc23a1,,,Fbp1,,,,Inpp5a,Gna13,Tmem213,,,,,,Cmtm6,,,Evi2b,,,Msn
,,Eapp,Imp3,,Cdc42ep4,,,,,,,March6,Eif5,Slc25a1,,,Fhl1,,,,Isyna1,Gnas,Tmem72,,,,,,Cnbp,,,Fam105a,,,Ncf2
,,Ehbp1l1,Ing1,,Cdc42se2,,,,,,,March8,Eif5a,Slc25a15,,,Fmo1,,,,Itfg3,Gng11,Tmprss2,,,,,,Cnih4,,,Fam111a,,,Nfe2l2
,,Eif1a,Ipo11,,Cdh5,,,,,,,Mdk,Elovl7,Slc6a20b,,,Folr1,,,,Itgav,Gpi1,Trp53inp2,,,,,,Cnot8,,,Fam129a,,,Nfkbia
,,Eif3a,Irx5,,Cdk9,,,,,,,Mgat3,Emb,Slc6a8,,,Ftl1,,,,Itgb5,Gpihbp1,Uqcr10,,,,,,Coro1c,,,Fam174a,,,Npc2
,,Eif4g1,Itm2b,,Cdkn1a,,,,,,,Mlxipl,Emc6,Slc9a3r1,,,Fuca1,,,,Jarid2,Grpel2,Uqcr11,,,,,,Coro2a,,,Fam46a,,,Pabpc1
,,Elavl1,Kctd17,,Cds2,,,,,,,Morn2,Enpp5,Spink3,,,Fuca2,,,,Jub,H2-D1,Uqcrh,,,,,,Cpne2,,,Fam49a,,,Pde4b
,,Eml1,Keap1,,Ceacam1,,,,,,,Mtap7,Epcam,Sqrdl,,,Fxyd2,,,,Kcnq1,H2-K1,Uqcrq,,,,,,Cpsf2,,,Fam89b,,,Pea15a
,,Enpep,Kif5b,,Cebpg,,,,,,,Mtfr1,Ergic3,Stard10,,,G6pc,,,,Kctd1,H2-Q6,Usmg5,,,,,,Crebbp,,,Fbl,,,Pfn1
,,Ensa,Klk8,,Ces2e,,,,,,,Mtor,Erp29,Stra13,,,Galnt11,,,,Kl,H2-Q7,Vegfb,,,,,,Cse1l,,,Fcgrt,,,Phlda1
,,Ep400,Kras,,Cetn3,,,,,,,Mvd,Espn,Tgm2,,,Gapdh,,,,Llgl2,H2afz,Wnk1,,,,,,Csf3r,,,Fermt3,,,Pim1
,,Epb4.1l2,Krtcap2,,Cfl1,,,,,,,Myo6,F11r,Timm8b,,,Gas2,,,,Lrba,H3f3b,Wnk4,,,,,,Csnk1a1,,,Fes,,,Pla2g7
,,Epc1,Kti12,,Chmp2a,,,,,,,Ncoa7,Fam107a,Tinag,,,Gatm,,,,Ltbp3,Hagh,,,,,,,Csnk1e,,,Fgd2,,,Plbd1
,,Eps15l1,Lamtor3,,Chmp2b,,,,,,,Ndufb6,Fam107b,Tln2,,,Gcat,,,,Maged1,Hbegf,,,,,,,Ctage5,,,Fgl2,,,Plek
,,Erg,Lfng,,Chmp5,,,,,,,Net1,Fam133b,Tmem150a,,,Gcdh,,,,Mal2,Hes1,,,,,,,Ctbp2,,,Filip1l,,,Plin2
,,Erp44,Lsm14a,,Chst2,,,,,,,Neurl4,Fam213a,Tmem229a,,,Gclm,,,,Man2a1,Hmox1,,,,,,,Ctdnep1,,,Fmnl1,,,Pold4
,,Etl4,Lsm2,,Cldn15,,,,,,,Nfia,Fam25c,Tmem64,,,Gcnt1,,,,Mecom,Hnrnpf,,,,,,,Ctnnbl1,,,Fnbp1,,,Ppt1
,,Exosc10,Lxn,,Clec14a,,,,,,,Nfs1,Fam63a,Tmem8,,,Gcsh,,,,Mfge8,Hnrnph1,,,,,,,Cuedc2,,,Fos,,,Prkcd
,,Exosc2,Mageh1,,Clec1a,,,,,,,Nlrp6,Fam96a,Tnfrsf21,,,Ggt1,,,,Micall1,Hsp25-ps1,,,,,,,Cxcr4,,,G530011O06Rik,,,Psap
,,Fam116a,Mansc1,,Clec2d,,,,,,,Npl,Fbxo22,Tpi1,,,Ghr,,,,Mif4gd,Hsp90aa1,,,,,,,Cyb5r4,,,Gadd45b,,,Psmb8
,,Fam120a,Med10,,Clic1,,,,,,,Nsdhl,Fcgrt,Tuba4a,,,Gipc2,,,,Mrpl54,Hsp90ab1,,,,,,,D10Wsu52e,,,Gas5,,,Psme1
,,Fam165b,Mid1ip1,,Clic4,,,,,,,Nudt8,Fdft1,Uap1l1,,,Glul,,,,Mrps24,Hsp90b1,,,,,,,D14Abb1e,,,Gbp3,,,Ptpn1
,,Fam178a,Mob2,,Clic5,,,,,,,Osbpl3,Fgf1,Ugt2b38,,,Glyat,,,,Mtch1,Hspa1a,,,,,,,D19Bwg1357e,,,Gdi2,,,Ptpn18
,,Fam18b,Mob4,,Clip1,,,,,,,Osbpl6,Fkbp2,Vil1,,,Gm2a,,,,Myeov2,Hspa1b,,,,,,,D6Wsu116e,,,Gltp,,,Rac1
,,Fam38b,Mphosph8,,Clk1,,,,,,,Osta,Fosb,,,,Gpd1,,,,Nampt,Hspa5,,,,,,,Dab2,,,Gm11428,,,Rac2
,,Fam63b,Mrfap1,,Cltb,,,,,,,Ostb,Foxi1,,,,Gpx1,,,,Ndufa2,Hspa8,,,,,,,Daglb,,,Gm4902,,,Rap1a
,,Fbxl3,Mvp,,Cmtm3,,,,,,,P4hb,Ftl1-ps1,,,,Gpx4,,,,Nenf,Hspb1,,,,,,,Dazap2,,,Gnai2,,,Rap1b
,,Fcgrt,N4bp3,,Cmtm8,,,,,,,Pafah2,G3bp1,,,,Grhpr,,,,Ngfrap1,Hspd1,,,,,,,Dck,,,Gnb2l1,,,Rgs1
,,Fcho2,Nde1,,Cnbp,,,,,,,Paqr7,Gabarap,,,,Grina,,,,Ninl,Hspe1,,,,,,,Dclre1c,,,Gng10,,,Rgs10
,,Flnb,Ndfip2,,Cnn2,,,,,,,Paqr9,Gadd45a,,,,Gss,,,,Nlk,Hsph1,,,,,,,Dctn5,,,Gng2,,,Rgs2
,,Flt4,Ngdn,,Cnn3,,,,,,,Pcyt1a,Gadd45gip1,,,,Gsta2,,,,Nr4a1,Icam1,,,,,,,Ddit3,,,Gp49a,,,Rhog
,,Fmnl2,Nop56,,Col4a1,,,,,,,Pet112l,Gbas,,,,Gsta3,,,,Nrtn,Icam2,,,,,,,Ddx21,,,Gpr183,,,Rpl10
,,Fosl2,Nostrin,,Col4a2,,,,,,,Pgm2,Gclc,,,,Gstm5,,,,Pacsin3,Id1,,,,,,,Ddx5,,,Gpsm3,,,Rpl10a
,,Fry,Nr1h2,,Cpd,,,,,,,Phyhd1,Gde1,,,,Gstt2,,,,Pam,Id3,,,,,,,Ddx54,,,Grb2,,,Rpl12
,,Fubp3,Nrarp,,Cpne2,,,,,,,Pi4ka,Ggact,,,,Gstz1,,,,Papss1,Ier2,,,,,,,Dek,,,Gsn,,,Rpl13
,,G3bp2,Ntan1,,Cpne8,,,,,,,Picalm,Ggh,,,,Guca2b,,,,Pax8,Ifi27,,,,,,,Dennd1a,,,Gusb,,,Rpl17
,,Ganab,Nudc,,Cr1l,,,,,,,Plekha6,Gk,,,,H2afj,,,,Pcyox1,Ifi27l2a,,,,,,,Dennd4a,,,H2-M3,,,Rpl18
,,Gas7,Ogfr,,Crip1,,,,,,,Pls1,Glod5,,,,Haao,,,,Pdcd4,Ifi44,,,,,,,Dennd4b,,,H2-T23,,,Rpl18a
,,Gbp9,Orai1,,Crip2,,,,,,,Polr3e,Glrx5,,,,Habp2,,,,Pdk1,Ifitm2,,,,,,,Derl1,,,Hck,,,Rpl19
,,Ggps1,Palmd,,Csnk1a1,,,,,,,Ppara,Gls,,,,Hadh,,,,Pfkp,Ifitm3,,,,,,,Derl2,,,Hfe,,,Rpl23
,,Gigyf1,Parvb,,Csnk1e,,,,,,,Prdx3,Gltp,,,,Hagh,,,,Pfn2,Ifrd1,,,,,,,Dgat1,,,Hhex,,,Rpl23a
,,Git2,Pcdh1,,Csrnp1,,,,,,,Preb,Gm10138,,,,Hao2,,,,Pgap1,Igfbp5,,,,,,,Dgkd,,,Hk2,,,Rpl27a
,,Glg1,Pdcd10,,Csrp1,,,,,,,Prkcz,Gm10639,,,,Hgd,,,,Pgcp,Il10rb,,,,,,,Dguok,,,Hlx,,,Rpl32
,,Gnai3,Pdcl,,Cst3,,,,,,,Prom1,Gm15217,,,,Hibadh,,,,Pgrmc1,Il13ra1,,,,,,,Dhx34,,,Hmga2-ps1,,,Rpl35
,,Gnaq,Pde6d,,Ctbp1,,,,,,,Prr5,Gm1821,,,,Hint1,,,,Phactr2,Irf1,,,,,,,Dhx38,,,Hmgb2,,,Rpl39
,,Gnl3l,Pdgfb,,Ctla2a,,,,,,,Ptprk,Gm19950,,,,Hint2,,,,Pias2,Irf7,,,,,,,Dhx58,,,Hmha1,,,Rpl4
,,Gpr4,Pelo,,Ctnnb1,,,,,,,Pvrl3,Gm23935,,,,Hist1h2bc,,,,Pigp,Isg15,,,,,,,Dhx9,,,Hmox2,,,Rpl6
,,Gpr56,Phf1,,Cttnbp2nl,,,,,,,Rgl1,Gm26917,,,,Hmgcl,,,,Pigt,Jun,,,,,,,Disc1,,,Hn1,,,Rpl9
,,Gpx8,Phip,,Cyb5r3,,,,,,,Rhobtb1,Gm42418,,,,Hmgcs1,,,,Pigyl,Jup,,,,,,,Dlgap4,,,Hpgd,,,Rplp2
,,Gtf2a1,Phospho1,,Cyfip1,,,,,,,Rxra,Gm4450,,,,Hnf4a,,,,Pkhd1,Kazn,,,,,,,Dmtf1,,,Hpgds,,,Rps11
,,Gtf2a2,Pik3ip1,,Cyp26b1,,,,,,,Sap30,Gm5617,,,,Hoga1,,,,Pkig,Kcne1,,,,,,,Dnajb13,,,Icosl,,,Rps12
,,Gtpbp4,Pim3,,Cyth2,,,,,,,Sema4a,Gm853,,,,Hpn,,,,Pld3,Kdr,,,,,,,Dnajb9,,,Ifi204,,,Rps13
,,H2-Q6,Pip5k1c,,Cyth3,,,,,,,Sgpp1,Gm8797,,,,Hspa9,,,,Plxnb1,Klf2,,,,,,,Dnajc7,,,Ifnar2,,,Rps14
,,H2-T22,Pitpnb,,D14Ertd668e,,,,,,,Sigirr,Gng11,,,,Hspd1,,,,Plxnb2,Klf5,,,,,,,Dnajc8,,,Ifngr2,,,Rps15
,,H2-T24,Pla2g16,,D4Wsu53e,,,,,,,Sipa1l1,Gng5,,,,Hspe1,,,,Pmepa1,Klf9,,,,,,,Dnase1l3,,,Igsf8,,,Rps15a
,,Hecw2,Plac8,,Dab2ip,,,,,,,Sirt3,Got1,,,,Htra1,,,,Pnkd,Lamc2,,,,,,,Dnmt1,,,Il10ra,,,Rps16
,,Heg1,Plcb1,,Dctn6,,,,,,,Slc16a1,Gstk1,,,,Iah1,,,,Polr2m,Laptm4a,,,,,,,Dnmt3a,,,Il10rb,,,Rps18
,,Herc2,Plin2,,Ddah2,,,,,,,Slc16a10,Gstm1,,,,Id2,,,,Pomgnt1,Lcn2,,,,,,,Dock11,,,Il16,,,Rps19
,,Herc6,Plscr3,,Ddost,,,,,,,Slc16a12,Gsto1,,,,Idh1,,,,Pou3f3,Ldha,,,,,,,Dr1,,,Il21r,,,Rps23
,,Hist1h4d,Polr2c,,Ddx39b,,,,,,,Slc16a13,Gstp1,,,,Igfbp4,,,,Prom2,Leprot,,,,,,,Dse,,,Il6ra,,,Rps24
,,Hn1,Polr2e,,Ddx5,,,,,,,Slc16a4,Guca2a,,,,Inmt,,,,Psmd3,Lgals9,,,,,,,Dtx3l,,,Inpp5d,,,Rps27
,,Hnrnpa0,Ppid,,Dek,,,,,,,Slc16a9,Gucd1,,,,Kap,,,,Ptgfr,Lmna,,,,,,,Dtx4,,,Iqgap1,,,Rps27a
,,Hnrnpc,Ppil4,,Dennd5b,,,,,,,Slc19a1,H3f3b,,,,Kcnj15,,,,Ptgs1,Lmo2,,,,,,,Dync1li2,,,Irf2,,,Rps28
,,Hnrnph1,Ppm1g,,Dgkz,,,,,,,Slc22a22,Hdgf,,,,Keg1,,,,Ptov1,Ly6c1,,,,,,,E330016A19Rik,,,Irf7,,,Rps29
,,Hnrnph2,Ppp1cc,,Dhrs3,,,,,,,Slc22a23,Hepacam2,,,,Khk,,,,Ptpn14,Ly6e,,,,,,,E330020D12Rik,,,Irf8,,,Rps3
,,Hnrnpl,Psma6,,Dhrs7,,,,,,,Slc22a29,Hes1,,,,Kmo,,,,Ptprj,Maff,,,,,,,Ebp,,,Irf9,,,Rps4x
,,Hoxb5,Psmc1,,Dkk2,,,,,,,Slc25a13,Hexa,,,,Lactb2,,,,Pttg1,Manf,,,,,,,Edem1,,,Itgax,,,Rps5
,,Hp1bp3,Psmc2,,Dlc1,,,,,,,Slc25a16,Hexb,,,,Lamp2,,,,Pvalb,Map2k3,,,,,,,Ehd1,,,Itgb2,,,Rps6
,,Hprt,Psmc4,,Dlgap4,,,,,,,Slc29a3,Hmox1,,,,Lap3,,,,Pvrl2,Mapre1,,,,,,,Eid1,,,Itgb5,,,Rps7
,,Hspa1b,Psmd12,,Dll4,,,,,,,Slc2a5,Hmx2,,,,Ldha,,,,Pygb,Marcksl1,,,,,,,Eif1a,,,Itm2b,,,Rps8
,,Hspa1l,Ptprr,,Dnaja1,,,,,,,Slc30a2,Hnrnpc,,,,Ldhd,,,,Pygl,Mgll,,,,,,,Eif2ak2,,,Itm2c,,,Rps9
,,Hspa5,Pura,,Dnajb1,,,,,,,Slc34a3,Hnrnpdl,,,,Lgals1,,,,Rab25,Mgp,,,,,,,Eif2s1,,,Itpripl2,,,Rpsa
,,Ier5l,Pvrl2,,Dnajb9,,,,,,,Slc35e3,Hnrnph1,,,,Lgmn,,,,Rabac1,Mmrn2,,,,,,,Eif3a,,,Kctd12,,,Sat1
,,Ifih1,Pxn,,Dnajc8,,,,,,,Slc36a1,Hsd17b10,,,,Lipa,,,,Rabgef1,Mpzl1,,,,,,,Eif3c,,,Klf6,,,Sdcbp
,,Il2rg,Rab28,,Dnm2,,,,,,,Slc39a5,Hsd17b14,,,,Lrp2,,,,Rap1gap2,Msn,,,,,,,Elavl1,,,Klhl6,,,Serinc3
,,Il6st,Rab35,,Dock6,,,,,,,Slc44a4,Hsd3b3,,,,Lrpap1,,,,Rasd1,Ndrg1,,,,,,,Elf1,,,Klra2,,,Sh3bgrl3
,,Ilf3,Rab4b,,Dpysl2,,,,,,,Slc5a11,Hsp90aa1,,,,Lypla1,,,,Rnasek,Neat1,,,,,,,Elf4,,,Lair1,,,Shisa5
,,Impact,Rab5c,,Dram1,,,,,,,Slc5a8,Hsp90ab1,,,,Maf,,,,Rod1,Neu1,,,,,,,Elmo2,,,Lat2,,,Slamf9
,,Inpp4a,Ran,,Dusp3,,,,,,,Smpd2,Hsp90b1,,,,Mdh1,,,,Rragd,Nfkbia,,,,,,,Emg1,,,Lcp2,,,Slfn2
,,Insig1,Ranbp1,,Dusp6,,,,,,,Sms,Hspa1a,,,,Me1,,,,Scg5,Ninj1,,,,,,,Ensa,,,Lfng,,,Snx5
,,Insr,Rap1a,,Dynll1,,,,,,,Snx7,Hspb1,,,,Mep1a,,,,Sdpr,Nipal1,,,,,,,Ep300,,,Lgals3bp,,,Srgn
,,Ip6k1,Rasd1,,Dysf,,,,,,,Snx8,Id1,,,,Mettl7a1,,,,Sec61g,Noct,,,,,,,Eps15,,,Lifr,,,Stk17b
,,Irf2bp2,Rassf3,,Ebf1,,,,,,,Spsb4,Id3,,,,Mettl7b,,,,Serf1,Nop58,,,,,,,Erdr1,,,Lilra5,,,Tgfbi
,,Irgm2,Rbck1,,Ece1,,,,,,,Srr,Idh3a,,,,Mfsd1,,,,Sfxn3,Npc2,,,,,,,Ergic1,,,Lilrb3,,,Tmem176b
,,Itga1,Rbfox2,,Ecm1,,,,,,,St6galnac2,Ier2,,,,Mif,,,,Sgpp2,Nrp1,,,,,,,Ergic3,,,Lilrb4,,,Tmsb10
,,Itga5,Rbm22,,Ecscr,,,,,,,St8sia1,Ift20,,,,Miox,,,,Sh2d4a,Nupr1,,,,,,,Ero1lb,,,Limd2,,,Tmsb4x
,,Itgb5,Rbmxl1,,Ednrb,,,,,,,Steap2,Igfbp5,,,,Mocs2,,,,Siva1,Oaf,,,,,,,Esyt1,,,Lmo2,,,Tpd52
,,Itpkb,Rgl2,,Efcab4a,,,,,,,Sult1c2,Immp1l,,,,Mpp1,,,,Slc27a1,Pdzk1ip1,,,,,,,Etv5,,,Lpar6,,,Tpm3
,,Jag1,Rheb,,Efna1,,,,,,,Susd2,Immt,,,,Mpv17l,,,,Slc35f5,Pfdn2,,,,,,,Etv6,,,Lpcat2,,,Trf
,,Jmjd1c,Ric8,,Efnb1,,,,,,,Susd3,Insrr,,,,Mrpl12,,,,Slc45a4,Pfkfb3,,,,,,,Ewsr1,,,Lpxn,,,Tspan13
,,Kars,Rilpl1,,Efnb2,,,,,,,Tbc1d13,Itm2b,,,,Mrpl28,,,,Slc8a1,Phlda1,,,,,,,Extl3,,,Lrmp,,,Tuba1b
,,Kbtbd2,Rit1,,Egfl7,,,,,,,Tef,Jun,,,,Mrpl50,,,,Smtnl2,Pim1,,,,,,,Fam107b,,,Lrrc25,,,Tyrobp
,,Kcnq1ot1,Rnf115,,Ehd2,,,,,,,Timm9,Jund,,,,Mrps21,,,,Snhg4,Pim3,,,,,,,Fam120b,,,Lrrc33,,,Ucp2
,,Kdelr2,Rnf215,,Ehd3,,,,,,,Tkt,Kcnk1,,,,Msra,,,,Sorbs2,Pkm,,,,,,,Fam134a,,,Lrrfip1,,,Unc93b1
,,Kdm5a,Rpl13a,,Ehd4,,,,,,,Tm7sf3,Klf6,,,,Napsa,,,,Sort1,Plet1,,,,,,,Fam168b,,,Ly86,,,Zfand5
,,Kdm6b,Rpl15,,Eif1,,,,,,,Tmem120a,Kmt2e,,,,Nat8,,,,Sox4,Plk2,,,,,,,Fbxw11,,,Lyl1,,,Zfp36
,,Khsrp,Rpl17,,Eif3f,,,,,,,Tpcn1,Krt18,,,,Ndrg1,,,,Spire1,Plpp1,,,,,,,Fcf1,,,Lyn,,,
,,Kif1b,Rpl18,,Eif4a1,,,,,,,Tpt1,Krt7,,,,Ndufa10,,,,Sri,Plpp3,,,,,,,Fgfr1op2,,,Lyz1,,,
,,Klhl24,Rpl18a,,Eif4a3,,,,,,,Trim63,Krt8,,,,Ndufa2,,,,St14,Plscr2,,,,,,,Fhl3,,,Mafb,,,
,,Klhl9,Rpl19,,Eif4h,,,,,,,Trpv4,Kyat3,,,,Ndufa6,,,,Stard8,Pltp,,,,,,,Fkbp15,,,Man2b1,,,
,,Lama4,Rpl21,,Elf1,,,,,,,Twf1,Lamtor2,,,,Ndufv3,,,,Strbp,Plvap,,,,,,,Fkbp5,,,Map3k8,,,
,,Lama5,Rpl23a,,Elk3,,,,,,,Ugt2b34,Lamtor5,,,,Neu1,,,,Syngr1,Pmp22,,,,,,,Flcn,,,Mapk14,,,
,,Laptm4b,Rpl4,,Elovl1,,,,,,,Ugt3a1,Laptm4a,,,,Nipsnap1,,,,Tacc1,Pnrc1,,,,,,,Fli1,,,March1,,,
,,Lasp1,Rps15a-ps4,,Elovl5,,,,,,,Xpnpep1,Laptm4b,,,,Nit1,,,,Tanc1,Ppp1r15a,,,,,,,Flii,,,Marcks,,,
,,Leng8,Rps18,,Eltd1,,,,,,,Xpr1,Ldhb,,,,Nit2,,,,Tax1bp3,Ppp1r2,,,,,,,Flna,,,Marcksl1,,,
,,Lman1,Rps19,,Emcn,,,,,,,Ywhaz,Leprot,,,,Nme1,,,,Tbc1d14,Ppp2ca,,,,,,,Fmnl3,,,Mbnl1,,,
,,Lmbrd1,Rps24,,Emp1,,,,,,,Zdhhc9,Lgals3,,,,Nox4,,,,Tbc1d4,Prkab1,,,,,,,Fndc3a,,,Mcmbp,,,
,,Lnpep,Rps3,,Emp3,,,,,,,Zfp871,Lpcat3,,,,Nr1h4,,,,Tbx2,Prkar1a,,,,,,,Fnip1,,,Mef2c,,,
,,Lpcat1,Rps4y2,,Endod1,,,,,,,Zmynd10,Lpl,,,,Nudt19,,,,Tceb2,Prkcdbp,,,,,,,Fosb,,,Metrnl,,,
,,Lpp,Rps5,,Eng,,,,,,,,Lsm4,,,,Nus1,,,,Tdrd3,Prom1,,,,,,,Fosl2,,,Mir703,,,
,,Lrch1,Rps7,,Entpd1,,,,,,,,Lsm6,,,,Odc1,,,,Tes,Prss8,,,,,,,Foxn2,,,Mknk1,,,
,,Lrrc59,Rps8,,Epas1,,,,,,,,Macrod1,,,,Pah,,,,Tfrc,Psmb8,,,,,,,Frmd4a,,,Mmp13,,,
,,Lta4h,Rraga,,Ephb4,,,,,,,,Mal,,,,Pank1,,,,Thbs1,Psmd11,,,,,,,Frmd4b,,,Mnda,,,
,,Ltbr,Rsbn1l,,Ephx1,,,,,,,,Marc2,,,,Papss2,,,,Timp2,Psme1,,,,,,,Ftsj3,,,Mndal,,,
,,Luc7l2,Rtn4,,Epn2,,,,,,,,Mccc2,,,,Park7,,,,Tmem171,Ptbp1,,,,,,,Fubp1,,,Morc3,,,
,,Maged2,Sae1,,Erh,,,,,,,,Med21,,,,Pcbd1,,,,Tmem178,Ptma,,,,,,,Fuca1,,,Mrc1,,,
,,Maml2,Sap18,,Esm1,,,,,,,,Med28,,,,Pck1,,,,Tmem20,Ptp4a2,,,,,,,G3bp1,,,Ms4a6d,,,
,,Man1a2,Sav1,,Ets1,,,,,,,,Mep1b,,,,Pdk2,,,,Tmem30b,Ptprb,,,,,,,G3bp2,,,Myadm,,,
,,Map3k3,Scn1b,,Ets2,,,,,,,,Mettl26,,,,Pdzk1,,,,Tmem59,Pxn,,,,,,,G6pdx,,,Mycbp2,,,
,,Map4k4,Sf3a3,,Ext2,,,,,,,,Mettl7a2,,,,Pdzk1ip1,,,,Tmem65,Rab20,,,,,,,Gaa,,,Myo1f,,,
,,Mapk1ip1l,Sf3b2,,F11r,,,,,,,,Mfsd4b1,,,,Pebp1,,,,Tmem93,Rab6a,,,,,,,Gab2,,,Naaa,,,
,,Matr3,Sf3b4,,F2r,,,,,,,,Mfsd4b5,,,,Pecr,,,,Tns3,Rac1,,,,,,,Galnt10,,,Nagpa,,,
,,Mau2,Sh3bgrl3,,F8,,,,,,,,Mgst1,,,,Pepd,,,,Tob1,Rad21,,,,,,,Gart,,,Nap1l1,,,
,,Mbnl1,Sh3gl1,,Fabp4,,,,,,,,Mme,,,,Phyh,,,,Top3b,Ramp2,,,,,,,Gas7,,,Ncf1,,,
,,Mcc,Sh3glb2,,Fabp5,,,,,,,,Mogat1,,,,Pipox,,,,Tox3,Ramp3,,,,,,,Gatad2a,,,Ncf4,,,
,,Mcmbp,Sh3tc1,,Fam101b,,,,,,,,Mpc1,,,,Plekhb2,,,,Trim2,Rbm25,,,,,,,Gch1,,,Nckap1l,,,
,,Med1,Sirt2,,Fam108a,,,,,,,,Mpc2,,,,Ppa2,,,,Trpm7,Rbm39,,,,,,,Gga1,,,Necap2,,,
,,Med13l,Slc12a4,,Fam110a,,,,,,,,Mrpl18,,,,Prdx1,,,,Tsc22d2,Rbm8a,,,,,,,Ggh,,,Neurl3,,,
,,Mfap1b,Slc35b1,,Fam117b,,,,,,,,Mrpl36,,,,Prdx5,,,,Ttc3,Rbms1,,,,,,,Ggnbp2,,,Nfam1,,,
,,Mfsd5,Smad6,,Fam167b,,,,,,,,Mrpl4,,,,Prelid1,,,,Twsg1,Rbpms,,,,,,,Git2,,,Nfkbid,,,
,,Mga,Smarcd2,,Fam171a1,,,,,,,,Msrb1,,,,Prnp,,,,Txndc5,Rcan1,,,,,,,Glcci1,,,Nfkbiz,,,
,,Mia3,Smu1,,Fam176b,,,,,,,,Mthfd1,,,,Prodh,,,,Ube2h,Rdx,,,,,,,Gls,,,Nmt1,,,
,,Micall1,Snapin,,Fam3c,,,,,,,,Mtx2,,,,Prosc,,,,Ubl3,Rflnb,,,,,,,Glt25d1,,,Npm1,,,
,,Midn,Snhg1,,Fam43a,,,,,,,,N6amt1,,,,Prss8,,,,Ubl5,Rgcc,,,,,,,Glyr1,,,Ntpcr,,,
,,Mier1,Snrpc,,Fam65a,,,,,,,,Nabp1,,,,Psma4,,,,Uroc1,Rgs16,,,,,,,Gm3258,,,Oas1a,,,
,,Mir126,Snw1,,Fam96b,,,,,,,,Nat8f1,,,,Pter,,,,Vamp2,Rhbg,,,,,,,Gm4980,,,Oasl2,,,
,,Mir24-2,Snx1,,Fas,,,,,,,,Nat8f6,,,,Pth1r,,,,Vdr,Rhob,,,,,,,Gm5148,,,Ogfrl1,,,
,,Mir3074-1,Sp110,,Fbxo6,,,,,,,,Ndel1,,,,Qdpr,,,,Vti1b,Rhoc,,,,,,,Gm6251,,,Orai1,,,
,,Mknk2,Spcs2,,Fbxw2,,,,,,,,Ndrg2,,,,Rab11fip3,,,,Wbp5,Rhoj,,,,,,,Gm6548,,,Ostf1,,,
,,Mll1,Spop,,Fermt2,,,,,,,,Ndufa4,,,,Rab3ip,,,,Wdr6,Rnd1,,,,,,,Gm6654,,,P2rx4,,,
,,Mll2,Spryd3,,Fez2,,,,,,,,Ndufb8,,,,Rbpms2,,,,Yap1,Rnf186,,,,,,,Gm6682,,,P2ry6,,,
,,Mll3,Srgap2,,Fgd5,,,,,,,,Neat1,,,,Renbp,,,,Ywhaq,Rpl18a,,,,,,,Gmip,,,Pak1,,,
,,Mllt4,Srp19,,Filip1l,,,,,,,,Nnt,,,,Rnf181,,,,Zfp467,Rpl34,,,,,,,Gna12,,,Parp14,,,
,,Mllt6,Srsf4,,Fkbp1a,,,,,,,,Nop58,,,,Romo1,,,,Zmiz1,Rps27,,,,,,,Gna13,,,Parvg,,,
,,Mlxip,Srsf5,,Fkbp9,,,,,,,,Npc2,,,,Sardh,,,,,Rps6,,,,,,,Gnaq,,,Pdlim4,,,
,,Mob1a,Ssb,,Fli1,,,,,,,,Nr1d1,,,,Scoc,,,,,Rrad,,,,,,,Gns,,,Pf4,,,
,,Mospd2,Ssrp1,,Flii,,,,,,,,Nucb1,,,,Scp2,,,,,Rsad2,,,,,,,Golph3,,,Pfkfb4,,,
,,Mprip,St3gal4,,Flt1,,,,,,,,Oat,,,,Scpep1,,,,,Rsrc2,,,,,,,Gpr108,,,Pid1,,,
,,Mtap1b,St6galnac4,,Fmnl3,,,,,,,,Oaz1,,,,Sdhc,,,,,Rtn4,,,,,,,Gpr132,,,Pilra,,,
,,Mtmr2,Strap,,Fosb,,,,,,,,Ociad1,,,,Selenbp1,,,,,S100a10,,,,,,,Gpr77,,,Pip4k2a,,,
,,Mycbp2,Stx4a,,Foxn3,,,,,,,,Ociad2,,,,Sephs2,,,,,S100a13,,,,,,,Gripap1,,,Pitpna,,,
,,Myef2,Sult1a1,,Foxo1,,,,,,,,Os9,,,,Sfxn1,,,,,S100a16,,,,,,,Gtf2b,,,Pla2g15,,,
,,Myh9,Sumo1,,Foxp1,,,,,,,,Oxgr1,,,,Sgk2,,,,,S100a6,,,,,,,H2-T24,,,Pla2g4a,,,
,,Mylk,Tbl1x,,Fscn1,,,,,,,,P2ry14,,,,Shmt2,,,,,S1pr1,,,,,,,Hax1,,,Plcg2,,,
,,Myo18a,Tbx3,,Fstl1,,,,,,,,Pbxip1,,,,Slc13a1,,,,,Sar1a,,,,,,,Hcst,,,Pld4,,,
,,Myo1e,Tcf15,,Fubp1,,,,,,,,Pcolce,,,,Slc13a3,,,,,Sat1,,,,,,,Herc6,,,Plekha2,,,
,,Mysm1,Tcf3,,Fus,,,,,,,,Pde1a,,,,Slc16a2,,,,,Sbno2,,,,,,,Herpud1,,,Plekhj1,,,
,,Nav1,Tcp11l2,,Fxyd5,,,,,,,,Pdia3,,,,Slc17a1,,,,,Scin,,,,,,,Hivep2,,,Plekho1,,,
,,Nbeal1,Tgfb1,,Fyn,,,,,,,,Pdia6,,,,Slc17a3,,,,,Scnn1g,,,,,,,Hnrnpf,,,Plekho2,,,
,,Nckap1,Tgfb1i1,,Fzd4,,,,,,,,Pdk3,,,,Slc22a1,,,,,Sdcbp,,,,,,,Hnrnph2,,,Pltp,,,
,,Ncoa7,Tln1,,G3bp1,,,,,,,,Pdxk,,,,Slc22a12,,,,,Sec11c,,,,,,,Hnrnpk,,,Plxdc2,,,
,,Ncstn,Tm6sf1,,Gabarapl2,,,,,,,,Pgrmc1,,,,Slc22a18,,,,,Selenof,,,,,,,Hnrnpm,,,Pmaip1,,,
,,Necap2,Tmed9,,Gas5,,,,,,,,Phb2,,,,Slc22a6,,,,,Serpinb1a,,,,,,,Hnrpdl,,,Pou2f2,,,
,,Nek7,Tmem165,,Gas6,,,,,,,,Pim3,,,,Slc22a8,,,,,Sertad1,,,,,,,Hpcal1,,,Ppfia4,,,
,,Nemf,Tmem55b,,Gata2,,,,,,,,Pkm,,,,Slc25a10,,,,,Sf3b1,,,,,,,Hprt,,,Ppp1r10,,,
,,Nenf,Tmem63a,,Gbp2,,,,,,,,Plekhf2,,,,Slc25a39,,,,,Sfn,,,,,,,Hps3,,,Ppp1r18,,,
,,Nfe2l1,Tnfsf12,,Gbp7,,,,,,,,Plet1,,,,Slc27a2,,,,,Sgk1,,,,,,,Hsd17b12,,,Ppp4c,,,
,,Nfia,Traf7,,Gch1,,,,,,,,Plin2,,,,Slc2a2,,,,,Sh3bp4,,,,,,,Hsp90b1,,,Prcp,,,
,,Nfic,Trafd1,,Gdi1,,,,,,,,Plscr2,,,,Slc31a1,,,,,Sh3bp5,,,,,,,Icam1,,,Prkcb,,,
,,Nfkbiz,Trappc3,,Gemin7,,,,,,,,Pmaip1,,,,Slc34a1,,,,,Shisa5,,,,,,,Ier2,,,Prr13,,,
,,Nisch,Trip10,,Gimap1,,,,,,,,Pno1,,,,Slc37a4,,,,,Slc14a1,,,,,,,Ier3ip1,,,Psmb10,,,
,,Nop58,Trp53,,Gimap4,,,,,,,,Polr2i,,,,Slc3a1,,,,,Slc25a25,,,,,,,Ifi203,,,Psmb9,,,
,,Npc2,Tsen34,,Gimap5,,,,,,,,Ppib,,,,Slc47a1,,,,,Slc31a1,,,,,,,Ifi35,,,Psme2,,,
,,Nr2f2,Tssc4,,Gimap6,,,,,,,,Ppic,,,,Slc4a4,,,,,Slc38a2,,,,,,,Ifih1,,,Ptp4a2,,,
,,Nrp2,Ttc28,,Gimap8,,,,,,,,Ppt1,,,,Slc5a12,,,,,Slc3a2,,,,,,,Ifit3,,,Ptplad2,,,
,,Nsd1,Twf2,,Gimap9,,,,,,,,Prdx6,,,,Slc5a2,,,,,Slc48a1,,,,,,,Ifnar1,,,Ptpn6,,,
,,Nuak1,Txlna,,Gja1,,,,,,,,Prss23,,,,Slc6a19,,,,,Slc50a1,,,,,,,Ik,,,Ptprc,,,
,,Nudt3,Txn1,,Gltscr2,,,,,,,,Psenen,,,,Slc7a7,,,,,Slc9a3r2,,,,,,,Ikbkb,,,Ptpre,,,
,,Nufip2,U2af1,,Gm12216,,,,,,,,Psmb1,,,,Slc7a8,,,,,Snu13,,,,,,,Ikzf1,,,Ptpro,,,
,,Numa1,Uba2,,Gm1821,,,,,,,,Psmb5,,,,Slc7a9,,,,,Son,,,,,,,Il15,,,Pycard,,,
,,Numb,Ube2d2,,Gna11,,,,,,,,Psmb6,,,,Smpdl3a,,,,,Sowahc,,,,,,,Il4ra,,,Pydc3,,,
,,Nup88,Ube2d3,,Gnai2,,,,,,,,Psmd12,,,,Snx6,,,,,Sox17,,,,,,,Imp4,,,Pyhin1,,,
,,Nxn,Ube2g2,,Gnb1,,,,,,,,Ptges3,,,,Sod1,,,,,Sparc,,,,,,,Impact,,,Rab3il1,,,
,,Ociad1,Ube2j2,,Gng11,,,,,,,,RP23-269H21.1,,,,Sod2,,,,,Sparcl1,,,,,,,Inpp4a,,,Rab43,,,
,,P4ha1,Uchl1,,Gngt2,,,,,,,,Rab14,,,,Sod3,,,,,Sprr1a,,,,,,,Inpp5k,,,Rab8b,,,
,,Paf1,Utp11l,,Golga7,,,,,,,,Rab5c,,,,Sord,,,,,Sprr2f,,,,,,,Ip6k1,,,Ramp1,,,
,,Paip2,Vat1,,Gpihbp1,,,,,,,,Rabac1,,,,Spp2,,,,,Sprr2g,,,,,,,Iqgap2,,,Rasgef1b,,,
,,Pak2,Vbp1,,Gpr116,,,,,,,,Rabep2,,,,Spr,,,,,Sptlc2,,,,,,,Irak2,,,Rassf4,,,
,,Pam,Vps72,,Gpr146,,,,,,,,Rala,,,,St13,,,,,Sqstm1,,,,,,,Irak4,,,Rassf5,,,
,,Pan3,Wdr1,,Grap,,,,,,,,Rarres2,,,,Suclg1,,,,,Srgn,,,,,,,Irf2bp2,,,Rbpj,,,
,,Pbrm1,Wscd1,,Grasp,,,,,,,,Rbm39,,,,Suclg2,,,,,Srrm2,,,,,,,Isy1,,,Rcsd1,,,
,,Pcbp1,Yaf2,,Grn,,,,,,,,Rcan2,,,,Sult1d1,,,,,Srsf11,,,,,,,Itch,,,Rnase4,,,
,,Pcbp2,Yrdc,,Grrp1,,,,,,,,Rdh16f2,,,,Tcea3,,,,,Srsf7,,,,,,,Itga4,,,Rnase6,,,
,,Pcf11,Ywhae,,Gsk3b,,,,,,,,Reep5,,,,Tcn2,,,,,Stx7,,,,,,,Itga9,,,Rnaset2b,,,
,,Pcif1,Yy1,,H1f0,,,,,,,,Rer1,,,,Thnsl2,,,,,Sumo1,,,,,,,Itgam,,,Rnf130,,,
,,Pcmt1,Znrd1,,H2-D1,,,,,,,,Rfk,,,,Timm13,,,,,Sypl,,,,,,,Itgb1,,,Rnf19b,,,
,,Pcnp,Znrf1,,H2-K1,,,,,,,,Rgs2,,,,Tmbim4,,,,,Tagln2,,,,,,,Itpripl1,,,Rnpep,,,
,,Pde4d,Zrsr2,,H2-Q4,,,,,,,,Rhbg,,,,Tmem106a,,,,,Tceal9,,,,,,,Jak1,,,Rp2h,,,
,,Pdgfd,,,H2-T23,,,,,,,,Rhcg,,,,Tmem174,,,,,Tcf4,,,,,,,Jdp2,,,Rpl11,,,
,,Pdlim5,,,H3f3a,,,,,,,,Rhob,,,,Tmem176a,,,,,Tgif1,,,,,,,Jhdm1d,,,Rpl13a,,,
,,Pdzd8,,,Hbegf,,,,,,,,Rida,,,,Tmem176b,,,,,Tgm2,,,,,,,Jmjd1c,,,Rpl14,,,
,,Pear1,,,Hdac1,,,,,,,,Rn7sk,,,,Tmem205,,,,,Tgoln1,,,,,,,Kbtbd2,,,Rpl21,,,
,,Pgrmc2,,,Hdac7,,,,,,,,Rnf128,,,,Tmem27,,,,,Thbd,,,,,,,Kdm2b,,,Rpl22,,,
,,Pias1,,,Hexa,,,,,,,,Rpl10,,,,Tmem37,,,,,Timp3,,,,,,,Kdm6b,,,Rpl3,,,
,,Pigp,,,Hexim1,,,,,,,,Rpl35a,,,,Tnfaip8,,,,,Tinagl1,,,,,,,Keap1,,,Rpl34-ps1,,,
,,Pik3c2b,,,Hip1,,,,,,,,Rpn1,,,,Tomm20,,,,,Tm4sf1,,,,,,,Klf13,,,Rpl36,,,
,,Pik3ca,,,Hipk2,,,,,,,,Rps2,,,,Tpp1,,,,,Tmed10,,,,,,,Klhl18,,,Rpl37,,,
,,Pip4k2a,,,Hmg20b,,,,,,,,Rsrc2,,,,Tst,,,,,Tmem11,,,,,,,Klraq1,,,Rpl37a,,,
,,Plod1,,,Hmgb1,,,,,,,,Rsrp1,,,,Ttc36,,,,,Tmem204,,,,,,,Kpnb1,,,Rpl8,,,
,,Plod3,,,Hnrnpa3,,,,,,,,Rtn3,,,,Txn1,,,,,Tmem252,,,,,,,Kras,,,Rplp0,,,
,,Pnpla2,,,Hnrnpf,,,,,,,,S100a1,,,,Txndc17,,,,,Tmem45b,,,,,,,Krr1,,,Rplp1,,,
,,Pnrc2,,,Hnrnpk,,,,,,,,S100a11,,,,Ugp2,,,,,Tmem50a,,,,,,,Krtcap2,,,Rps10,,,
,,Poldip3,,,Hnrnpm,,,,,,,,Sat1,,,,Ugt3a2,,,,,Tmem52b,,,,,,,Larp1,,,Rps20,,,
,,Polg2,,,Hnrnpu,,,,,,,,Scd1,,,,Vdac1,,,,,Tmsb10,,,,,,,Larp4b,,,Rps21,,,
,,Polr2a,,,Hpcal1,,,,,,,,Scg5,,,,Vps29,,,,,Tmsb4x,,,,,,,Lass5,,,Rps3a,,,
,,Ppp1r13b,,,Hsp90ab1,,,,,,,,Scnn1a,,,,Xylb,,,,,Tnfrsf12a,,,,,,,Lats2,,,Rps6ka1,,,
,,Ppp2r1a,,,Hspa1a,,,,,,,,Scnn1b,,,,Zfp706,,,,,Tor1aip2,,,,,,,Lbh,,,Rrbp1,,,
,,Ppp2r5a,,,Hspg2,,,,,,,,Sdhb,,,,,,,,,Tpd52l1,,,,,,,Lbr,,,Rtn1,,,
,,Ppp2r5c,,,Hyal2,,,,,,,,Sdr39u1,,,,,,,,,Tpi1,,,,,,,Leng8,,,Rtp4,,,
,,Pqbp1,,,I830012O16Rik,,,,,,,,Sec62,,,,,,,,,Tpm1,,,,,,,Leprot,,,Runx1,,,
,,Prex1,,,Icam1,,,,,,,,Selenop,,,,,,,,,Tpm4,,,,,,,Leprotl1,,,Runx3,,,
,,Prkx,,,Icam2,,,,,,,,Selenos,,,,,,,,,Tpt1,,,,,,,Limd1,,,Samhd1,,,
,,Prpf39,,,Ier3,,,,,,,,Serinc2,,,,,,,,,Tra2b,,,,,,,Llph,,,Scamp2,,,
,,Prpf4b,,,Ier5,,,,,,,,Serinc3,,,,,,,,,Trpv5,,,,,,,Lman2,,,Scarb2,,,
,,Prpsap1,,,Ifi203,,,,,,,,Serpina1d,,,,,,,,,Tspan4,,,,,,,Lnpep,,,Sdc3,,,
,,Prr14,,,Ifi27l1,,,,,,,,Serpina1f,,,,,,,,,Tuba4a,,,,,,,Lpcat1,,,Sdf2l1,,,
,,Prrc2b,,,Ifi35,,,,,,,,Serpinb1a,,,,,,,,,Tubb4b,,,,,,,Lpin2,,,Selplg,,,
,,Psip1,,,Ifi44,,,,,,,,Serpinb6b,,,,,,,,,Txnrd1,,,,,,,Lrp1,,,Sema4a,,,
,,Psmd1,,,Ifit1,,,,,,,,Serpinb9,,,,,,,,,Ubb,,,,,,,Lrrc3,,,Sepp1,,,
,,Psmd4,,,Ifitm2,,,,,,,,Serpinh1,,,,,,,,,Ube2d3,,,,,,,Lrrc59,,,Serpinf1,,,
,,Ptbp1,,,Ifitm3,,,,,,,,Sgk1,,,,,,,,,Ubxn4,,,,,,,Lsm3,,,Sfpi1,,,
,,Ptges3,,,Ifnar1,,,,,,,,Sh3bgrl3,,,,,,,,,Vasp,,,,,,,Luc7l3,,,Sft2d1,,,
,,Ptpn1,,,Ifnar2,,,,,,,,Shisa5,,,,,,,,,Vcam1,,,,,,,Lxn,,,Sgk3,,,
,,Pum1,,,Ifngr1,,,,,,,,Slc13a2,,,,,,,,,Vim,,,,,,,Lypla2,,,Sh3bgrl,,,
,,Purb,,,Ifngr2,,,,,,,,Slc15a2,,,,,,,,,Vmp1,,,,,,,Maea,,,Sh3glb1,,,
,,Qrich1,,,Ifrd1,,,,,,,,Slc22a13,,,,,,,,,Wasl,,,,,,,Maf,,,Sh3kbp1,,,
,,Qsox1,,,Igfbp3,,,,,,,,Slc22a19,,,,,,,,,Wnt9b,,,,,,,Mafg,,,Siglece,,,
,,Rab12,,,Igfbp5,,,,,,,,Slc22a7,,,,,,,,,Ywhab,,,,,,,Mafk,,,Sipa1,,,
,,Rab31,,,Igtp,,,,,,,,Slc25a11,,,,,,,,,Ywhaz,,,,,,,Man1c1,,,Sirpa,,,
,,Rab5a,,,Iigp1,,,,,,,,Slc25a4,,,,,,,,,Zfand5,,,,,,,Man2b2,,,Sirpb1a,,,
,,Rab5b,,,Il10rb,,,,,,,,Slc26a4,,,,,,,,,Zfp36,,,,,,,Map3k11,,,Skap2,,,
,,Rab7,,,Ilk,,,,,,,,Slc4a1,,,,,,,,,Zfp36l1,,,,,,,Map3k3,,,Skil,,,
,,Rai14,,,Impdh1,,,,,,,,Slc51b,,,,,,,,,,,,,,,,Mapk1ip1l,,,Sla,,,
,,Ralgapa1,,,Inpp5a,,,,,,,,Slc7a12,,,,,,,,,,,,,,,,Mapkapk2,,,Slamf7,,,
,,Rapgef1,,,Inpp5k,,,,,,,,Smim1,,,,,,,,,,,,,,,,Mapkapk3,,,Slamf8,,,
,,Rasa1,,,Iqgap1,,,,,,,,Smim22,,,,,,,,,,,,,,,,Mast3,,,Slc11a1,,,
,,Rasal2,,,Irf1,,,,,,,,Smim24,,,,,,,,,,,,,,,,Mat2a,,,Slc15a3,,,
,,Rbm26,,,Irf2,,,,,,,,Smim5,,,,,,,,,,,,,,,,Mboat7,,,Slc15a4,,,
,,Rbm5,,,Irf7,,,,,,,,Smim6,,,,,,,,,,,,,,,,Mbp,,,Slc29a3,,,
,,Rc3h1,,,Irf9,,,,,,,,Snhg1,,,,,,,,,,,,,,,,Mdm4,,,Slc35c2,,,
,,Rcn1,,,Irgm1,,,,,,,,Snhg18,,,,,,,,,,,,,,,,Mdp1,,,Slco2b1,,,
,,Reep3,,,Irx3,,,,,,,,Snrpb2,,,,,,,,,,,,,,,,Med11,,,Smpdl3b,,,
,,Rin2,,,Isg15,,,,,,,,Snrpd3,,,,,,,,,,,,,,,,Med15,,,Snrpb2,,,
,,Rlim,,,Itgb1,,,,,,,,Socs2,,,,,,,,,,,,,,,,Mfsd11,,,Snrpg,,,
,,Rnf130,,,Itprip,,,,,,,,Spag7,,,,,,,,,,,,,,,,Mfsd5,,,Snx10,,,
,,Rnf167,,,Itsn2,,,,,,,,Spink1,,,,,,,,,,,,,,,,Mga,,,Snx20,,,
,,Rnf44,,,Jak1,,,,,,,,Spink8,,,,,,,,,,,,,,,,Mgat1,,,Sp110,,,
,,Rock1,,,Jam2,,,,,,,,Spint2,,,,,,,,,,,,,,,,Mgat4a,,,Sp140,,,
,,Rpl37,,,Jam3,,,,,,,,Spp1,,,,,,,,,,,,,,,,Mia3,,,Spn,,,
,,Rpl41,,,Jmjd6,,,,,,,,Sqstm1,,,,,,,,,,,,,,,,Mid1,,,Ssh2,,,
,,Rpl7,,,Jun,,,,,,,,Sri,,,,,,,,,,,,,,,,Mir24-2,,,St3gal6,,,
,,Rps21,,,Jund,,,,,,,,Srsf11,,,,,,,,,,,,,,,,Mir682,,,Stab1,,,
,,Rusc2,,,Jup,,,,,,,,Srsf2,,,,,,,,,,,,,,,,Mitf,,,Stard3,,,
,,Sarnp,,,Kank3,,,,,,,,Srsf3,,,,,,,,,,,,,,,,Mkl1,,,Stard3nl,,,
,,Sat1,,,Kctd10,,,,,,,,Srsf5,,,,,,,,,,,,,,,,Mkrn1,,,Stat1,,,
,,Sbno2,,,Kctd12,,,,,,,,Srsf7,,,,,,,,,,,,,,,,Mlxip,,,Susd3,,,
,,Scamp4,,,Kctd12b,,,,,,,,Ssr3,,,,,,,,,,,,,,,,Mob1a,,,Syk,,,
,,Scarb2,,,Kdelr1,,,,,,,,Sugct,,,,,,,,,,,,,,,,Mob3a,,,Syngr2,,,
,,Scyl1,,,Kdr,,,,,,,,Swi5,,,,,,,,,,,,,,,,Mob3c,,,Synj1,,,
,,Sdc3,,,Kitl,,,,,,,,Sypl,,,,,,,,,,,,,,,,Mogs,,,Tagap,,,
,,Sdf2,,,Klc1,,,,,,,,Taf1d,,,,,,,,,,,,,,,,Mpdu1,,,Taok3,,,
,,Sec11a,,,Klf10,,,,,,,,Tango2,,,,,,,,,,,,,,,,Mrpl23,,,Tap1,,,
,,Sec13,,,Klf13,,,,,,,,Tceal8,,,,,,,,,,,,,,,,Mrpl3,,,Tap2,,,
,,Sec61a1,,,Klf2,,,,,,,,Tdrp,,,,,,,,,,,,,,,,Mrpl52,,,Tapbp,,,
,,Sec63,,,Klf3,,,,,,,,Tfcp2l1,,,,,,,,,,,,,,,,Msr1,,,Tbpl1,,,
,,Secisbp2l,,,Klf4,,,,,,,,Them7,,,,,,,,,,,,,,,,Mta2,,,Tbxas1,,,
,,Sept10,,,Klf7,,,,,,,,Tkfc,,,,,,,,,,,,,,,,Mta3,,,Tcirg1,,,
,,Serping1,,,Klf9,,,,,,,,Tmco1,,,,,,,,,,,,,,,,Mtap4,,,Tctex1d2,,,
,,Set,,,Klhl5,,,,,,,,Tmed6,,,,,,,,,,,,,,,,Mtap7d1,,,Tep1,,,
,,Setd5,,,Ktn1,,,,,,,,Tmem116,,,,,,,,,,,,,,,,Mtdh,,,Tgfbr1,,,
,,Sfpq,,,LOC545261,,,,,,,,Tmem117,,,,,,,,,,,,,,,,Mthfs,,,Tgfbr2,,,
,,Sgpp1,,,Lamb2,,,,,,,,Tmem126a,,,,,,,,,,,,,,,,Mtpn,,,Tgif1,,,
,,Sh3rf1,,,Lamc1,,,,,,,,Tmem213,,,,,,,,,,,,,,,,Mybbp1a,,,Tgs1,,,
,,Shank3,,,Laptm4a,,,,,,,,Tmem242,,,,,,,,,,,,,,,,Myc,,,Tifa,,,
,,Shoc2,,,Lass5,,,,,,,,Tmem252,,,,,,,,,,,,,,,,Myd88,,,Tifab,,,
,,Slc39a1,,,Lats2,,,,,,,,Tmem256,,,,,,,,,,,,,,,,Myl12b,,,Timp2,,,
,,Slco3a1,,,Lbr,,,,,,,,Tmem30a,,,,,,,,,,,,,,,,Mylip,,,Tln1,,,
,,Slmap,,,Ldb2,,,,,,,,Tmem50b,,,,,,,,,,,,,,,,Myo1c,,,Tlr2,,,
,,Slu7,,,Leprot,,,,,,,,Tmem52,,,,,,,,,,,,,,,,Myo1g,,,Tm6sf1,,,
,,Smarca5,,,Lgals3bp,,,,,,,,Tmem59,,,,,,,,,,,,,,,,Myo5a,,,Tmcc3,,,
,,Smarcc2,,,Lgals9,,,,,,,,Tmem61,,,,,,,,,,,,,,,,Myof,,,Tmed9,,,
,,Smek2,,,Lifr,,,,,,,,Tmem9,,,,,,,,,,,,,,,,N4bp2l2,,,Tmem119,,,
,,Smg1,,,Lima1,,,,,,,,Tra2b,,,,,,,,,,,,,,,,Naa15,,,Tmem173,,,
,,Smg7,,,Limch1,,,,,,,,Trak1,,,,,,,,,,,,,,,,Naa50,,,Tmem176a,,,
,,Smurf2,,,Lims1,,,,,,,,Tsc22d1,,,,,,,,,,,,,,,,Nadk,,,Tmem179b,,,
,,Socs1,,,Lims2,,,,,,,,Tspan1,,,,,,,,,,,,,,,,Naga,,,Tmem219,,,
,,Socs5,,,Lmcd1,,,,,,,,Tspan13,,,,,,,,,,,,,,,,Ncln,,,Tmem50a,,,
,,Sorbs1,,,Lmna,,,,,,,,Tspo,,,,,,,,,,,,,,,,Ncoa2,,,Tmem55b,,,
,,Sp3,,,Lmo2,,,,,,,,Tuba1b,,,,,,,,,,,,,,,,Ncstn,,,Tnf,,,
,,Spcs3,,,Lpar6,,,,,,,,Txn2,,,,,,,,,,,,,,,,Nek9,,,Tnfaip8l2,,,
,,Spin1,,,Lphn2,,,,,,,,Txnip,,,,,,,,,,,,,,,,Nes,,,Tnfrsf1b,,,
,,Spna2,,,Lrrc32,,,,,,,,Ubb,,,,,,,,,,,,,,,,Nfatc1,,,Tnfsf13b,,,
,,Sppl3,,,Lrrc58,,,,,,,,Ubc,,,,,,,,,,,,,,,,Nfkb1,,,Tor3a,,,
,,Spry2,,,Lrrc8a,,,,,,,,Ube2b,,,,,,,,,,,,,,,,Nfkbib,,,Tpst1,,,
,,Spry4,,,Lrrc8c,,,,,,,,Ube2e1,,,,,,,,,,,,,,,,Nlrp1b,,,Trafd1,,,
,,Sptlc2,,,Lrrfip1,,,,,,,,Ube2r2,,,,,,,,,,,,,,,,Nlrp3,,,Trex1,,,
,,Sqstm1,,,Ltbp1,,,,,,,,Ucp2,,,,,,,,,,,,,,,,Nmi,,,Trim30a,,,
,,Srsf1,,,Ltbp4,,,,,,,,Ugdh,,,,,,,,,,,,,,,,Nono,,,Trp53,,,
,,Srsf10,,,Luzp1,,,,,,,,Uqcr11,,,,,,,,,,,,,,,,Nop16,,,Trps1,,,
,,Ssr1,,,Ly6a,,,,,,,,Uqcrb,,,,,,,,,,,,,,,,Nop58,,,Tsc22d3,,,
,,Stab1,,,Ly6c1,,,,,,,,Uqcrfs1,,,,,,,,,,,,,,,,Notch2,,,Tubb5,,,
,,Stag2,,,Ly6e,,,,,,,,Vamp8,,,,,,,,,,,,,,,,Npm3,,,Twf2,,,
,,Stard8,,,Lyn,,,,,,,,Wls,,,,,,,,,,,,,,,,Nptn,,,Vav1,,,
,,Stat2,,,Lzts2,,,,,,,,Wsb1,,,,,,,,,,,,,,,,Nr3c1,,,Vcam1,,,
,,Stat3,,,Macf1,,,,,,,,Zfand5,,,,,,,,,,,,,,,,Nr4a1,,,Was,,,
,,Stau1,,,Magoh,,,,,,,,Zfp207,,,,,,,,,,,,,,,,Nras,,,Wipf1,,,
,,Strn3,,,Map1lc3b,,,,,,,,Zfp36l1,,,,,,,,,,,,,,,,Nrd1,,,Ywhah,,,
,,Stt3a,,,Map2k3,,,,,,,,Zyx,,,,,,,,,,,,,,,,Nuak2,,,Zbp1,,,
,,Stx2,,,Map3k11,,,,,,,,mt-Nd3,,,,,,,,,,,,,,,,Oas2,,,Zeb2,,,
,,Stx5a,,,Mapk12,,,,,,,,mt-Nd5,,,,,,,,,,,,,,,,Ociad1,,,Zfhx3,,,
,,Sun2,,,Mapk3,,,,,,,,mt-Rnr1,,,,,,,,,,,,,,,,Ogfr,,,Zfp36l2,,,
,,Tacc1,,,Mapre1,,,,,,,,mt-Rnr2,,,,,,,,,,,,,,,,Ogt,,,Zmynd15,,,
,,Taok1,,,March2,,,,,,,,mt-Tm,,,,,,,,,,,,,,,,Ophn1,,,,,,
,,Tbc1d1,,,Marcks,,,,,,,,mt-Tp,,,,,,,,,,,,,,,,Ostc,,,,,,
,,Tcf25,,,Marcksl1,,,,,,,,,,,,,,,,,,,,,,,,Otud5,,,,,,
,,Tcf7l1,,,Mat2a,,,,,,,,,,,,,,,,,,,,,,,,P2rx7,,,,,,
,,Tcf7l2,,,Mbnl2,,,,,,,,,,,,,,,,,,,,,,,,P2ry12,,,,,,
,,Tecpr1,,,Mcam,,,,,,,,,,,,,,,,,,,,,,,,Pag1,,,,,,
,,Tgfbr3,,,Mcl1,,,,,,,,,,,,,,,,,,,,,,,,Pan3,,,,,,
,,Tgoln1,,,Mdfic,,,,,,,,,,,,,,,,,,,,,,,,Papd4,,,,,,
,,Tgtp1,,,Mef2a,,,,,,,,,,,,,,,,,,,,,,,,Parp1,,,,,,
,,Tgtp2,,,Mef2c,,,,,,,,,,,,,,,,,,,,,,,,Parp12,,,,,,
,,Thrap3,,,Meis2,,,,,,,,,,,,,,,,,,,,,,,,Pcbp1,,,,,,
,,Tm9sf2,,,Meox1,,,,,,,,,,,,,,,,,,,,,,,,Pcf11,,,,,,
,,Tm9sf3,,,Mesdc1,,,,,,,,,,,,,,,,,,,,,,,,Pcif1,,,,,,
,,Tmem123,,,Mesdc2,,,,,,,,,,,,,,,,,,,,,,,,Pcna,,,,,,
,,Tmem126a,,,Mfap1a,,,,,,,,,,,,,,,,,,,,,,,,Pdcd6ip,,,,,,
,,Tmem127,,,Mfge8,,,,,,,,,,,,,,,,,,,,,,,,Pde3b,,,,,,
,,Tmem128,,,Mfng,,,,,,,,,,,,,,,,,,,,,,,,Pdgfb,,,,,,
,,Tmem30a,,,Mgat1,,,,,,,,,,,,,,,,,,,,,,,,Pdia3,,,,,,
,,Tmem9b,,,Mgll,,,,,,,,,,,,,,,,,,,,,,,,Pdia4,,,,,,
,,Tmx1,,,Mkl2,,,,,,,,,,,,,,,,,,,,,,,,Pdia6,,,,,,
,,Tnfrsf10b,,,Mll5,,,,,,,,,,,,,,,,,,,,,,,,Peli1,,,,,,
,,Tnrc6c,,,Mmrn2,,,,,,,,,,,,,,,,,,,,,,,,Per1,,,,,,
,,Tob1,,,Mndal,,,,,,,,,,,,,,,,,,,,,,,,Pes1,,,,,,
,,Tomm34,,,Morf4l1,,,,,,,,,,,,,,,,,,,,,,,,Pex13,,,,,,
,,Top1,,,Morf4l2,,,,,,,,,,,,,,,,,,,,,,,,Pgam5,,,,,,
,,Top2b,,,Mpzl1,,,,,,,,,,,,,,,,,,,,,,,,Phc2,,,,,,
,,Tor1aip1,,,Msn,,,,,,,,,,,,,,,,,,,,,,,,Phc3,,,,,,
,,Tor1aip2,,,Mtap4,,,,,,,,,,,,,,,,,,,,,,,,Phf15,,,,,,
,,Tpp2,,,Mtap7d1,,,,,,,,,,,,,,,,,,,,,,,,Phf3,,,,,,
,,Tpr,,,Mtch1,,,,,,,,,,,,,,,,,,,,,,,,Phip,,,,,,
,,Tra2a,,,Mtdh,,,,,,,,,,,,,,,,,,,,,,,,Pias1,,,,,,
,,Trex1,,,Mtss1,,,,,,,,,,,,,,,,,,,,,,,,Picalm,,,,,,
,,Trim25,,,Mtus1,,,,,,,,,,,,,,,,,,,,,,,,Pigs,,,,,,
,,Trim8,,,Mum1,,,,,,,,,,,,,,,,,,,,,,,,Pik3ap1,,,,,,
,,Tsc22d2,,,Mxd4,,,,,,,,,,,,,,,,,,,,,,,,Pik3cd,,,,,,
,,Ttc3,,,Mxra7,,,,,,,,,,,,,,,,,,,,,,,,Pik3cg,,,,,,
,,Tug1,,,Mxra8,,,,,,,,,,,,,,,,,,,,,,,,Pik3r1,,,,,,
,,Tusc3,,,Myadm,,,,,,,,,,,,,,,,,,,,,,,,Pilrb2,,,,,,
,,U2af2,,,Myct1,,,,,,,,,,,,,,,,,,,,,,,,Pion,,,,,,
,,Uba7,,,Myl12b,,,,,,,,,,,,,,,,,,,,,,,,Pira6,,,,,,
,,Ube2e3,,,Mylip,,,,,,,,,,,,,,,,,,,,,,,,Pisd,,,,,,
,,Ube2h,,,Myo1c,,,,,,,,,,,,,,,,,,,,,,,,Pisd-ps3,,,,,,
,,Ube3a,,,Naa20,,,,,,,,,,,,,,,,,,,,,,,,Pkig,,,,,,
,,Ubn2,,,Nap1l4,,,,,,,,,,,,,,,,,,,,,,,,Pkn1,,,,,,
,,Ubr2,,,Napa,,,,,,,,,,,,,,,,,,,,,,,,Plagl2,,,,,,
,,Unc119b,,,Nck1,,,,,,,,,,,,,,,,,,,,,,,,Plod3,,,,,,
,,Unc5b,,,Ncoa3,,,,,,,,,,,,,,,,,,,,,,,,Pnpla7,,,,,,
,,Usp25,,,Ndel1,,,,,,,,,,,,,,,,,,,,,,,,Pofut2,,,,,,
,,Vamp2,,,Nedd4,,,,,,,,,,,,,,,,,,,,,,,,Poldip3,,,,,,
,,Vapb,,,Nedd9,,,,,,,,,,,,,,,,,,,,,,,,Pole4,,,,,,
,,Vcl,,,Nes,,,,,,,,,,,,,,,,,,,,,,,,Polr2a,,,,,,
,,Vezf1,,,Nfat5,,,,,,,,,,,,,,,,,,,,,,,,Polr2e,,,,,,
,,Vprbp,,,Nfe2l2,,,,,,,,,,,,,,,,,,,,,,,,Pon3,,,,,,
,,Vps4b,,,Nfib,,,,,,,,,,,,,,,,,,,,,,,,Ppil4,,,,,,
,,Wac,,,Nfkbia,,,,,,,,,,,,,,,,,,,,,,,,Ppm1g,,,,,,
,,Wasl,,,Nhp2l1,,,,,,,,,,,,,,,,,,,,,,,,Ppp1r12c,,,,,,
,,Wdfy3,,,Nid1,,,,,,,,,,,,,,,,,,,,,,,,Ppp1r9b,,,,,,
,,Whsc1l1,,,Nmi,,,,,,,,,,,,,,,,,,,,,,,,Ppp2r2a,,,,,,
,,Wsb1,,,Nos3,,,,,,,,,,,,,,,,,,,,,,,,Ppp2r3c,,,,,,
,,Wtap,,,Nosip,,,,,,,,,,,,,,,,,,,,,,,,Ppp2r4,,,,,,
,,Xdh,,,Notch1,,,,,,,,,,,,,,,,,,,,,,,,Ppp2r5d,,,,,,
,,Yme1l1,,,Notch4,,,,,,,,,,,,,,,,,,,,,,,,Ppp3ca,,,,,,
,,Ypel5,,,Npdc1,,,,,,,,,,,,,,,,,,,,,,,,Pppde2,,,,,,
,,Ythdc1,,,Npr1,,,,,,,,,,,,,,,,,,,,,,,,Prex1,,,,,,
,,Ythdf2,,,Npr3,,,,,,,,,,,,,,,,,,,,,,,,Prkx,,,,,,
,,Ywhaz,,,Nr3c1,,,,,,,,,,,,,,,,,,,,,,,,Prpf19,,,,,,
,,Zbtb11,,,Nr4a1,,,,,,,,,,,,,,,,,,,,,,,,Prpf31,,,,,,
,,Zc3h11a,,,Nras,,,,,,,,,,,,,,,,,,,,,,,,Prpf40a,,,,,,
,,Zcchc14,,,Nrbp1,,,,,,,,,,,,,,,,,,,,,,,,Prpf6,,,,,,
,,Zfp148,,,Nrp1,,,,,,,,,,,,,,,,,,,,,,,,Prpsap2,,,,,,
,,Zfp187,,,Nucb1,,,,,,,,,,,,,,,,,,,,,,,,Psen2,,,,,,
,,Zfp36l1,,,Nudcd3,,,,,,,,,,,,,,,,,,,,,,,,Psenen,,,,,,
,,Zfp871,,,Oasl2,,,,,,,,,,,,,,,,,,,,,,,,Psma6,,,,,,
,,Zfr,,,Oaz2,,,,,,,,,,,,,,,,,,,,,,,,Pstpip1,,,,,,
,,Zmiz1,,,Oxr1,,,,,,,,,,,,,,,,,,,,,,,,Ptchd1,,,,,,
,,Zmym5,,,Pak1ip1,,,,,,,,,,,,,,,,,,,,,,,,Ptger4,,,,,,
,,Zmynd11,,,Palm,,,,,,,,,,,,,,,,,,,,,,,,Ptk2b,,,,,,
,,Znfx1,,,Parp12,,,,,,,,,,,,,,,,,,,,,,,,Ptpn2,,,,,,
,,,,,Parp14,,,,,,,,,,,,,,,,,,,,,,,,Ptpra,,,,,,
,,,,,Parp9,,,,,,,,,,,,,,,,,,,,,,,,Ptprj,,,,,,
,,,,,Pbx1,,,,,,,,,,,,,,,,,,,,,,,,Pydc4,,,,,,
,,,,,Pcdh17,,,,,,,,,,,,,,,,,,,,,,,,Pygb,,,,,,
,,,,,Pcna,,,,,,,,,,,,,,,,,,,,,,,,Rab14,,,,,,
,,,,,Pdcl3,,,,,,,,,,,,,,,,,,,,,,,,Rab24,,,,,,
,,,,,Pde2a,,,,,,,,,,,,,,,,,,,,,,,,Rab31,,,,,,
,,,,,Pdia3,,,,,,,,,,,,,,,,,,,,,,,,Rab35,,,,,,
,,,,,Pdia5,,,,,,,,,,,,,,,,,,,,,,,,Rab7l1,,,,,,
,,,,,Pdia6,,,,,,,,,,,,,,,,,,,,,,,,Rabep1,,,,,,
,,,,,Pdlim7,,,,,,,,,,,,,,,,,,,,,,,,Rabggta,,,,,,
,,,,,Pea15a,,,,,,,,,,,,,,,,,,,,,,,,Rad23a,,,,,,
,,,,,Pecam1,,,,,,,,,,,,,,,,,,,,,,,,Rala,,,,,,
,,,,,Peg13,,,,,,,,,,,,,,,,,,,,,,,,Ranbp1,,,,,,
,,,,,Phactr2,,,,,,,,,,,,,,,,,,,,,,,,Ranbp2,,,,,,
,,,,,Phc2,,,,,,,,,,,,,,,,,,,,,,,,Rap1gds1,,,,,,
,,,,,Phf20l1,,,,,,,,,,,,,,,,,,,,,,,,Rap2a,,,,,,
,,,,,Phlda1,,,,,,,,,,,,,,,,,,,,,,,,Rap2b,,,,,,
,,,,,Pi16,,,,,,,,,,,,,,,,,,,,,,,,Rapgef6,,,,,,
,,,,,Pitpna,,,,,,,,,,,,,,,,,,,,,,,,Rasa4,,,,,,
,,,,,Pitpnc1,,,,,,,,,,,,,,,,,,,,,,,,Rasgrp4,,,,,,
,,,,,Plat,,,,,,,,,,,,,,,,,,,,,,,,Rassf1,,,,,,
,,,,,Plaur,,,,,,,,,,,,,,,,,,,,,,,,Rassf2,,,,,,
,,,,,Plec,,,,,,,,,,,,,,,,,,,,,,,,Rassf3,,,,,,
,,,,,Plekho1,,,,,,,,,,,,,,,,,,,,,,,,Rbbp8,,,,,,
,,,,,Pls3,,,,,,,,,,,,,,,,,,,,,,,,Rbfa,,,,,,
,,,,,Plscr1,,,,,,,,,,,,,,,,,,,,,,,,Rbm25,,,,,,
,,,,,Plscr2,,,,,,,,,,,,,,,,,,,,,,,,Rbm26,,,,,,
,,,,,Plscr4,,,,,,,,,,,,,,,,,,,,,,,,Rbm27,,,,,,
,,,,,Pltp,,,,,,,,,,,,,,,,,,,,,,,,Rbm3,,,,,,
,,,,,Plvap,,,,,,,,,,,,,,,,,,,,,,,,Rbm5,,,,,,
,,,,,Plxnd1,,,,,,,,,,,,,,,,,,,,,,,,Rbm6,,,,,,
,,,,,Pmp22,,,,,,,,,,,,,,,,,,,,,,,,Rbmxl1,,,,,,
,,,,,Pnp,,,,,,,,,,,,,,,,,,,,,,,,Rcc2,,,,,,
,,,,,Pnrc1,,,,,,,,,,,,,,,,,,,,,,,,Reep5,,,,,,
,,,,,Podxl,,,,,,,,,,,,,,,,,,,,,,,,Rel,,,,,,
,,,,,Pola2,,,,,,,,,,,,,,,,,,,,,,,,Rela,,,,,,
,,,,,Polr3gl,,,,,,,,,,,,,,,,,,,,,,,,Relb,,,,,,
,,,,,Pomp,,,,,,,,,,,,,,,,,,,,,,,,Rest,,,,,,
,,,,,Pon2,,,,,,,,,,,,,,,,,,,,,,,,Rfc2,,,,,,
,,,,,Ppap2a,,,,,,,,,,,,,,,,,,,,,,,,Rin3,,,,,,
,,,,,Ppap2b,,,,,,,,,,,,,,,,,,,,,,,,Ripk1,,,,,,
,,,,,Ppfibp1,,,,,,,,,,,,,,,,,,,,,,,,Rnf114,,,,,,
,,,,,Ppia,,,,,,,,,,,,,,,,,,,,,,,,Rnf115,,,,,,
,,,,,Ppic,,,,,,,,,,,,,,,,,,,,,,,,Rnf13,,,,,,
,,,,,Ppp1ca,,,,,,,,,,,,,,,,,,,,,,,,Rnf138,,,,,,
,,,,,Ppp1r10,,,,,,,,,,,,,,,,,,,,,,,,Rnf150,,,,,,
,,,,,Ppp1r11,,,,,,,,,,,,,,,,,,,,,,,,Rnf169,,,,,,
,,,,,Ppp1r12a,,,,,,,,,,,,,,,,,,,,,,,,Rnf34,,,,,,
,,,,,Ppp1r15a,,,,,,,,,,,,,,,,,,,,,,,,Rock2,,,,,,
,,,,,Ppp1r16b,,,,,,,,,,,,,,,,,,,,,,,,Rod1,,,,,,
,,,,,Ppp1r18,,,,,,,,,,,,,,,,,,,,,,,,Rpl24,,,,,,
,,,,,Ppp1r2,,,,,,,,,,,,,,,,,,,,,,,,Rragc,,,,,,
,,,,,Ppp2r2a,,,,,,,,,,,,,,,,,,,,,,,,Rsl1d1,,,,,,
,,,,,Ppp3ca,,,,,,,,,,,,,,,,,,,,,,,,Rxrb,,,,,,
,,,,,Ppp4c,,,,,,,,,,,,,,,,,,,,,,,,Safb2,,,,,,
,,,,,Prdx4,,,,,,,,,,,,,,,,,,,,,,,,Samsn1,,,,,,
,,,,,Prex2,,,,,,,,,,,,,,,,,,,,,,,,Sash3,,,,,,
,,,,,Prkar1a,,,,,,,,,,,,,,,,,,,,,,,,Sdccag8,,,,,,
,,,,,Prkcdbp,,,,,,,,,,,,,,,,,,,,,,,,Sdf4,,,,,,
,,,,,Prkch,,,,,,,,,,,,,,,,,,,,,,,,Secisbp2l,,,,,,
,,,,,Prkd2,,,,,,,,,,,,,,,,,,,,,,,,Seh1l,,,,,,
,,,,,Prmt1,,,,,,,,,,,,,,,,,,,,,,,,Sema4d,,,,,,
,,,,,Pros1,,,,,,,,,,,,,,,,,,,,,,,,Sepn1,,,,,,
,,,,,Prrc2c,,,,,,,,,,,,,,,,,,,,,,,,Sept7,,,,,,
,,,,,Psma3,,,,,,,,,,,,,,,,,,,,,,,,Serp1,,,,,,
,,,,,Psma5,,,,,,,,,,,,,,,,,,,,,,,,Sesn1,,,,,,
,,,,,Psma7,,,,,,,,,,,,,,,,,,,,,,,,Setd2,,,,,,
,,,,,Psmb10,,,,,,,,,,,,,,,,,,,,,,,,Setdb1,,,,,,
,,,,,Psmb2,,,,,,,,,,,,,,,,,,,,,,,,Sf1,,,,,,
,,,,,Psmb8,,,,,,,,,,,,,,,,,,,,,,,,Sf3a3,,,,,,
,,,,,Psmb9,,,,,,,,,,,,,,,,,,,,,,,,Sf3b1,,,,,,
,,,,,Psmd7,,,,,,,,,,,,,,,,,,,,,,,,Sfr1,,,,,,
,,,,,Psme1,,,,,,,,,,,,,,,,,,,,,,,,Sft2d2,,,,,,
,,,,,Psme2,,,,,,,,,,,,,,,,,,,,,,,,Sh2b3,,,,,,
,,,,,Ptgs1,,,,,,,,,,,,,,,,,,,,,,,,Sh3bp1,,,,,,
,,,,,Ptk2,,,,,,,,,,,,,,,,,,,,,,,,Sh3bp2,,,,,,
,,,,,Ptma,,,,,,,,,,,,,,,,,,,,,,,,Sh3pxd2a,,,,,,
,,,,,Ptp4a3,,,,,,,,,,,,,,,,,,,,,,,,Sik1,,,,,,
,,,,,Ptpra,,,,,,,,,,,,,,,,,,,,,,,,Sirt7,,,,,,
,,,,,Ptprb,,,,,,,,,,,,,,,,,,,,,,,,Ski,,,,,,
,,,,,Ptprg,,,,,,,,,,,,,,,,,,,,,,,,Slc16a10,,,,,,
,,,,,Ptprm,,,,,,,,,,,,,,,,,,,,,,,,Slc1a5,,,,,,
,,,,,Ptpru,,,,,,,,,,,,,,,,,,,,,,,,Slc25a45,,,,,,
,,,,,Ptrf,,,,,,,,,,,,,,,,,,,,,,,,Slc35b2,,,,,,
,,,,,Puf60,,,,,,,,,,,,,,,,,,,,,,,,Slc39a7,,,,,,
,,,,,Pxk,,,,,,,,,,,,,,,,,,,,,,,,Slc43a2,,,,,,
,,,,,Qk,,,,,,,,,,,,,,,,,,,,,,,,Slc4a7,,,,,,
,,,,,Rab11a,,,,,,,,,,,,,,,,,,,,,,,,Slfn8,,,,,,
,,,,,Rab11b,,,,,,,,,,,,,,,,,,,,,,,,Smad1,,,,,,
,,,,,Rab18,,,,,,,,,,,,,,,,,,,,,,,,Smarcc2,,,,,,
,,,,,Rab2a,,,,,,,,,,,,,,,,,,,,,,,,Smarcd2,,,,,,
,,,,,Rab6a,,,,,,,,,,,,,,,,,,,,,,,,Smg1,,,,,,
,,,,,Rabac1,,,,,,,,,,,,,,,,,,,,,,,,Snd1,,,,,,
,,,,,Rac1,,,,,,,,,,,,,,,,,,,,,,,,Snrnp40,,,,,,
,,,,,Ralb,,,,,,,,,,,,,,,,,,,,,,,,Snrnp70,,,,,,
,,,,,Ralbp1,,,,,,,,,,,,,,,,,,,,,,,,Snx17,,,,,,
,,,,,Raly,,,,,,,,,,,,,,,,,,,,,,,,Snx18,,,,,,
,,,,,Ramp2,,,,,,,,,,,,,,,,,,,,,,,,Snx2,,,,,,
,,,,,Ramp3,,,,,,,,,,,,,,,,,,,,,,,,Soat1,,,,,,
,,,,,Rap1b,,,,,,,,,,,,,,,,,,,,,,,,Sowahc,,,,,,
,,,,,Rapgef3,,,,,,,,,,,,,,,,,,,,,,,,Sp100,,,,,,
,,,,,Rapgef4,,,,,,,,,,,,,,,,,,,,,,,,Sp3,,,,,,
,,,,,Rarg,,,,,,,,,,,,,,,,,,,,,,,,Spag9,,,,,,
,,,,,Rasgrp3,,,,,,,,,,,,,,,,,,,,,,,,Specc1l,,,,,,
,,,,,Rasip1,,,,,,,,,,,,,,,,,,,,,,,,Spg21,,,,,,
,,,,,Rassf1,,,,,,,,,,,,,,,,,,,,,,,,Sptlc2,,,,,,
,,,,,Rbbp6,,,,,,,,,,,,,,,,,,,,,,,,Srebf2,,,,,,
,,,,,Rbm25,,,,,,,,,,,,,,,,,,,,,,,,Srrm2,,,,,,
,,,,,Rbm3,,,,,,,,,,,,,,,,,,,,,,,,Srsf11,,,,,,
,,,,,Rbm39,,,,,,,,,,,,,,,,,,,,,,,,Srsf2,,,,,,
,,,,,Rbm42,,,,,,,,,,,,,,,,,,,,,,,,Srsf6,,,,,,
,,,,,Rbm7,,,,,,,,,,,,,,,,,,,,,,,,Ssbp4,,,,,,
,,,,,Rbm8a,,,,,,,,,,,,,,,,,,,,,,,,Ssr1,,,,,,
,,,,,Rbms1,,,,,,,,,,,,,,,,,,,,,,,,St3gal4,,,,,,
,,,,,Rbms2,,,,,,,,,,,,,,,,,,,,,,,,St6galnac4,,,,,,
,,,,,Rcn2,,,,,,,,,,,,,,,,,,,,,,,,St8sia4,,,,,,
,,,,,Rcsd1,,,,,,,,,,,,,,,,,,,,,,,,Stap1,,,,,,
,,,,,Rdx,,,,,,,,,,,,,,,,,,,,,,,,Stard7,,,,,,
,,,,,Rela,,,,,,,,,,,,,,,,,,,,,,,,Stat3,,,,,,
,,,,,Rell1,,,,,,,,,,,,,,,,,,,,,,,,Stat6,,,,,,
,,,,,Rgl1,,,,,,,,,,,,,,,,,,,,,,,,Stk10,,,,,,
,,,,,Rgs3,,,,,,,,,,,,,,,,,,,,,,,,Stk24,,,,,,
,,,,,Rhoa,,,,,,,,,,,,,,,,,,,,,,,,Stk38l,,,,,,
,,,,,Rhob,,,,,,,,,,,,,,,,,,,,,,,,Stk4,,,,,,
,,,,,Rhoc,,,,,,,,,,,,,,,,,,,,,,,,Stxbp2,,,,,,
,,,,,Rhog,,,,,,,,,,,,,,,,,,,,,,,,Sugt1,,,,,,
,,,,,Rhoj,,,,,,,,,,,,,,,,,,,,,,,,Sumf1,,,,,,
,,,,,Ripply3,,,,,,,,,,,,,,,,,,,,,,,,Sun2,,,,,,
,,,,,Rnf114,,,,,,,,,,,,,,,,,,,,,,,,Supt4h1,,,,,,
,,,,,Rnf144a,,,,,,,,,,,,,,,,,,,,,,,,Syncrip,,,,,,
,,,,,Rnf187,,,,,,,,,,,,,,,,,,,,,,,,Syne1,,,,,,
,,,,,Robo4,,,,,,,,,,,,,,,,,,,,,,,,Syt11,,,,,,
,,,,,Rock2,,,,,,,,,,,,,,,,,,,,,,,,Taf13,,,,,,
,,,,,Rpl13,,,,,,,,,,,,,,,,,,,,,,,,Tanc2,,,,,,
,,,,,Rpl3,,,,,,,,,,,,,,,,,,,,,,,,Tank,,,,,,
,,,,,Rpl8,,,,,,,,,,,,,,,,,,,,,,,,Taok1,,,,,,
,,,,,Rpl9,,,,,,,,,,,,,,,,,,,,,,,,Tardbp,,,,,,
,,,,,Rpn2,,,,,,,,,,,,,,,,,,,,,,,,Tbc1d10b,,,,,,
,,,,,Rps14,,,,,,,,,,,,,,,,,,,,,,,,Tbc1d23,,,,,,
,,,,,Rps23,,,,,,,,,,,,,,,,,,,,,,,,Tbc1d5,,,,,,
,,,,,Rps27,,,,,,,,,,,,,,,,,,,,,,,,Tbc1d9,,,,,,
,,,,,Rps4x,,,,,,,,,,,,,,,,,,,,,,,,Tbc1d9b,,,,,,
,,,,,Rps6,,,,,,,,,,,,,,,,,,,,,,,,Tbl1xr1,,,,,,
,,,,,Rras,,,,,,,,,,,,,,,,,,,,,,,,Tcof1,,,,,,
,,,,,Rrbp1,,,,,,,,,,,,,,,,,,,,,,,,Tet2,,,,,,
,,,,,Rsad2,,,,,,,,,,,,,,,,,,,,,,,,Tet3,,,,,,
,,,,,Rsrc2,,,,,,,,,,,,,,,,,,,,,,,,Tfe3,,,,,,
,,,,,Rsu1,,,,,,,,,,,,,,,,,,,,,,,,Tfeb,,,,,,
,,,,,Rtf1,,,,,,,,,,,,,,,,,,,,,,,,Thoc2,,,,,,
,,,,,Rtp4,,,,,,,,,,,,,,,,,,,,,,,,Tiparp,,,,,,
,,,,,S100a10,,,,,,,,,,,,,,,,,,,,,,,,Tk2,,,,,,
,,,,,S100a13,,,,,,,,,,,,,,,,,,,,,,,,Tkt,,,,,,
,,,,,S100a16,,,,,,,,,,,,,,,,,,,,,,,,Tle1,,,,,,
,,,,,S100a6,,,,,,,,,,,,,,,,,,,,,,,,Tle4,,,,,,
,,,,,S1pr1,,,,,,,,,,,,,,,,,,,,,,,,Tlr13,,,,,,
,,,,,Samhd1,,,,,,,,,,,,,,,,,,,,,,,,Tlr3,,,,,,
,,,,,Sar1a,,,,,,,,,,,,,,,,,,,,,,,,Tlr4,,,,,,
,,,,,Sash1,,,,,,,,,,,,,,,,,,,,,,,,Tlr7,,,,,,
,,,,,Sbds,,,,,,,,,,,,,,,,,,,,,,,,Tmbim1,,,,,,
,,,,,Scarb1,,,,,,,,,,,,,,,,,,,,,,,,Tmed3,,,,,,
,,,,,Scarf1,,,,,,,,,,,,,,,,,,,,,,,,Tmed5,,,,,,
,,,,,Sdcbp,,,,,,,,,,,,,,,,,,,,,,,,Tmed7,,,,,,
,,,,,Sdf4,,,,,,,,,,,,,,,,,,,,,,,,Tmem106a,,,,,,
,,,,,Sdpr,,,,,,,,,,,,,,,,,,,,,,,,Tmem109,,,,,,
,,,,,Sec14l1,,,,,,,,,,,,,,,,,,,,,,,,Tmem123,,,,,,
,,,,,Selk,,,,,,,,,,,,,,,,,,,,,,,,Tmem132a,,,,,,
,,,,,Selm,,,,,,,,,,,,,,,,,,,,,,,,Tmem134,,,,,,
,,,,,Sema3f,,,,,,,,,,,,,,,,,,,,,,,,Tmem14c,,,,,,
,,,,,Sema4c,,,,,,,,,,,,,,,,,,,,,,,,Tmem165,,,,,,
,,,,,Sema6a,,,,,,,,,,,,,,,,,,,,,,,,Tmem170b,,,,,,
,,,,,Sema7a,,,,,,,,,,,,,,,,,,,,,,,,Tmem51,,,,,,
,,,,,Sep15,,,,,,,,,,,,,,,,,,,,,,,,Tmem86a,,,,,,
,,,,,Sept11,,,,,,,,,,,,,,,,,,,,,,,,Tmod3,,,,,,
,,,,,Sept2,,,,,,,,,,,,,,,,,,,,,,,,Tmub2,,,,,,
,,,,,Sept7,,,,,,,,,,,,,,,,,,,,,,,,Tnfaip3,,,,,,
,,,,,Sepw1,,,,,,,,,,,,,,,,,,,,,,,,Tnfaip8,,,,,,
,,,,,Serbp1,,,,,,,,,,,,,,,,,,,,,,,,Tnfrsf11a,,,,,,
,,,,,Serinc1,,,,,,,,,,,,,,,,,,,,,,,,Tnfsf12,,,,,,
,,,,,Serinc3,,,,,,,,,,,,,,,,,,,,,,,,Tnfsf9,,,,,,
,,,,,Serpinb6a,,,,,,,,,,,,,,,,,,,,,,,,Tnks,,,,,,
,,,,,Serpinb9,,,,,,,,,,,,,,,,,,,,,,,,Tnks2,,,,,,
,,,,,Serpine2,,,,,,,,,,,,,,,,,,,,,,,,Tnpo3,,,,,,
,,,,,Serpinh1,,,,,,,,,,,,,,,,,,,,,,,,Tnrc6a,,,,,,
,,,,,Sertad1,,,,,,,,,,,,,,,,,,,,,,,,Tnrc6c,,,,,,
,,,,,Sertad2,,,,,,,,,,,,,,,,,,,,,,,,Tob2,,,,,,
,,,,,Sf3b1,,,,,,,,,,,,,,,,,,,,,,,,Top1,,,,,,
,,,,,Sfr1,,,,,,,,,,,,,,,,,,,,,,,,Top2b,,,,,,
,,,,,Sfrs18,,,,,,,,,,,,,,,,,,,,,,,,Tor1a,,,,,,
,,,,,Sft2d1,,,,,,,,,,,,,,,,,,,,,,,,Tor1aip1,,,,,,
,,,,,Sgk1,,,,,,,,,,,,,,,,,,,,,,,,Tpp1,,,,,,
,,,,,Sgms1,,,,,,,,,,,,,,,,,,,,,,,,Tpp2,,,,,,
,,,,,Sh2d3c,,,,,,,,,,,,,,,,,,,,,,,,Tpr,,,,,,
,,,,,Sh3bgrl,,,,,,,,,,,,,,,,,,,,,,,,Trappc2l,,,,,,
,,,,,Sh3bp5,,,,,,,,,,,,,,,,,,,,,,,,Trappc6b,,,,,,
,,,,,Sh3glb1,,,,,,,,,,,,,,,,,,,,,,,,Trerf1,,,,,,
,,,,,She,,,,,,,,,,,,,,,,,,,,,,,,Trib1,,,,,,
,,,,,Shisa5,,,,,,,,,,,,,,,,,,,,,,,,Trim12c,,,,,,
,,,,,Sipa1,,,,,,,,,,,,,,,,,,,,,,,,Trim14,,,,,,
,,,,,Skil,,,,,,,,,,,,,,,,,,,,,,,,Trim30d,,,,,,
,,,,,Slbp,,,,,,,,,,,,,,,,,,,,,,,,Trim35,,,,,,
,,,,,Slc29a1,,,,,,,,,,,,,,,,,,,,,,,,Trim8,,,,,,
,,,,,Slc38a2,,,,,,,,,,,,,,,,,,,,,,,,Trpc4ap,,,,,,
,,,,,Slc3a2,,,,,,,,,,,,,,,,,,,,,,,,Trpv2,,,,,,
,,,,,Slc43a3,,,,,,,,,,,,,,,,,,,,,,,,Tsc22d2,,,,,,
,,,,,Slc44a2,,,,,,,,,,,,,,,,,,,,,,,,Ttc7,,,,,,
,,,,,Slc50a1,,,,,,,,,,,,,,,,,,,,,,,,Ttyh3,,,,,,
,,,,,Slc9a3r2,,,,,,,,,,,,,,,,,,,,,,,,Tuba1c,,,,,,
,,,,,Slfn2,,,,,,,,,,,,,,,,,,,,,,,,Tubb6,,,,,,
,,,,,Slfn5,,,,,,,,,,,,,,,,,,,,,,,,Txnip,,,,,,
,,,,,Smad1,,,,,,,,,,,,,,,,,,,,,,,,Txnl4a,,,,,,
,,,,,Smad7,,,,,,,,,,,,,,,,,,,,,,,,Uba2,,,,,,
,,,,,Smagp,,,,,,,,,,,,,,,,,,,,,,,,Uba7,,,,,,
,,,,,Smarcb1,,,,,,,,,,,,,,,,,,,,,,,,Ubap2l,,,,,,
,,,,,Smarce1,,,,,,,,,,,,,,,,,,,,,,,,Ube2d2,,,,,,
,,,,,Smc1a,,,,,,,,,,,,,,,,,,,,,,,,Ube2f,,,,,,
,,,,,Smc6,,,,,,,,,,,,,,,,,,,,,,,,Ube2i,,,,,,
,,,,,Smtn,,,,,,,,,,,,,,,,,,,,,,,,Ube2q1,,,,,,
,,,,,Sncg,,,,,,,,,,,,,,,,,,,,,,,,Ube3a,,,,,,
,,,,,Snrk,,,,,,,,,,,,,,,,,,,,,,,,Ubp1,,,,,,
,,,,,Snrpb,,,,,,,,,,,,,,,,,,,,,,,,Ugcg,,,,,,
,,,,,Snrpg,,,,,,,,,,,,,,,,,,,,,,,,Uhrf2,,,,,,
,,,,,Sntb2,,,,,,,,,,,,,,,,,,,,,,,,Upf1,,,,,,
,,,,,Snx3,,,,,,,,,,,,,,,,,,,,,,,,Usp25,,,,,,
,,,,,Socs3,,,,,,,,,,,,,,,,,,,,,,,,Usp4,,,,,,
,,,,,Son,,,,,,,,,,,,,,,,,,,,,,,,Utp3,,,,,,
,,,,,Sorbs3,,,,,,,,,,,,,,,,,,,,,,,,Uvrag,,,,,,
,,,,,Sox13,,,,,,,,,,,,,,,,,,,,,,,,Vars,,,,,,
,,,,,Sox17,,,,,,,,,,,,,,,,,,,,,,,,Vav3,,,,,,
,,,,,Sox18,,,,,,,,,,,,,,,,,,,,,,,,Vmp1,,,,,,
,,,,,Sox4,,,,,,,,,,,,,,,,,,,,,,,,Vps18,,,,,,
,,,,,Sox7,,,,,,,,,,,,,,,,,,,,,,,,Vps26a,,,,,,
,,,,,Sp100,,,,,,,,,,,,,,,,,,,,,,,,Vps35,,,,,,
,,,,,Spag9,,,,,,,,,,,,,,,,,,,,,,,,Vwa5a,,,,,,
,,,,,Sparc,,,,,,,,,,,,,,,,,,,,,,,,Wapal,,,,,,
,,,,,Sparcl1,,,,,,,,,,,,,,,,,,,,,,,,Wasf2,,,,,,
,,,,,Spnb2,,,,,,,,,,,,,,,,,,,,,,,,Wdfy4,,,,,,
,,,,,Spry1,,,,,,,,,,,,,,,,,,,,,,,,Wdr1,,,,,,
,,,,,Srgn,,,,,,,,,,,,,,,,,,,,,,,,Wdr12,,,,,,
,,,,,Sri,,,,,,,,,,,,,,,,,,,,,,,,Wdr26,,,,,,
,,,,,Srp14,,,,,,,,,,,,,,,,,,,,,,,,Whsc1l1,,,,,,
,,,,,Srpr,,,,,,,,,,,,,,,,,,,,,,,,Wnk1,,,,,,
,,,,,Srrm2,,,,,,,,,,,,,,,,,,,,,,,,Wrb,,,,,,
,,,,,Srsf11,,,,,,,,,,,,,,,,,,,,,,,,Wsb1,,,,,,
,,,,,Srsf2,,,,,,,,,,,,,,,,,,,,,,,,Xaf1,,,,,,
,,,,,Srsf3,,,,,,,,,,,,,,,,,,,,,,,,Xpo1,,,,,,
,,,,,Srsf7,,,,,,,,,,,,,,,,,,,,,,,,Xpo6,,,,,,
,,,,,Ss18,,,,,,,,,,,,,,,,,,,,,,,,Xpo7,,,,,,
,,,,,Ssbp4,,,,,,,,,,,,,,,,,,,,,,,,Ypel5,,,,,,
,,,,,Ssr2,,,,,,,,,,,,,,,,,,,,,,,,Ythdf2,,,,,,
,,,,,Ssu72,,,,,,,,,,,,,,,,,,,,,,,,Ywhag,,,,,,
,,,,,St3gal1,,,,,,,,,,,,,,,,,,,,,,,,Zbtb7a,,,,,,
,,,,,St3gal5,,,,,,,,,,,,,,,,,,,,,,,,Zc3h11a,,,,,,
,,,,,Stat1,,,,,,,,,,,,,,,,,,,,,,,,Zc3h12a,,,,,,
,,,,,Stat6,,,,,,,,,,,,,,,,,,,,,,,,Zcchc11,,,,,,
,,,,,Stim2,,,,,,,,,,,,,,,,,,,,,,,,Zcchc6,,,,,,
,,,,,Stom,,,,,,,,,,,,,,,,,,,,,,,,Zcchc7,,,,,,
,,,,,Strn4,,,,,,,,,,,,,,,,,,,,,,,,Zfand3,,,,,,
,,,,,Stx12,,,,,,,,,,,,,,,,,,,,,,,,Zfml,,,,,,
,,,,,Sugt1,,,,,,,,,,,,,,,,,,,,,,,,Zfp106,,,,,,
,,,,,Sumo2,,,,,,,,,,,,,,,,,,,,,,,,Zfp131,,,,,,
,,,,,Swap70,,,,,,,,,,,,,,,,,,,,,,,,Zfp207,,,,,,
,,,,,Syne1,,,,,,,,,,,,,,,,,,,,,,,,Zfp217,,,,,,
,,,,,Sypl,,,,,,,,,,,,,,,,,,,,,,,,Zfp263,,,,,,
,,,,,Taf7,,,,,,,,,,,,,,,,,,,,,,,,Zfp36l1,,,,,,
,,,,,Tagln2,,,,,,,,,,,,,,,,,,,,,,,,Zfp386,,,,,,
,,,,,Taok2,,,,,,,,,,,,,,,,,,,,,,,,Zfp592,,,,,,
,,,,,Tap1,,,,,,,,,,,,,,,,,,,,,,,,Zfp62,,,,,,
,,,,,Tap2,,,,,,,,,,,,,,,,,,,,,,,,Zfp691,,,,,,
,,,,,Tapbp,,,,,,,,,,,,,,,,,,,,,,,,Zfp710,,,,,,
,,,,,Tapbpl,,,,,,,,,,,,,,,,,,,,,,,,Zfr,,,,,,
,,,,,Tax1bp3,,,,,,,,,,,,,,,,,,,,,,,,Zmiz2,,,,,,
,,,,,Tbrg1,,,,,,,,,,,,,,,,,,,,,,,,Zufsp,,,,,,
,,,,,Tbxa2r,,,,,,,,,,,,,,,,,,,,,,,,,,,,,,
,,,,,Tcf4,,,,,,,,,,,,,,,,,,,,,,,,,,,,,,
,,,,,Tek,,,,,,,,,,,,,,,,,,,,,,,,,,,,,,
,,,,,Tenc1,,,,,,,,,,,,,,,,,,,,,,,,,,,,,,
,,,,,Tgfbr2,,,,,,,,,,,,,,,,,,,,,,,,,,,,,,
,,,,,Tgm2,,,,,,,,,,,,,,,,,,,,,,,,,,,,,,
,,,,,Thbd,,,,,,,,,,,,,,,,,,,,,,,,,,,,,,
,,,,,Thrsp,,,,,,,,,,,,,,,,,,,,,,,,,,,,,,
,,,,,Tie1,,,,,,,,,,,,,,,,,,,,,,,,,,,,,,
,,,,,Tjp1,,,,,,,,,,,,,,,,,,,,,,,,,,,,,,
,,,,,Tm4sf1,,,,,,,,,,,,,,,,,,,,,,,,,,,,,,
,,,,,Tmbim1,,,,,,,,,,,,,,,,,,,,,,,,,,,,,,
,,,,,Tmed10,,,,,,,,,,,,,,,,,,,,,,,,,,,,,,
,,,,,Tmed2,,,,,,,,,,,,,,,,,,,,,,,,,,,,,,
,,,,,Tmed5,,,,,,,,,,,,,,,,,,,,,,,,,,,,,,
,,,,,Tmem109,,,,,,,,,,,,,,,,,,,,,,,,,,,,,,
,,,,,Tmem111,,,,,,,,,,,,,,,,,,,,,,,,,,,,,,
,,,,,Tmem140,,,,,,,,,,,,,,,,,,,,,,,,,,,,,,
,,,,,Tmem184b,,,,,,,,,,,,,,,,,,,,,,,,,,,,,,
,,,,,Tmem2,,,,,,,,,,,,,,,,,,,,,,,,,,,,,,
,,,,,Tmem204,,,,,,,,,,,,,,,,,,,,,,,,,,,,,,
,,,,,Tmem66,,,,,,,,,,,,,,,,,,,,,,,,,,,,,,
,,,,,Tmem88,,,,,,,,,,,,,,,,,,,,,,,,,,,,,,
,,,,,Tmod3,,,,,,,,,,,,,,,,,,,,,,,,,,,,,,
,,,,,Tmpo,,,,,,,,,,,,,,,,,,,,,,,,,,,,,,
,,,,,Tmsb10,,,,,,,,,,,,,,,,,,,,,,,,,,,,,,
,,,,,Tmsb4x,,,,,,,,,,,,,,,,,,,,,,,,,,,,,,
,,,,,Tnfaip1,,,,,,,,,,,,,,,,,,,,,,,,,,,,,,
,,,,,Tnfaip2,,,,,,,,,,,,,,,,,,,,,,,,,,,,,,
,,,,,Tnfrsf1a,,,,,,,,,,,,,,,,,,,,,,,,,,,,,,
,,,,,Tnfsf10,,,,,,,,,,,,,,,,,,,,,,,,,,,,,,
,,,,,Tpm3,,,,,,,,,,,,,,,,,,,,,,,,,,,,,,
,,,,,Tpm4,,,,,,,,,,,,,,,,,,,,,,,,,,,,,,
,,,,,Tprgl,,,,,,,,,,,,,,,,,,,,,,,,,,,,,,
,,,,,Tpst2,,,,,,,,,,,,,,,,,,,,,,,,,,,,,,
,,,,,Tra2b,,,,,,,,,,,,,,,,,,,,,,,,,,,,,,
,,,,,Trappc4,,,,,,,,,,,,,,,,,,,,,,,,,,,,,,
,,,,,Trappc6b,,,,,,,,,,,,,,,,,,,,,,,,,,,,,,
,,,,,Trib2,,,,,,,,,,,,,,,,,,,,,,,,,,,,,,
,,,,,Trim30a,,,,,,,,,,,,,,,,,,,,,,,,,,,,,,
,,,,,Trim37,,,,,,,,,,,,,,,,,,,,,,,,,,,,,,
,,,,,Trim47,,,,,,,,,,,,,,,,,,,,,,,,,,,,,,
,,,,,Triobp,,,,,,,,,,,,,,,,,,,,,,,,,,,,,,
,,,,,Tsc22d3,,,,,,,,,,,,,,,,,,,,,,,,,,,,,,
,,,,,Tspan12,,,,,,,,,,,,,,,,,,,,,,,,,,,,,,
,,,,,Tspan13,,,,,,,,,,,,,,,,,,,,,,,,,,,,,,
,,,,,Tspan14,,,,,,,,,,,,,,,,,,,,,,,,,,,,,,
,,,,,Tspan15,,,,,,,,,,,,,,,,,,,,,,,,,,,,,,
,,,,,Tspan18,,,,,,,,,,,,,,,,,,,,,,,,,,,,,,
,,,,,Tspan7,,,,,,,,,,,,,,,,,,,,,,,,,,,,,,
,,,,,Tspan9,,,,,,,,,,,,,,,,,,,,,,,,,,,,,,
,,,,,Tuba1a,,,,,,,,,,,,,,,,,,,,,,,,,,,,,,
,,,,,Tuba1b,,,,,,,,,,,,,,,,,,,,,,,,,,,,,,
,,,,,Tubb2a,,,,,,,,,,,,,,,,,,,,,,,,,,,,,,
,,,,,Tubb4b,,,,,,,,,,,,,,,,,,,,,,,,,,,,,,
,,,,,Tubb5,,,,,,,,,,,,,,,,,,,,,,,,,,,,,,
,,,,,Txndc12,,,,,,,,,,,,,,,,,,,,,,,,,,,,,,
,,,,,Uaca,,,,,,,,,,,,,,,,,,,,,,,,,,,,,,
,,,,,Ubb,,,,,,,,,,,,,,,,,,,,,,,,,,,,,,
,,,,,Ubc,,,,,,,,,,,,,,,,,,,,,,,,,,,,,,
,,,,,Ube2i,,,,,,,,,,,,,,,,,,,,,,,,,,,,,,
,,,,,Ube2l6,,,,,,,,,,,,,,,,,,,,,,,,,,,,,,
,,,,,Ube2s,,,,,,,,,,,,,,,,,,,,,,,,,,,,,,
,,,,,Ube2v1,,,,,,,,,,,,,,,,,,,,,,,,,,,,,,
,,,,,Ubn1,,,,,,,,,,,,,,,,,,,,,,,,,,,,,,
,,,,,Ubqln2,,,,,,,,,,,,,,,,,,,,,,,,,,,,,,
,,,,,Unc45b,,,,,,,,,,,,,,,,,,,,,,,,,,,,,,
,,,,,Unc50,,,,,,,,,,,,,,,,,,,,,,,,,,,,,,
,,,,,Upp1,,,,,,,,,,,,,,,,,,,,,,,,,,,,,,
,,,,,Ushbp1,,,,,,,,,,,,,,,,,,,,,,,,,,,,,,
,,,,,Usp18,,,,,,,,,,,,,,,,,,,,,,,,,,,,,,
,,,,,Utrn,,,,,,,,,,,,,,,,,,,,,,,,,,,,,,
,,,,,Vamp3,,,,,,,,,,,,,,,,,,,,,,,,,,,,,,
,,,,,Vamp5,,,,,,,,,,,,,,,,,,,,,,,,,,,,,,
,,,,,Vasp,,,,,,,,,,,,,,,,,,,,,,,,,,,,,,
,,,,,Vdac3,,,,,,,,,,,,,,,,,,,,,,,,,,,,,,
,,,,,Vgll4,,,,,,,,,,,,,,,,,,,,,,,,,,,,,,
,,,,,Vim,,,,,,,,,,,,,,,,,,,,,,,,,,,,,,
,,,,,Vps28,,,,,,,,,,,,,,,,,,,,,,,,,,,,,,
,,,,,Wars,,,,,,,,,,,,,,,,,,,,,,,,,,,,,,
,,,,,Wasf2,,,,,,,,,,,,,,,,,,,,,,,,,,,,,,
,,,,,Wbp4,,,,,,,,,,,,,,,,,,,,,,,,,,,,,,
,,,,,Wbp5,,,,,,,,,,,,,,,,,,,,,,,,,,,,,,
,,,,,Wwtr1,,,,,,,,,,,,,,,,,,,,,,,,,,,,,,
,,,,,Xaf1,,,,,,,,,,,,,,,,,,,,,,,,,,,,,,
,,,,,Xiap,,,,,,,,,,,,,,,,,,,,,,,,,,,,,,
,,,,,Yipf4,,,,,,,,,,,,,,,,,,,,,,,,,,,,,,
,,,,,Ywhab,,,,,,,,,,,,,,,,,,,,,,,,,,,,,,
,,,,,Ywhah,,,,,,,,,,,,,,,,,,,,,,,,,,,,,,
,,,,,Ywhaq,,,,,,,,,,,,,,,,,,,,,,,,,,,,,,
,,,,,Zbtb20,,,,,,,,,,,,,,,,,,,,,,,,,,,,,,
,,,,,Zbtb7a,,,,,,,,,,,,,,,,,,,,,,,,,,,,,,
,,,,,Zcchc6,,,,,,,,,,,,,,,,,,,,,,,,,,,,,,
,,,,,Zdhhc20,,,,,,,,,,,,,,,,,,,,,,,,,,,,,,
,,,,,Zeb1,,,,,,,,,,,,,,,,,,,,,,,,,,,,,,
,,,,,Zfand5,,,,,,,,,,,,,,,,,,,,,,,,,,,,,,
,,,,,Zfhx3,,,,,,,,,,,,,,,,,,,,,,,,,,,,,,
