overlapGenesTissue1,overlapGenesTissue2,overlapGenesTissue3,overlapGenesTissue4,overlapGenesTissue5,overlapGenesTissue6,overlapGenesTissue7,overlapGenesTissue8,overlapGenesTissue9,overlapGenesTissue10,overlapGenesTissue11,overlapGenesTissue12,overlapGenesTissue13,overlapGenesTissue14,overlapGenesTissue15,overlapGenesTissue16,overlapGenesTissue17,overlapGenesTissue18,overlapGenesTissue19,overlapGenesTissue20,overlapGenesTissue21,overlapGenesTissue22,overlapGenesTissue23,overlapGenesTissue24,overlapGenesTissue25,overlapGenesTissue26,overlapGenesTissue27
,Cell Ontology,FACS,Droplet10x,microwellSeq,FACS_10x,FACS_microwellSeq,microwellSeq_10x,FACS_10x_microwellSeq,,Cell Ontology,FACS,Droplet10x,microwellSeq,FACS_10x,FACS_microwellSeq,microwellSeq_10x,FACS_10x_microwellSeq,,Cell Ontology,FACS,Droplet10x,microwellSeq,FACS_10x,FACS_microwellSeq,microwellSeq_10x,FACS_10x_microwellSeq
,endothelial cell of hepatic sinusoid,0610007L01Rik,0610010K14Rik,Adgrf5,0610031J06Rik,Aass,Mt1,1810011O10Rik,,hepatocyte,0610008F07Rik,1300014I06Rik,1810022K09Rik,0610011F06Rik,2010107E04Rik,Agpat3,0610005C13Rik,,B cell,0610007P22Rik,0610010K14Rik,1810022K09Rik,2610001J05Rik,1810026B05Rik,AW112010,Arhgdib
,,0610010F05Rik,0610012G03Rik,Adgrl4,1110038F14Rik,Aplp2,Mt2,Actn4,,,0610009B22Rik,2010106G01Rik,1810058I24Rik,1100001G20Rik,2410015M20Rik,Atg3,0610007P14Rik,,,1110003E01Rik,1500010J02Rik,1810058I24Rik,6720456B07Rik,4930523C07Rik,Anp32e,Cd48
,,0610030E20Rik,1110002B05Rik,Bag3,1500012F01Rik,Brd2,Srsf3,Adamts1,,,0610010O12Rik,Ahsa1,2310036O22Rik,1110020G09Rik,8430408G22Rik,Aup1,1300017J02Rik,,,1110004F10Rik,1500012F01Rik,Acin1,AB124611,Apobec3,Arl6ip5,Cd52
,,0610037L13Rik,1200009I06Rik,Btg2,2210016L21Rik,Casp4,Srsf7,App,,,0610012H03Rik,Arl4d,2410006H16Rik,1190003J15Rik,9030619P08Rik,C1qbp,1600014C10Rik,,,1110012L19Rik,1810037I17Rik,Adgre5,Actb,Armc1,Ccr5,Cd53
,,1110004F10Rik,1810037I17Rik,Ccnl1,2810025M15Rik,Cebpd,,Aqp1,,,0610031O16Rik,Arl5a,2810428I15Rik,1300001I01Rik,Abca8a,Cyp2d22,2310039H08Rik,,,1110038D17Rik,2410006H16Rik,Adss,Actr3,Ccr7,Clptm1l,Cd74
,,1110007C09Rik,2310009A05Rik,Cdkn1a,2810432D09Rik,Cxcl9,,Bgn,,,0610040J01Rik,Atp2a2,9030624J02Rik,1500003O03Rik,Abcc2,Dnajc3,4931406C07Rik,,,1110059G10Rik,2510006D16Rik,Aes,Adrbk1,Cd19,Dek,Celf2
,,1110014N23Rik,2400001E08Rik,Csrnp1,2900092E17Rik,Daxx,,Bmp2,,,1110001A16Rik,Bhlhe40,A2ml1,2010003K15Rik,Abhd11,Gapdh,Aadac,,,1190007I07Rik,2510009E07Rik,Anxa2,Akap13,Cd2,Eef1g,Cotl1
,,1110018G07Rik,2510006D16Rik,Cxcl10,4931406P16Rik,Ddx3x,,Calm2,,,1110001J03Rik,C2cd2,Acox3,2010011I20Rik,Abhd2,Hdgf,Aadat,,,1700021F05Rik,2610101N10Rik,Anxa6,Aldoa,Cd37,Elf1,Crip1
,,1110021J02Rik,2610101N10Rik,Cyr61,6820431F20Rik,Dll4,,Cd300lg,,,1110004E09Rik,Calr,Acsl4,2810007J24Rik,Abhd3,Igfbp4,Abat,,,1810008A18Rik,2810008M24Rik,Ap1m1,Apbb1ip,Cd69,Epsti1,Emp3
,,1110031I02Rik,2700094K13Rik,Dnaja1,AI607873,Dnajb1,,Cd36,,,1110008L16Rik,Cmtm6,Adprh,9530008L14Rik,Acadl,Lman1,Abcb4,,,1810026J23Rik,2810025M15Rik,Arcn1,Arhgdia,Cd79a,Fgfr1op2,H3f3a
,,1110059E24Rik,2900053A13Rik,Egr1,Abcg1,Dnajb9,,Cd38,,,1110012L19Rik,Ctage5,Adtrp,A1bg,Acat2,Lpgat1,Abcd3,,,1810030N24Rik,2810474O19Rik,Arhgap45,Arhgef2,Cd79b,Hcst,Hnrnpc
,,1110059G10Rik,3110003A17Rik,Eloc,Abl1,Fosb,,Cd55,,,1110018J18Rik,Ctsh,Akr1a1,AI182371,Acbd4,Map2k2,Abhd14b,,,1810074P20Rik,3110001D03Rik,Arpc5l,Arpc1b,Cdc42se2,Hmgb2,Mbnl1
,,1190002N15Rik,5133401N09Rik,Gadd45b,Acap2,Gls,,Cd59a,,,1110020A21Rik,D14Ertd449e,Apool,Aars,Acot1,Mdh2,Acaa1b,,,2010001M09Rik,3110003A17Rik,Atp1b1,Arpc2,Clk1,Ifngr1,Ncl
,,1190005F20Rik,9530091C08Rik,Gadd45g,Acer2,Hnrnph1,,Cdh5,,,1110032A03Rik,D19Wsu162e,Arpp19,Abcb11,Acot13,Mmadhc,Acaa2,,,2010320M18Rik,4632428N05Rik,Atp5d,Arpc3,Cnbp,Itgal,Pabpc1
,,1190007F08Rik,Actb,Hbegf,Actg1,Hspb1,,Cldn5,,,1110038D17Rik,Ddrgk1,Atp6v1f,Acaa1a,Acy3,Mpnd,Acad11,,,2310004I24Rik,4933407C03Rik,BC003331,Bank1,Cnn2,Itgb2,Peli1
,,1300002E11Rik,Aff4,Hsp90aa1,Adam23,Icam1,,Clec14a,,,1110054M08Rik,Dnaja2,Atraid,Acads,Adh4,Mpst,Acadm,,,2310035K24Rik,4933426M11Rik,Bcap31,Bnip2,Coro1a,Kras,Plac8
,,1300018I17Rik,Aida,Hspa1a,Adarb1,Il1a,,Clec4g,,,1110058L19Rik,Dpm1,Atxn7l3b,Acadsb,Adra1b,Nipsnap3b,Acadvl,,,2310061I04Rik,6820431F20Rik,Bcl2a1b,Btg2,Crem,Lgals1,Ppia
,,1600012F09Rik,Akt1,Hspa1b,Add3,Junb,,Clic4,,,1110067D22Rik,Eif4b,BC025446,Acly,Agpat2,Pdia6,Acat1,,,4930481A15Rik,A730098P11Rik,Bcl2a1d,Calm1,Cytip,Mtdh,Ptma
,,1600012H06Rik,Arhgdib,Hsph1,Adipor1,Klf7,,Cmtm8,,,1190005I06Rik,Eif5,Bola2,Acsf2,Akr1c20,Psen2,Acat3,,,5031425E22Rik,AF251705,Bcl2l11,Capzb,Dad1,Naca,Ptpn18
,,1600021P15Rik,Arid2,Ier2,Afap1l1,Lamp2,,Col13a1,,,1300002K09Rik,Fam125a,C1s1,Acss2,Anapc13,Psmd11,Acbd5,,,5830416P10Rik,AI413582,Bet1,Cd44,Dusp2,Nap1l1,Ptprc
,,1700029F09Rik,Arpc1b,Ier3,Agpat5,Mrps6,,Col4a1,,,1300010F03Rik,Fkbp8,Car8,Adck3,Aprt,Qsox1,Aco1,,,5930434B04Rik,AI607873,Bex3,Cd84,Ebf1,Ostc,Rac2
,,1700037H04Rik,Arpc2,Ifi207,Akap12,Ndrg1,,Col4a2,,,1300015D01Rik,Furin,Chmp2a,Afmid,Aqp11,Sco2,Acox1,,,6330409N04Rik,Aamp,Bhlhe40,Cd97,Eef1a1,Pla2g16,Rgs2
,,1700047M11Rik,Arpc4,Ifi47,Akap2,Nfkbiz,,Ctla2a,,,1300018J18Rik,Gm2a,Chp1,Akr1c12,Atox1,Surf4,Acox2,,,6330578E17Rik,Abcf3,Cacna1s,Cdc42,Eef2,Psme2,Rpl10
,,1700081L11Rik,Atp2b1,Ifit1,Akr1b8,Pnp,,Ctsl,,,1500011K16Rik,H13,Cluh,Akr1c19,Atp5e,Tmbim6,Acsl1,,,A630001G21Rik,Abcg3,Calr,Cdc42se1,Ets1,Pum2,Rpl10a
,,1700113A16Rik,Atp6ap2,Ifit3,Amotl1,Pttg1ip,,Cyp4b1,,,1500017E21Rik,Hhex,Cnn3,Alas1,Atp5h,Tmem176a,Acsl5,,,AI316807,Abhd12,Car2,Cfl1,Foxo1,Pycard,Rpl11
,,1810008A18Rik,Atp6v0e,Iigp1,Amotl2,Rsad2,,Dab2,,,1600002H07Rik,Hsd17b12,Cnpy2,Aldh3a2,Atp5j,Ubqln1,Acsm1,,,AI467606,Acp2,Ccdc71l,Clic1,Foxp1,Rad21,Rpl12
,,1810012P15Rik,Atp6v1d,Irf1,Ankrd11,Sbno2,,Degs1,,,1700001C19Rik,Hspa5,Coa3,Aldh4a1,Atp5j2,,Adh1,,,Abca3,Actg1,Ccl3,Cmtm7,Gem,Rgs1,Rpl13
,,1810013L24Rik,Atp6v1f,Irgm1,Ankrd12,Serpina3f,,Dlc1,,,1700018L02Rik,Kif1c,Cope,Amfr,Aurkaip1,,Adh5,,,Ablim1,Actn1,Ccl4,Csk,Gimap3,Rpl30,Rpl13a
,,1810026B05Rik,B430010I23Rik,Isg15,Ankrd40,Serpina3g,,Dnase1l3,,,1700021C14Rik,Lpin1,Cops9,Aox3,Avpi1,,Adi1,,,Acaca,Actr2,Ccl5,Ctdsp2,Gimap6,Snrpe,Rpl15
,,1810048J11Rik,Bnip3l,Nop58,Anp32a,Tgtp2,,Dpp4,,,1700024P16Rik,Lrp1,Coq8a,Apoc2,Bsg,,Adipor2,,,Acad9,Adam10,Ccna2,Ctsc,Gltscr2,Snrpf,Rpl17
,,1810063B07Rik,Brd3,Phlda1,Anxa2,Tmem33,,Dusp1,,,1700027D21Rik,Maged1,Cox17,Apoe,Cab39l,,Adk,,,Acap1,Agtrap,Ccnd2,Ctss,Gm8369,Sri,Rpl18
,,2010320M18Rik,Btf3,Pim3,Anxa3,Tsc22d1,,Dynll1,,,1700040L02Rik,Man1a,Cox20,Apol9b,Car5a,,Aes,,,Acd,Aif1,Cct2,Ctsz,H2-DMb2,Tuba1b,Rpl18a
,,2010321M09Rik,Cab39,Plpp1,Anxa5,Zfp36,,Egfl7,,,1700052N19Rik,Mcfd2,Cox4i1,Aqp9,Ccdc107,,Afm,,,Acot8,Akr1b10,Cct5,Cyba,H2-K1,Ubl5,Rpl19
,,2200002D01Rik,Capns1,Plpp3,Ap1b1,,,Ehd3,,,1700066M21Rik,Mia3,Crip2,Aspg,Ccdc25,,Agmat,,,Acp6,Anapc11,Cd28,Cybb,H2-Ob,Wdr89,Rpl21
,,2210021J22Rik,Ccdc12,Rsrp1,Ap2s1,,,Elf1,,,1810008I18Rik,Mmd,Csnk2b,Atl2,Cenpv,,Agt,,,Acyp1,Ano6,Cd3d,Cyth4,Hist1h1c,,Rpl22
,,2310001A20Rik,Ccdc56,Selenop,Apbb2,,,Elk3,,,1810014F10Rik,Nr2f6,Ctnna1,Atp11c,Chchd1,,Agxt,,,Add3,Anp32b,Cd3g,Dck,Hnrnpu,,Rpl23
,,2310009B15Rik,Ccnd3,Sertad1,Apc,,,Eng,,,1810019D21Rik,Pdia4,Cyb5a,BC089597,Chchd2,,Ahcy,,,Adrb2,Anxa3,Cd6,Ddx5,Hvcn1,,Rpl23a
,,2310014F07Rik,Cdk12,Slc38a2,Arap3,,,Epas1,,,1810020D17Rik,Pgam1,Dazap2,Bccip,Chchd5,,Ahsg,,,Aff3,Anxa5,Cd7,Dock10,Il21r,,Rpl27
,,2310033P09Rik,Cdk4,Snu13,Arf1,,,Esam,,,1810026J23Rik,Ppm1a,Dmpk,Bet1,Chn2,,Ak2,,,Ahsa2,Ap2a2,Cd82,Dynll1,Il2rg,,Rpl27a
,,2310035C23Rik,Cdk9,Socs3,Arglu1,,,Ets1,,,1810027O10Rik,Prkcsh,Dpp3,Bpnt1,Cib1,,Ak3,,,Akna,Ap2b1,Cdca8,Erp29,Irf4,,Rpl28
,,2310037I24Rik,Cebpg,Tceal9,Arhgap23,,,F8,,,1810030N24Rik,Psmd6,Dstn,Brp44,Commd3,,Akr1c13,,,Akt1s1,Ap3b1,Cdk11b,Evi2b,Itga4,,Rpl3
,,2310061C15Rik,Ces2g,Tpbgl,Arhgap29,,,Fabp4,,,1810034E14Rik,Serp1,Dynll2,Brp44l,Commd6,,Akr1c14,,,Aldoc,Ap4s1,Cdk2ap2,Fam49b,Itgb7,,Rpl32
,,2310067B10Rik,Cfl1,Trib1,Arhgap31,,,Fam167b,,,1810035L17Rik,Slc9a3r1,Dynlrb1,C130074G19Rik,Cox5a,,Akr1c6,,,Alkbh6,Apc,Cdv3,Fau,Limd2,,Rpl35
,,2400003C14Rik,Cflar,Ubc,Arhgdia,,,Fcgr2b,,,1810044D09Rik,Tex2,Eef1e1,C1s,Cox6a1,,Akr1d1,,,Alox5ap,Aph1a,Cenpa,Filip1l,Ltb,,Rpl36
,,2410002O22Rik,Chic2,Wsb1,Arhgef12,,,Fcgrt,,,1810046J19Rik,Tmem106b,Eif2s2,C8a,Cox6b1,,Akr7a5,,,Ammecr1l,Apobec1,Cited2,Flna,Ly6d,,Rpl37
,,2410091C18Rik,Clk1,Zfas1,Arhgef15,,,Fkbp1a,,,1810049H13Rik,Tmem33,Eif3g,Camk2n1,Cox7a2,,Alad,,,Ank,App,Ckap4,Gltp,Mef2c,,Rpl37a
,,2500003M10Rik,Cox17,,Arhgef7,,,Flt1,,,1810055G02Rik,Tomm70a,Eif3i,Ccbl1,Cox7b,,Alb,,,Ankrd11,Aqp1,Cks1b,Gm1821,Ms4a1,,Rpl38
,,2510003E04Rik,Crk,,Armcx1,,,Flt4,,,1810063B05Rik,Txndc5,Eif5b,Ccbl2,Cox7c,,Aldh1a1,,,Ankrd12,Arap1,Clint1,Gmfg,Ms4a4c,,Rpl39
,,2510009E07Rik,Csnk1a1,,Arpc3,,,Fos,,,2010003K11Rik,Vcp,Elob,Ccl9,Cox8a,,Aldh1a7,,,Anxa4,Arap2,Cmah,Gnai2,Napsa,,Rpl41
,,2610002M06Rik,Csnk1g2,,Arrb2,,,Fscn1,,,2010012O05Rik,Zfp36l1,Emc6,Cd1d1,Cps1,,Aldh1l1,,,Ap1s1,Arf1,Cope,Gnb2l1,Neurl3,,Rpl6
,,2610005L07Rik,Cstb,,Asah1,,,Fyn,,,2010305A19Rik,,Emcn,Cdk5rap3,Cxcl12,,Aldh2,,,Apba3,Arf5,Creld2,Gng2,Nfatc1,,Rpl7
,,2610019F03Rik,Ctbp1,,Asap1,,,Gatm,,,2210015D19Rik,,Eno1,Chpt1,Cycs,,Aldh6a1,,,Arf6,Arhgap19,Cript,Grb2,Npm1,,Rpl8
,,2700007P21Rik,Ctdnep1,,Atp1a1,,,Gimap4,,,2210408F21Rik,,Ergic2,Chuk,Cyp17a1,,Aldh7a1,,,Arfgef2,Arid4b,Ctla2a,H2-Aa,P2ry10,,Rpl9
,,2810021B07Rik,Cttn,,Atp1b3,,,Gimap6,,,2210411K11Rik,,Fabp5,Cisd3,Cyp2a4,,Aldh8a1,,,Arfrp1,Arl4c,Ctla4,H2-Ab1,Pou2af1,,Rplp0
,,2810453I06Rik,Cuta,,Atp2b4,,,Gng11,,,2310003F16Rik,,Fam213a,Clpp,Cyp2a5,,Aldh9a1,,,Arhgap12,Arl8a,Ctsw,H2-D1,Ptp4a3,,Rplp1
,,3110043O21Rik,Cyba,,Atp6ap1,,,Gpihbp1,,,2310030G06Rik,,Fam32a,Cmah,Cyp39a1,,Aldob,,,Arhgap15,Arpc5,Cxcr6,H2-DMb1,Ptpn22,,Rplp2
,,3110062M04Rik,Cyfip1,,Atp6v0b,,,Gpr182,,,2310030N02Rik,,Fbxo22,Cml1,Cyp4f13,,Amacr,,,Arhgap17,Arpp19,D16Ertd472e,H2-Eb1,Ptprcap,,Rps10
,,3230401D17Rik,Dapk2,,Atp6v1g1,,,Hes1,,,2310044G17Rik,,Fkbp3,Cml2,D10Jhu81e,,Ambp,,,Arhgap25,Arrb2,Dap,H3f3b,Purb,,Rps12
,,4632411B12Rik,Ddx24,,Atpif1,,,Icam2,,,2310061C15Rik,,Fmc1,Coasy,Dalrd3,,Amdhd1,,,Arhgap30,Asah1,Ddost,Hck,Rpl4,,Rps13
,,4632428N05Rik,Dek,,Atrx,,,Ifi203,,,2410131K14Rik,,Ftl1,Coq9,Dctpp1,,Amy1,,,Arhgap4,Asna1,Ddx42,Hcls1,Rpl5,,Rps14
,,4732418C07Rik,Dnajc1,,B230219D22Rik,,,Ifi204,,,2510049J12Rik,,Ggact,Cpn2,Deptor,,Ang,,,Arhgap9,Atox1,Dennd4a,Hn1,Satb1,,Rps15
,,4921513D23Rik,Dnajc7,,B2m,,,Ifitm2,,,2610029I01Rik,,Gk,Cyb5,Dgcr6,,Angptl3,,,Arhgef1,Atp13a2,Derl3,Hnrnpm,Sept1,,Rps15a
,,4930471M23Rik,Dnajc8,,BC017612,,,Ifitm3,,,2610507I01Rik,,Glrx3,Cyp2c67,Dhdh,,Angptl4,,,Arid1a,Atp1a1,Dgat1,Ier5,Serp1,,Rps16
,,4930481A15Rik,Drap1,,BC017647,,,Igfbp4,,,2610528J11Rik,,Gm10250,Cyp2d40,Dlst,,Apcs,,,Arid4a,Atp1b3,Dhx15,Ifi203,Set,,Rps18
,,4930523C07Rik,Dync1i2,,Bace2,,,Igfbp7,,,2700062C07Rik,,Gm10736,Cyp2d9,Dnajc19,,Apoa1,,,Arpc4,Atp2b1,Dnajb11,Ifi27l2a,Sla,,Rps19
,,4930581F22Rik,Eif1,,Bax,,,Il6st,,,2810004N23Rik,,Gm12338,Cyp4a14,Dnajc25,,Apoa2,,,Arrdc1,Atp6ap1,Dnajc2,Ifi30,Slc1a5,,Rps2
,,4932438A13Rik,Eif3f,,Bclaf1,,,Jak1,,,2810006K23Rik,,Gm13340,Cyp7b1,Dsg2,,Apoa4,,,Arrdc3,Atp6v0b,Dnajc3,Ikzf1,Smchd1,,Rps20
,,4933407C03Rik,Eif3k,,Bnip2,,,Jun,,,2810055F11Rik,,Gm2000,Dak,Echdc3,,Apoa5,,,Ash2l,Atp6v0e,Dpp3,Il10ra,Snn,,Rps21
,,4933407H18Rik,Fam116a,,Bok,,,Jund,,,2810405K02Rik,,Gm23935,Deb1,Edf1,,Apob,,,Atg12,Atp6v1b2,Dusp4,Iqgap1,St8sia4,,Rps23
,,4933411K20Rik,Fam165b,,Bptf,,,Kdr,,,2810459M11Rik,,Gm2788,Derl2,Ei24,,Apoc1,,,Atg16l2,Atp6v1d,Dusp5,Irf8,Sub1,,Rps24
,,5730403B10Rik,Fau,,Bst2,,,Klf2,,,2900026A02Rik,,Gm4951,Edem1,Endog,,Apoc3,,,Atg4b,Atp6v1f,Eaf2,Klf2,Tmem123,,Rps26
,,5730455P16Rik,Fez2,,C1qtnf1,,,Klf4,,,3010026O09Rik,,Gng5,Eif4ebp3,Enho,,Apoc4,,,Atp2a3,Atp6v1g1,Edem1,Laptm5,Tnfrsf13b,,Rps27
,,5730494M16Rik,G3bp2,,C230081A13Rik,,,Lifr,,,3110040N11Rik,,Gstp-ps,Elovl3,Entpd5,,Apof,,,Atxn2,Atpif1,Edem2,Lbh,Tspan13,,Rps27a
,,6030458C11Rik,Gabarap,,Calcrl,,,Ltbp4,,,3110057O12Rik,,Gucd1,Ephx1,Eny2,,Apoh,,,B230118H07Rik,Atrx,Eef1b2,Lcp1,Tubb5,,Rps3
,,6430548M08Rik,Gars,,Calm1,,,Lyve1,,,4833442J19Rik,,H2-DMb1,Evi5,Eps8l2,,Apol7a,,,B3gnt5,Axl,Eif1ax,Lilrb3,Uba5,,Rps4x
,,6530401N04Rik,Gbp7,,Calu,,,Maf,,,4930455C21Rik,,Hmgb1,Fam108c,Esd,,Apom,,,B4galnt1,B2m,Eif3m,Lrp6,Vars,,Rps5
,,6720456H20Rik,Gcap14,,Camk1,,,Marcksl1,,,4930506M07Rik,,Hmgn1,Fam136a,Fads2,,Apon,,,BC003266,BC005624,Elob,Ly6e,,,Rps7
,,8430410A17Rik,Gdi2,,Cav2,,,Mgll,,,4930528F23Rik,,Hnrnpdl,Fam176a,Fam162a,,Aqp8,,,BC005561,BC037034,Elovl5,Ly86,,,Rpsa
,,9430020K01Rik,Gemin7,,Cbfa2t3,,,Mmrn2,,,4930581F22Rik,,Hsbp1,Fasn,Fbxo3,,Arg1,,,BC013712,Banf1,Emb,Lyn,,,Selplg
,,9430023L20Rik,Gm9320,,Ccdc80,,,Mndal,,,4933403F05Rik,,Igsf8,Fdft1,Fbxo8,,Asgr1,,,BC017643,Bax,Emd,Macf1,,,Sh3bgrl3
,,9530068E07Rik,Gmfg,,Ccdc85b,,,Mrc1,,,4933424B01Rik,,Ikzf1,Fech,Fkbp2,,Asgr2,,,BC094916,Baz1b,Eprs,Malat1,,,Shisa5
,,9530082P21Rik,Gpr155,,Ccnd1,,,Mtch1,,,5033403H07Rik,,Immp1l,Fggy,Fmo3,,Asl,,,Bach2,Baz2a,Ergic1,Mcl1,,,Snrpg
,,9830001H06Rik,Gstm2,,Ccnd2,,,Myct1,,,5033406O09Rik,,Klf9,G0s2,Fmo5,,Aspdh,,,Baiap2l1,Bbx,Fam107b,Mndal,,,Stk17b
,,A230050P20Rik,Hist3h2a,,Cd2ap,,,Npr1,,,5033411D12Rik,,Kyat1,Gadd45g,Gpx4,,Ass1,,,Baz1a,Bclaf1,Fam214a,Msn,,,Stk24
,,A730017L22Rik,Hmg20b,,Cd47,,,Nrp1,,,5430407P10Rik,,Kyat3,Gbe1,Grb7,,Atf5,,,Bcat2,Becn1,Fam46c,Myl12b,,,Tmsb10
,,A930005H10Rik,Hmox2,,Cd81,,,Nucb1,,,5430416N02Rik,,Lamtor2,Ghitm,Grpel1,,Atp5a1,,,Bcl11a,Bgn,Fcmr,Myl6,,,
,,AI314180,Hn1,,Cd84,,,Oit3,,,5730455O13Rik,,Lamtor4,Gltpd2,Gsta4,,Atp5b,,,Bcl2,Blvra,Fgl2,Ncf1,,,
,,AI597468,Hnrnpa0,,Cd93,,,Pdlim1,,,5730469M10Rik,,Larp1,Glyctk,Gstk1,,Atp5c1,,,Bend5,Blvrb,Fkbp11,Nfkbia,,,
,,AK010878,Hnrnpa3,,Cdc42,,,Pea15a,,,5830473C10Rik,,Lman2,Gm10768,Gstm1,,Atp5d,,,Bin1,Bola2,Fkbp2,Pdcl3,,,
,,AU021092,Hnrnpd,,Cdc42bpb,,,Pecam1,,,5930434B04Rik,,Lsm6,Gm6484,Gstm3,,Atp5f1,,,Birc3,Bzw1,Fkbp3,Pfdn5,,,
,,AU040320,Hnrnpm,,Cds2,,,Plk2,,,9030617O03Rik,,Malat1,Gnpnat1,Gsto1,,Atp5g1,,,Blk,C1qa,Fosl2,Pfn1,,,
,,AW549877,Hnrnpr,,Chst7,,,Plxnc1,,,9130409I23Rik,,Map1lc3a,Got1,Gstt3,,Atp5g3,,,Blnk,C1qb,Fus,Pkig,,,
,,Aaas,Hnrpdl,,Clec1b,,,Ppp1r15a,,,9430008C03Rik,,Marc1,Gpt,Gys2,,Atp5k,,,Bmyc,C1qc,Fut8,Pkm2,,,
,,Aatf,Ier3ip1,,Clec2d,,,Ppp1r2,,,A1cf,,Marc2,Gstm6,Hadhb,,Atp5o,,,Bod1l,C3ar1,Gapdh,Pld4,,,
,,Abca1,Ier5,,Clic1,,,Ptprb,,,A2ld1,,Max,Gyk,Higd2a,,Azgp1,,,Bpnt1,C6,Gimap4,Plek,,,
,,Abca3,Il13ra1,,Clta,,,Ramp2,,,A430005L14Rik,,Mettl26,H2-Ke6,Hint1,,BC024386,,,Bptf,Cab39,Gimap5,Ppp1r18,,,
,,Abcb7,Imp3,,Cltc,,,Rasip1,,,A430107O13Rik,,Mgll,H47,Hsd17b10,,Baat,,,Brms1,Cadm1,Glipr1,Ppp3ca,,,
,,Abcc4,Irak1,,Cmtm3,,,Rbms1,,,AI314976,,Mien1,Herpud1,Hspe1,,Bbox1,,,Bsdc1,Calm2,Gm10275,Prkcb,,,
,,Abcc5,Itch,,Cnn2,,,Rfk,,,AI317395,,Minos1,Hes6,Idh2,,Bche,,,Btg1,Calm3,Gm10288,Prkcd,,,
,,Abcf1,Ivns1abp,,Coro1c,,,Rhob,,,AI464131,,Mpc1,Hoga1,Idh3b,,Bckdha,,,Btk,Camk1,Gm10736,Psmb8,,,
,,Abcf2,Krtcap2,,Cotl1,,,Rhoc,,,AU022252,,Mpc2,Hrsp12,Ift20,,Bdh1,,,Btla,Capns1,Gm11478,Ptp4a2,,,
,,Abcg2,Lamtor3,,Cpd,,,Robo4,,,AW209491,,Mri1,Hsd17b6,Ivd,,Bhmt,,,C030044B11Rik,Capza1,Gm15427,Ptpn6,,,
,,Abhd2,Lsm5,,Cpne2,,,Rtp4,,,AW555464,,Mrpl17,Hsd3b5,Krt18,,Bhmt2,,,C130026I21Rik,Capza2,Gm9794,Ptprj,,,
,,Abhd4,Lsm7,,Crim1,,,S100a13,,,Aacs,,Mrpl40,Hsd3b7,Krt8,,Bnip3,,,C1d,Casp8,Gm9843,Pyhin1,,,
,,Abhd6,Mapre1,,Crip2,,,Sdpr,,,Aasdhppt,,Mrpl51,Hyi,Lactb2,,Bola3,,,C77080,Cbfb,Golph3,Rasgrp1,,,
,,Abi1,Med10,,Csda,,,Serinc3,,,Abca6,,Mrpl52,Idi1,Macrod1,,Bphl,,,Camta1,Ccdc12,Gorasp2,Rassf5,,,
,,Abi2,Metrnl,,Csf1,,,Sgk1,,,Abca8b,,Mrpl57,Iigp1,Mcee,,C1ra,,,Capg,Ccdc124,Got1,Rbm3,,,
,,Abi3,Mff,,Csrp1,,,Sgpp1,,,Abcb10,,Mrps14,Iqgap2,Mif,,C1rl,,,Card11,Ccdc85b,Gpcpd1,Rbm39,,,
,,Abt1,Minos1,,Ctdsp2,,,Sh3bp5,,,Abcb6,,Msmo1,Lass2,Mkks,,C3,,,Casp7,Ccl24,Gpr132,Rel,,,
,,Acad9,Mrfap1,,Ctnna1,,,Slc29a1,,,Abcc6,,Msrb1,Ldlr,Mocs2,,C4b,,,Cbfa2t3,Ccl6,Gramd1a,Rhoa,,,
,,Acbd6,Mrps18c,,Ctnnd1,,,Slc39a8,,,Abcd2,,Naa38,Lpin2,Mrap,,C4bp,,,Cbx7,Ccnd1,Gramd3,Rhog,,,
,,Acer3,Mtdh,,Ctsb,,,Slc43a3,,,Abcg2,,Nat8f1,Me1,Mrpl13,,C8b,,,Ccdc25,Ccnl1,Gstt2,Rpl14,,,
,,Acin1,Mxra7,,Cuedc2,,,Slc9a3r2,,,Abcg5,,Nat8f2,Mosc1,Mrpl14,,C8g,,,Ccdc72,Cd163,Gzma,Rpl29,,,
,,Acox3,Myeov2,,Cxcl16,,,Snrk,,,Abcg8,,Ndufa8,Mosc2,Mrpl20,,C9,,,Ccm2,Cd164,Gzmb,Rpl31,,,
,,Acsf2,N4bp2l2,,Cyp26b1,,,Sparc,,,Abhd14a,,Ndufb3,Mreg,Mrpl24,,Cald1,,,Ccnc,Cd2ap,Gzmc,Rpl35a,,,
,,Actr10,Nagk,,D14Abb1e,,,Srsf2,,,Abhd15,,Ndufs7,Mrpl38,Mrpl30,,Car3,,,Ccnh,Cd300a,H13,Rpl36a,,,
,,Actr1b,Nap1l4,,D4Wsu53e,,,Stab1,,,Abhd5,,Ndufs8,Mttp,Mrpl34,,Cat,,,Cd200,Cd300ld,H2-Q6,Rps11,,,
,,Actr2,Nck1,,Ddah2,,,Stab2,,,Ablim3,,Nedd8,Mup1,Mrpl39,,Cbr1,,,Cd22,Cd36,H2-Q7,Rps15a-ps6,,,
,,Actr8,Ndufs4,,Ddx17,,,Sypl,,,Acaca,,Ngly1,Mup12,Mrpl42,,Cbs,,,Cd24a,Cd38,H2afx,Rps17,,,
,,Ada,Nedd8,,Ddx5,,,Tcn2,,,Acacb,,Nhp2,Mup2,Mrps12,,Ccs,,,Cd40,Cd47,Herpud1,Rps25,,,
,,Adam10,Nenf,,Dhrs3,,,Tek,,,Acad10,,Nsfl1c,Mup21,Mrps16,,Cd302,,,Cd55,Cd5l,Hif1a,Rps28,,,
,,Adam15,Npc2,,Dpysl2,,,Tfpi,,,Acad8,,Oaz1,Mut,Mrps17,,Cdo1,,,Cd72,Cd68,Hnrnpa0,Rps29,,,
,,Adam9,Nudcd3,,Dse,,,Timp3,,,Acmsd,,Pak1ip1,Myo1b,Mrps24,,Cebpa,,,Cd83,Cd81,Hnrnpdl,Rps3a,,,
,,Adamts7,Ostc,,Dusp3,,,Tinagl1,,,Acn9,,Pdap1,Naprt1,Mt2,,Ces1c,,,Cd86,Cdh5,Hopx,Rps6,,,
,,Adck1,Pafah1b1,,Ecscr,,,Tm4sf1,,,Acnat1,,Pdcd5,Nr1i3,Mtfr1,,Ces1d,,,Cdc14b,Cebpb,Hsp90b1,Rps8,,,
,,Adcy4,Pard3b,,Efnb1,,,Tmem106a,,,Acnat2,,Pomp,Onecut2,Nadk,,Ces1e,,,Cdk19,Cetn2,Hspa4,Rps9,,,
,,Add1,Pbrm1,,Eltd1,,,Tmem204,,,Acot12,,Ppib,Osgin1,Ndufa10,,Ces1f,,,Cdk8,Cfdp1,Hspa5,S100a11,,,
,,Ado,Pelo,,Emcn,,,Tmem30a,,,Acot3,,Ppp1ca,Pcx,Ndufa12,,Ces1g,,,Cdkn1b,Cfp,Icos,Samd9l,,,
,,Adpgk,Pfdn5,,Emilin1,,,Tnfaip1,,,Acot4,,Prelid1,Pdhb,Ndufa2,,Ces2a,,,Cerk,Chic2,Ift20,Samhd1,,,
,,Adprh,Plekhf2,,Epb4.1l2,,,Tspan7,,,Acp1,,Psma1,Pgk1,Ndufa3,,Ces2e,,,Chd4,Chmp4b,Igha,Scand1,,,
,,Adprhl2,Pomp,,Ephb4,,,Txnip,,,Acsf3,,Psma4,Pid1,Ndufa5,,Ces3a,,,Chn2,Ckb,Ighd,Serf2,,,
,,Adss,Ppia,,Ets2,,,Ushbp1,,,Acsl3,,Psma7,Plin2,Ndufa6,,Ces3b,,,Chst3,Cklf,Ighg2b,Serinc3,,,
,,Aebp2,Ppig,,F2r,,,Ywhab,,,Acsm3,,Psmb1,Pnpla8,Ndufa7,,Cfb,,,Chsy1,Clec12a,Ighg2c,Sfpi1,,,
,,Aff1,Ppp1r11,,Fabp5,,,,,,Acsm5,,Psmb3,Poldip2,Ndufa9,,Cfh,,,Ciita,Clec1b,Ighm,Sipa1,,,
,,Afg3l1,Ppp2r2a,,Fam103a1,,,,,,Acss3,,Psmb4,Ppara,Ndufab1,,Cfhr1,,,Clpb,Clec4a1,Igkc,Slfn2,,,
,,Afg3l2,Psenen,,Fam124a,,,,,,Acy1,,Psmb5,Ppm1k,Ndufb10,,Cfhr2,,,Cnp,Clec4a3,Iglc1,Snx2,,,
,,Aga,Psmb10,,Fam171a1,,,,,,Adal,,Psmc2,Ppp1r3b,Ndufb11,,Cfi,,,Coq6,Clec4f,Iglc2,Sp110,,,
,,Agpat6,Psmb8,,Fam174a,,,,,,Adck5,,Psmd12,Ppp1r3c,Ndufb2,,Chchd10,,,Cpsf2,Clec7a,Iglc3,Srgn,,,
,,Agtrap,Psmb9,,Fam174b,,,,,,Adh6-ps1,,Psmd7,Ptplad1,Ndufb4,,Cideb,,,Cpt1a,Cln8,Iglv1,Syk,,,
,,Agxt2l2,Pwwp2a,,Fam176b,,,,,,Adh7,,Pttg1,Ptprd,Ndufb5,,Cisd1,,,Cr2,Clta,Igtp,Tmod3,,,
,,Ahcyl1,Ralgps2,,Fam178a,,,,,,Adhfe1,,Qpct,Rarres1,Ndufb6,,Cldn3,,,Crlf3,Cltc,Il2rb,Tmsb4x,,,
,,Aig1,Rap1a,,Fam3c,,,,,,Agmo,,RP23-269H21.1,Rbpms2,Ndufb7,,Clpx,,,Ctse,Cmtm3,Il4ra,Tpm3,,,
,,Aimp2,Rasgrp2,,Fam43a,,,,,,Agphd1,,Rab14,Saa4,Ndufb8,,Clu,,,Cul4b,Cnih4,Ip6k1,Tpt1,,,
,,Akap1,Rbbp6,,Fcho2,,,,,,Agtr1a,,Rad23b,Sc4mol,Ndufc1,,Cmbl,,,Cutc,Cnpy3,Iqcb1,Tsc22d4,,,
,,Akap11,Rbm25,,Fermt2,,,,,,Agxt2,,Rbm14,Sec24a,Ndufc2,,Col18a1,,,Cwc25,Commd7,Isca1,Tulp4,,,
,,Akt1s1,Rbm27,,Fgd5,,,,,,Agxt2l1,,Rbp1,Sepx1,Ndufs2,,Comt,,,Cxcr5,Coro1b,Isy1,Ubb,,,
,,Aktip,Rfc1,,Flnb,,,,,,Aifm1,,Rbx1,Serpina11,Ndufs3,,Cops6,,,Cybasc3,Cox17,Itk,Ucp2,,,
,,Aldoa,Rn45s,,Fndc3b,,,,,,Aifm2,,Rdh14,Sigmar1,Ndufs4,,Copz1,,,Cyfip2,Cox5a,Jchain,Unc93b1,,,
,,Alg1,Rnaset2b,,Fundc2,,,,,,Ak4,,Rdh16f2,Sirt3,Nit1,,Cox5b,,,Cyth1,Cox7a2l,Kcnn4,Vim,,,
,,Alg11,Rnf7,,Fus,,,,,,Akap17b,,Rida,Slc25a10,Nme1,,Cox6c,,,D19Wsu162e,Crlf2,Klhdc2,Wnk1,,,
,,Alg14,Rock1,,Gas6,,,,,,Akr1e1,,Rnaseh2c,Slc25a20,Nop10,,Cp,,,D930014E17Rik,Csda,Klra5,Xrn2,,,
,,Alg2,Rpl11,,Gata4,,,,,,Akt2,,Rp9,Slc25a23,Oat,,Cpb2,,,D930015E06Rik,Csf1r,Klrb1b,Ywhaz,,,
,,Alg3,Rpl13,,Gimap1,,,,,,Alas2,,Rpl24,Slc25a25,Pctp,,Cpn1,,,Dapp1,Csnk1a1,Klrb1c,Zbtb7a,,,
,,Alg9,Rpl13a,,Glul,,,,,,Alcam,,Rpl36,Slc2a2,Pebp1,,Cpox,,,Dbt,Csrp1,Klrc1,Zcchc11,,,
,,Alkbh3,Rpl14,,Gm4980,,,,,,Aldh16a1,,Rpl38,Slc39a14,Perp,,Cpt2,,,Dcaf10,Cst3,Klrd1,Zfp36l2,,,
,,Alox12,Rpl15,,Gnai2,,,,,,Aldh1b1,,Rps2,Slc47a1,Pex6,,Creb3l3,,,Dcaf17,Cstb,Klre1,,,,
,,Amdhd2,Rpl17,,Gnaq,,,,,,Aldh5a1,,Rps25-ps1,Slc7a2,Pex7,,Crot,,,Ddx6,Ctcf,Klrk1,,,,
,,Ammecr1l,Rpl18,,Gnas,,,,,,Aldoc,,Ruvbl1,Slco1a1,Pglyrp2,,Crp,,,Def6,Ctla2b,Krtcap2,,,,
,,Anapc10,Rpl18a,,Gnb1,,,,,,Alg12,,S100a10,Slco2b1,Pigyl,,Csad,,,Dennd4b,Ctsa,Lat,,,,
,,Anapc11,Rpl19,,Gnb2,,,,,,Alkbh7,,Scp2-ps2,Srr,Pla2g12b,,Cth,,,Dennd5a,Ctsb,Lck,,,,
,,Anapc16,Rpl21,,Gngt2,,,,,,Alpl,,Sec16a,Stard7,Polr2i,,Cyb5b,,,Dgkd,Ctsd,Lman1,,,,
,,Anapc5,Rpl22,,Golga7,,,,,,Als2,,Selenos,Suox,Pop5,,Cyb5r3,,,Dnajc14,Cxcl16,Lman2,,,,
,,Ankle2,Rpl23,,Gpr116,,,,,,Ank3,,Serf2,Tmem147,Ppdpf,,Cyc1,,,Dnajc7,Cyb5r4,Lrrc59,,,,
,,Ankmy2,Rpl23a,,Gpr124,,,,,,Ankrd33b,,Sil1,Tmem183a,Prdx2,,Cyp1a2,,,Dnajc9,Cyfip1,Lsm8,,,,
,,Ankrd13c,Rpl24,,Gpr77,,,,,,Ankrd46,,Slc30a7,Tmem19,Psmb6,,Cyp27a1,,,Dock11,D14Abb1e,Luc7l2,,,,
,,Ankrd27,Rpl27,,Gpr97,,,,,,Anks4b,,Slirp,Tmem86b,Pxmp4,,Cyp2a12,,,Dock2,D4Wsu53e,Ly6c2,,,,
,,Ankrd44,Rpl27a,,Gsk3b,,,,,,Anpep,,Smdt1,Tmem97,Rab9,,Cyp2b9,,,Dok3,Dab2,Man1a,,,,
,,Ankrd46,Rpl28,,H2-D1,,,,,,Anubl1,,Smim10l1,Tob1,Rexo2,,Cyp2c29,,,Dolpp1,Ddx46,Manf,,,,
,,Ankrd49,Rpl29,,H2-Q4,,,,,,Anxa4,,Smim20,Tspan12,Rnf125,,Cyp2c37,,,Dom3z,Dhx9,Mif,,,,
,,Anks1,Rpl3,,H2-T23,,,,,,Aox1,,Snrpd2,Txndc15,Rnf5,,Cyp2c40,,,Dpcd,Dleu2,Morf4l2,,,,
,,Anxa1,Rpl31,,H2afz,,,,,,Ap3m1,,Snrpd3,Txnl1,Romo1,,Cyp2c44,,,Dpf2,Dmpk,Mrpl18,,,,
,,Ap1m1,Rpl31-ps12,,H3f3b,,,,,,Apba3,,Socs2,Ugt3a1,Rpl36al,,Cyp2c50,,,Dpy19l1,Dnajc13,Mrpl54,,,,
,,Ap1s1,Rpl32,,Hdac7,,,,,,Apol9a,,Sp1,Uroc1,S100a1,,Cyp2c54,,,Dusp6,Dnajc8,Mrpl57,,,,
,,Ap2a2,Rpl35,,Hecw2,,,,,,Apoo,,Spag7,,Sec16b,,Cyp2c68,,,E330020D12Rik,Dnase2a,Mrps14,,,,
,,Ap2m1,Rpl35a,,Hexa,,,,,,Arfgap2,,Spcs3,,Sec61b,,Cyp2c69,,,Eif2ak1,Dnttip2,Ms4a4b,,,,
,,Ap3s1,Rpl36a,,Hfe,,,,,,Arhgap42,,Spp1,,Sec61g,,Cyp2c70,,,Eif2b2,Dock8,Ms4a6b,,,,
,,Ap3s2,Rpl37,,Hlx,,,,,,Arhgef19,,Srp19,,Skp1a,,Cyp2d10,,,Eif2d,Dse,Mthfd2,,,,
,,Ap4b1,Rpl37a,,Hmgb1,,,,,,Arhgef26,,Ss18l2,,Slc16a7,,Cyp2d26,,,Eif3f,Dtx3l,Mxd4,,,,
,,Apaf1,Rpl39,,Hmha1,,,,,,Arid5b,,Ssu72,,Slc22a26,,Cyp2e1,,,Eif3k,Dusp1,Mzb1,,,,
,,Apold1,Rpl5,,Hook3,,,,,,Arl1,,Stip1,,Slc22a27,,Cyp2f2,,,Ell2,Dusp3,Nab1,,,,
,,Apool,Rpl6,,Hpcal1,,,,,,Arsg,,Stk10,,Slc25a5,,Cyp2j5,,,Eml4,Dync1i2,Nabp1,,,,
,,Appbp2,Rpl7,,Hpgd,,,,,,As3mt,,Stra6l,,Slc30a10,,Cyp3a11,,,Entpd5,Ecm1,Nans,,,,
,,Aqr,Rpl8,,Hs3st3b1,,,,,,Asb13,,Stub1,,Slc37a4,,Cyp3a13,,,Erap1,Eea1,Ncor1,,,,
,,Arap2,Rpl9,,Hspg2,,,,,,Aspa,,Stx2,,Spryd4,,Cyp3a25,,,Ergic2,Efnb1,Ndufa1,,,,
,,Arfgap1,Rplp0,,Hyal2,,,,,,Atad3a,,Sult2a1,,Sra1,,Cyp4a10,,,Ero1l,Ehbp1l1,Ndufs6,,,,
,,Arfgef2,Rplp1,,Id1,,,,,,Atg4c,,Sult2a8,,Srp9,,Cyp4f14,,,Esyt1,Ehd3,Nfil3,,,,
,,Arfrp1,Rplp2,,Id3,,,,,,Atg5,,Sult3a1,,Stk16,,Cyp4v3,,,Evi2a,Eif1,Nfkbid,,,,
,,Arhgap1,Rpp21,,Il10rb,,,,,,Atoh8,,Sumo3,,Sult2a2,,Cyp51,,,Evl,Eif3g,Nkg7,,,,
,,Arhgap17,Rps10,,Inpp5a,,,,,,Atp13a3,,Taf10,,Swi5,,Cyp8b1,,,Exosc7,Eif5b,Nme1,,,,
,,Arhgap21,Rps11,,Ipo11,,,,,,Atp5l,,Tango2,,Timm13,,Dap,,,Ezr,Emr1,Nol7,,,,
,,Arhgap5,Rps13,,Itga1,,,,,,Atp5sl,,Tex261,,Timm17b,,Dbi,,,Faf2,Emr4,Nr3c1,,,,
,,Arhgef10l,Rps14,,Itga9,,,,,,Atp7b,,Tkfc,,Timm8b,,Dbt,,,Faim3,Entpd1,Nr4a1,,,,
,,Arhgef3,Rps15,,Itgb1,,,,,,Atp8b1,,Tmem126a,,Tm7sf3,,Dcaf11,,,Fam108b,Ep300,Nr4a3,,,,
,,Arid1a,Rps15a,,Itm2b,,,,,,Avpr1a,,Tmem14c,,Uba52,,Dcxr,,,Fam111a,Epb4.1l2,Nusap1,,,,
,,Arid4b,Rps15a-ps4,,Itm2c,,,,,,Azin1,,Tmem208,,Ube2l6,,Ddah1,,,Fam116a,Eps15,Odc1,,,,
,,Arl3,Rps16,,Jam2,,,,,,B230118H07Rik,,Tmem238,,Ufc1,,Ddc,,,Fam45a,Erh,Pck2,,,,
,,Arl4a,Rps17,,Kdelr2,,,,,,BC002163,,Tmem242,,Ufsp2,,Ddt,,,Fam55c,Exoc3,Pclaf,,,,
,,Arl4d,Rps18,,Kit,,,,,,BC021614,,Tmem256,,Ugdh,,Decr1,,,Fam65b,Fabp7,Pdap1,,,,
,,Arl5b,Rps19,,Klf13,,,,,,BC026585,,Tmem258,,Ugt2b37,,Decr2,,,Fam73b,Fam165b,Pdia4,,,,
,,Arl6ip5,Rps20,,Klf6,,,,,,BC029214,,Tomm22,,Upp2,,Dgat2,,,Far1,Fam168b,Pdia6,,,,
,,Armc1,Rps21,,LOC545261,,,,,,BC031353,,Tonsl,,Uqcr10,,Dhcr24,,,Fbxl15,Fam176b,Pik3r1,,,,
,,Armc10,Rps23,,Lama4,,,,,,BC048355,,Twnk,,Uqcrb,,Dhrs1,,,Fbxo28,Fam46a,Pim2,,,,
,,Armc8,Rps24,,Lamp1,,,,,,BC048546,,Ube2g1,,Uqcrh,,Dhrs4,,,Fbxo7,Fam63b,Pon2,,,,
,,Armcx3,Rps25,,Laptm4a,,,,,,BC068281,,Ube2r2,,Urod,,Dio1,,,Fbxw9,Fbxl17,Ppa1,,,,
,,Armcx4,Rps27,,Leprot,,,,,,Baiap2l1,,Ubxn1,,Vdac1,,Dmgdh,,,Fcer2a,Fcer1g,Ppib,,,,
,,Arntl,Rps27a,,Lgals1,,,,,,Bcar3,,Uggt1,,Vnn3,,Dpyd,,,Fcrl1,Fcgr3,Ppm1g,,,,
,,Arpc1a,Rps28,,Lgals3bp,,,,,,Bckdhb,,Uqcc2,,Wdr61,,Dpys,,,Fcrla,Fcgr4,Pqbp1,,,,
,,Arrb1,Rps29,,Lgmn,,,,,,Bcl6,,Uqcrc2,,Yif1a,,Ebp,,,Fermt3,Fcna,Prdm1,,,,
,,Arrdc1,Rps3,,Lhfpl2,,,,,,Bco2,,Urah,,,,Ebpl,,,Flad1,Fkbp1a,Prdx4,,,,
,,Arrdc3,Rps3a,,Lims1,,,,,,Bdh2,,Vamp8,,,,Ech1,,,Fli1,Fmnl2,Prf1,,,,
,,Art3,Rps4x,,Lmo2,,,,,,Bivm,,Wdr82,,,,Echdc2,,,Fmnl1,Folr2,Prkar1a,,,,
,,Asah2,Rps5,,Lmo4,,,,,,Bloc1s1,,Wfdc21,,,,Echs1,,,Foxn3,Fos,Psmc4,,,,
,,Asb8,Rps6,,Lpar6,,,,,,Bmp1,,Wls,,,,Eci1,,,Frat1,Frmd4a,Ptk2b,,,,
,,Ascc1,Rps7,,Lphn2,,,,,,Bmpr1a,,mt-Co1,,,,Eci2,,,Frg1,Frmd4b,Puf60,,,,
,,Ascc2,Rps8,,Lrp10,,,,,,Bola1,,mt-Cytb,,,,Egfr,,,Fth1,Ftl1,Rack1,,,,
,,Asf1a,Rps9,,Lrrc32,,,,,,Brap,,mt-Nd1,,,,Ehhadh,,,Ftsj1,Fuca2,Ramp3,,,,
,,Ash1l,Rragc,,Lrrc58,,,,,,Btbd6,,mt-Nd2,,,,Elovl2,,,Furin,Fxc1,Ran,,,,
,,Asrgl1,Rreb1,,Lrrc8a,,,,,,C030006K11Rik,,mt-Nd3,,,,Elovl5,,,Gbf1,Fxyd5,Rexo2,,,,
,,Atg13,Ryk,,Lsm2,,,,,,C2,,mt-Nd4,,,,Ephx2,,,Gdap2,Fyb,Rfc2,,,,
,,Atg14,S100a11,,Ltbr,,,,,,C330018D20Rik,,mt-Nd5,,,,Errfi1,,,Gde1,G3bp1,Rftn1,,,,
,,Atg16l1,Samd9l,,Luc7l3,,,,,,C330021F23Rik,,mt-Rnr1,,,,Etfa,,,Gfra1,Gabarap,Rheb,,,,
,,Atg2a,Sbds,,Luzp1,,,,,,C4a,,mt-Rnr2,,,,Etfb,,,Gga2,Gatm,Riok1,,,,
,,Atg2b,Sdc3,,Ly6a,,,,,,C730027H18Rik,,,,,,Etfdh,,,Ggnbp1,Gbp3,Rora,,,,
,,Atg4c,Selm,,Ly96,,,,,,C730036E19Rik,,,,,,Ethe1,,,Gimap1,Ggh,Rpl26,,,,
,,Atg4d,Sepw1,,Lyn,,,,,,Cacnb4,,,,,,Etnk2,,,Glcci1,Glul,Rpl34,,,,
,,Atg9a,Sertad2,,Macf1,,,,,,Capn10,,,,,,F10,,,Gm12657,Gm11428,Rpn1,,,,
,,Athl1,Sfr1,,Malat1,,,,,,Car1,,,,,,F12,,,Gm13157,Gm9320,Rpn2,,,,
,,Atl3,Sh3bgrl3,,Man2a1,,,,,,Car14,,,,,,F13b,,,Gm14325,Gnaq,Rps10-ps2,,,,
,,Atp11a,Shfm1,,Man2b1,,,,,,Carhsp1,,,,,,F2,,,Gm15987,Gnas,Rps16-ps2,,,,
,,Atp11b,Sirt2,,Marcks,,,,,,Carkd,,,,,,F5,,,Gm16039,Gnb1,Rps3a1,,,,
,,Atp13a1,Slc25a11,,Mbnl2,,,,,,Casp6,,,,,,F7,,,Gm20300,Gnb2,Rrp1,,,,
,,Atp5s,Slc50a1,,Meis2,,,,,,Cblc,,,,,,F9,,,Gm2a,Gng10,Rsbn1l,,,,
,,Atp6v0c,Smap1,,Mesdc1,,,,,,Cbr4,,,,,,Faah,,,Gm4902,Gng5,S100a10,,,,
,,Atp6v1b2,Snapc5,,Mfge8,,,,,,Ccdc122,,,,,,Fabp1,,,Gm5148,Gngt2,S100a4,,,,
,,Atp8a1,Snrpg,,Mfsd5,,,,,,Ccdc141,,,,,,Fabp2,,,Gm9766,Gpr65,S100a6,,,,
,,Atp9a,Srp14,,Mgat1,,,,,,Ccdc162,,,,,,Fads1,,,Gmip,Gpsm3,Samsn1,,,,
,,Atpaf1,Srrm1,,Mll5,,,,,,Ccdc21,,,,,,Fah,,,Gosr2,Gpx3,Scd1,,,,
,,Atrnl1,Srsf1,,Mmp14,,,,,,Ccdc28a,,,,,,Fahd1,,,Gpr155,Grn,Sdc1,,,,
,,Atxn3,Srsf9,,Morf4l1,,,,,,Ccdc51,,,,,,Fam25c,,,Gpr171,Gsk3a,Sdf2l1,,,,
,,Atxn7l1,Ssb,,Mprip,,,,,,Ccdc58,,,,,,Fbp1,,,Gpr18,Gsk3b,Sec11c,,,,
,,Aup1,Stag2,,Mrps36,,,,,,Ccdc84,,,,,,Fdps,,,Gpr183,Gtf2a2,Sec61a1,,,,
,,Axin1,Stx7,,Msn,,,,,,Ccl25,,,,,,Fdx1,,,Grap,Gusb,Sec61b,,,,
,,Azi2,Sumo1,,Msr1,,,,,,Ccl27a,,,,,,Fetub,,,Grk6,H2afj,Sel1l,,,,
,,B230120H23Rik,Supt4h1,,Mtap4,,,,,,Ccnf,,,,,,Fga,,,Grpel2,H2afz,Selenok,,,,
,,B3galt1,Tbca,,Mxd4,,,,,,Cd59b,,,,,,Fgb,,,Gsn,Herc1,Selenos,,,,
,,B3gat3,Tceb2,,Mycbp2,,,,,,Cdc14b,,,,,,Fgg,,,H2-DMa,Hexa,Selenow,,,,
,,B3gnt3,Tmem160,,Mylip,,,,,,Cdh1,,,,,,Fgl1,,,H2-Eb2,Hfe,Serbp1,,,,
,,BC003266,Tmem55b,,Myo10,,,,,,Cdh2,,,,,,Fh1,,,H2-Oa,Hipk1,Serpinb6b,,,,
,,BC003331,Tmsb10,,Myzap,,,,,,Cdhr5,,,,,,Fkbp4,,,H2-T23,Hist3h2a,Serpinb9,,,,
,,BC003965,Tmsb4x,,Nav1,,,,,,Cdk10,,,,,,Fmo1,,,H2-T24,Hmgn2,Sh2d2a,,,,
,,BC005537,Tnrc6b,,Ncoa3,,,,,,Cecr2,,,,,,Fn1,,,Hbp1,Hmox1,Shmt2,,,,
,,BC013529,Tomm5,,Neat1,,,,,,Cela1,,,,,,Fpgs,,,Hectd3,Hnrnpa3,Sil1,,,,
,,BC016495,Tomm7,,Neurl3,,,,,,Cep164,,,,,,Ftcd,,,Hgs,Hpcal1,Skap1,,,,
,,BC017158,Top1,,Nfe2l2,,,,,,Ces1b,,,,,,Fxyd1,,,Hhex,Hpgd,Slamf7,,,,
,,BC017643,Tpm1,,Nfkbia,,,,,,Ces2c,,,,,,G6pc,,,Hiatl1,Hsbp1,Slc16a6,,,,
,,BC018507,Tpr,,Nid1,,,,,,Cgn,,,,,,Gabarapl1,,,Hist1h1d,Id3,Slc25a3,,,,
,,BC020535,Tspan14,,Nisch,,,,,,Chac2,,,,,,Gadd45gip1,,,Hist1h1e,Ier3ip1,Slc35b1,,,,
,,BC023829,Txndc17,,Nostrin,,,,,,Chchd3,,,,,,Galm,,,Hist1h2ao,Ifi204,Slc9a3r1,,,,
,,BC024659,Uba52,,Notch1,,,,,,Chdh,,,,,,Gamt,,,Hmbs,Ifit2,Snhg5,,,,
,,BC031181,Ubap2l,,Nptn,,,,,,Chid1,,,,,,Gc,,,Hmgn1,Ifitm2,Snrnp70,,,,
,,Bad,Ube2d1,,Nr2f2,,,,,,Chka,,,,,,Gcat,,,Hmha1,Ifitm3,Snrpd2,,,,
,,Bag4,Ucp2,,Nras,,,,,,Chst13,,,,,,Gcdh,,,Hnrnpa2b1,Igfbp7,Spcs1,,,,
,,Bag6,Utp11l,,Nrp2,,,,,,Churc1,,,,,,Gcgr,,,Hnrnpab,Igsf6,Spcs2,,,,
,,Baiap2,Vapa,,Oaz2,,,,,,Cks2,,,,,,Gch1,,,Hnrnpd,Il10rb,Spcs3,,,,
,,Bak1,Vapb,,Ostf1,,,,,,Clcn2,,,,,,Gchfr,,,Hnrnpf,Il18bp,Sptssa,,,,
,,Bap1,Vps72,,Pam,,,,,,Cldn1,,,,,,Gckr,,,Hnrnpk,Il1b,Srp19,,,,
,,Bcap31,Wbp11,,Parp14,,,,,,Cldn12,,,,,,Gclc,,,Hsf2,Ipo5,Srp9,,,,
,,Bcar1,Wdr89,,Pcdh12,,,,,,Cldn14,,,,,,Gclm,,,Hsp90aa1,Irf1,Ssr2,,,,
,,Bcas2,Xdh,,Pcdh17,,,,,,Cldn2,,,,,,Gcsh,,,Hspa8,Irf7,Ssr3,,,,
,,Bcas3,Xist,,Pde2a,,,,,,Clmn,,,,,,Gfer,,,Hspbp1,Itga9,Ssr4,,,,
,,Bcat2,Zmynd11,,Pdia3,,,,,,Clybl,,,,,,Ghr,,,Idua,Itgav,Ssrp1,,,,
,,Bckdk,Znfx1,,Pear1,,,,,,Cmc1,,,,,,Gjb1,,,Ifi47,Itgb1,St6gal1,,,,
,,Bcl2l1,,,Phldb2,,,,,,Cobl,,,,,,Gjb2,,,Ift27,Itgb5,Stat3,,,,
,,Bcl2l13,,,Pin1,,,,,,Cobll1,,,,,,Gldc,,,Ikbkg,Itm2b,Stat5b,,,,
,,Bcr,,,Pisd-ps3,,,,,,Cog6,,,,,,Glo1,,,Ikzf3,Itm2c,Stt3a,,,,
,,Bcs1l,,,Pitpna,,,,,,Colec12,,,,,,Glrx5,,,Il16,Itpripl2,Supt4a,,,,
,,Bend4,,,Pitpnc1,,,,,,Commd2,,,,,,Gls2,,,Il17ra,Itsn1,Surf4,,,,
,,Bet1l,,,Pkm2,,,,,,Commd9,,,,,,Glud1,,,Impa1,Jak1,Syvn1,,,,
,,Bfar,,,Plekhg1,,,,,,Cops5,,,,,,Glyat,,,Inpp5d,Jarid2,Tacc3,,,,
,,Bicd2,,,Plekho1,,,,,,Coq3,,,,,,Gm4952,,,Iqsec1,Kctd12,Taf10,,,,
,,Bik,,,Plod1,,,,,,Coq7,,,,,,Gnmt,,,Irf2,Khdrbs1,Thy1,,,,
,,Bin3,,,Plxna2,,,,,,Cox16,,,,,,Got2,,,Irf5,Klf3,Tmed9,,,,
,,Birc2,,,Plxnd1,,,,,,Cox19,,,,,,Gpd1,,,Itprip,Klf6,Tmem248,,,,
,,Birc6,,,Podxl,,,,,,Cpeb2,,,,,,Gpld1,,,Itsn2,Klhl9,Tmem64,,,,
,,Blmh,,,Ppap2a,,,,,,Cpped1,,,,,,Gpt2,,,Josd1,Lair1,Tnfaip3,,,,
,,Blzf1,,,Ppap2b,,,,,,Crat,,,,,,Gpx1,,,Junb,Lamp1,Tnfrsf17,,,,
,,Bmi1,,,Ppic,,,,,,Crb3,,,,,,Grhpr,,,Jund,Lamtor3,Tnfrsf9,,,,
,,Bmp2k,,,Ppp1r16b,,,,,,Creg1,,,,,,Gsta3,,,Kbtbd4,Lbr,Tonsl,,,,
,,Bmp6,,,Prex2,,,,,,Crem,,,,,,Gstp1,,,Kdm5b,Leprot,Top2a,,,,
,,Bmpr2,,,Prickle1,,,,,,Crls1,,,,,,Gstt1,,,Klf13,Leprotl1,Tpt1-ps3,,,,
,,Bms1,,,Prkar1a,,,,,,Cry2,,,,,,Gstz1,,,Klhl6,Lfng,Trabd,,,,
,,Bod1,,,Prkd2,,,,,,Cryl1,,,,,,Gulo,,,Kpna1,Lgals3,Trac,,,,
,,Bpgm,,,Pros1,,,,,,Cryz,,,,,,H2-Q10,,,Kpna3,Lgals3bp,Traf1,,,,
,,Brcc3,,,Prrc2b,,,,,,Csrp3,,,,,,H6pd,,,Larp1b,Lgmn,Tram1,,,,
,,Brd7,,,Psap,,,,,,Ctf1,,,,,,Haao,,,Lasp1,Lilra5,Trbc1,,,,
,,Bre,,,Ptgs1,,,,,,Cxadr,,,,,,Hacl1,,,Lat2,Llph,Trbc2,,,,
,,Brf1,,,Ptma,,,,,,Cxcl1,,,,,,Hadh,,,Ldlrap1,Lmo4,Trp53inp1,,,,
,,Brms1,,,Ptpn12,,,,,,Cyb5rl,,,,,,Hadha,,,Lmo2,Lpl,Tubb2b,,,,
,,Brwd1,,,Ptpra,,,,,,Cyp26a1,,,,,,Hagh,,,Lnpep,Lrrk1,Tubb4b,,,,
,,Bsdc1,,,Qk,,,,,,Cyp2a22,,,,,,Hal,,,Lpxn,Lsm14a,Txndc11,,,,
,,Btbd2,,,Rab5c,,,,,,Cyp2b10,,,,,,Hamp,,,Lrmp,Lsm5,Txndc5,,,,
,,Btnl9,,,Rac1,,,,,,Cyp2b13,,,,,,Hamp2,,,Lrrc33,Lsmd1,Ubald2,,,,
,,Btrc,,,Ralb,,,,,,Cyp2c38,,,,,,Hao1,,,Lrrc61,Lst1,Ube2c,,,,
,,C030044B11Rik,,,Ralgapa2,,,,,,Cyp2d13,,,,,,Hc,,,Lrrk2,Luc7l3,Ube2j1,,,,
,,C130039O16Rik,,,Raly,,,,,,Cyp2d37-ps,,,,,,Hdlbp,,,Lsp1,Ly6a,Ube2j2,,,,
,,C1galt1c1,,,Rap1b,,,,,,Cyp2r1,,,,,,Hebp1,,,Lyl1,Ly96,Ufc1,,,,
,,C330006A16Rik,,,Raph1,,,,,,Cyp2u1,,,,,,Hgd,,,Mad2l1bp,Lyz1,Ufl1,,,,
,,C330007P06Rik,,,Rasa1,,,,,,Cyp3a41a,,,,,,Hgfac,,,Magi3,Lyz2,Ugcg,,,,
,,C80913,,,Rasal2,,,,,,Cyp3a44,,,,,,Hibadh,,,Malt1,Maf,Uqcrc1,,,,
,,C87436,,,Rasgrp3,,,,,,Cyp3a59,,,,,,Higd1a,,,Map3k1,Maf1,Usmg5,,,,
,,Cables2,,,Rbm39,,,,,,Cyp4a12a,,,,,,Hint2,,,Map4k1,Man2b1,Vps37b,,,,
,,Calml4,,,Reep3,,,,,,Cyp4a12b,,,,,,Hist1h2bc,,,Map4k2,Mapk3,Wdr26,,,,
,,Calr,,,Reep5,,,,,,Cyp4a31,,,,,,Hmgcl,,,March1,Marcks,Wipi1,,,,
,,Camk2d,,,Rell1,,,,,,Cyp4a32,,,,,,Hmgcs1,,,Mast4,Marcksl1,Xbp1,,,,
,,Camk2n1,,,Rgl1,,,,,,Cyp4f15,,,,,,Hmgcs2,,,Max,Matr3,Xcl1,,,,
,,Cand1,,,Rhoj,,,,,,Cyp7a1,,,,,,Hnf4a,,,Mcmbp,Mbnl2,Yipf3,,,,
,,Canx,,,Rin2,,,,,,D0H4S114,,,,,,Hp,,,Metap1d,Med28,,,,,
,,Capn2,,,Ripply3,,,,,,D130020L05Rik,,,,,,Hpd,,,Mfap1a,Mesdc1,,,,,
,,Car2,,,Rnasek,,,,,,D16H22S680E,,,,,,Hpn,,,Micu1,Metap2,,,,,
,,Car8,,,Rnf130,,,,,,D2hgdh,,,,,,Hpx,,,Mif4gd,Metrnl,,,,,
,,Card10,,,Rod1,,,,,,D4Bwg0951e,,,,,,Hrg,,,Mir682,Mgat1,,,,,
,,Cars,,,Rps12,,,,,,D730039F16Rik,,,,,,Hsd11b1,,,Mir684-1,Minos1,,,,,
,,Cask,,,Rras,,,,,,D930014E17Rik,,,,,,Hsd17b13,,,Mitd1,Morf4l1,,,,,
,,Caskin2,,,Rsrc2,,,,,,D9Ertd402e,,,,,,Hsd17b2,,,Mkl2,Mpeg1,,,,,
,,Casp1,,,Rsu1,,,,,,Dapk1,,,,,,Hsd17b4,,,Mknk2,Mrc1,,,,,
,,Casp3,,,S100a16,,,,,,Dars2,,,,,,Hsd3b3,,,Mll1,Mrfap1,,,,,
,,Cbfa2t2,,,S1pr1,,,,,,Dcakd,,,,,,Hsdl2,,,Mll2,Mrpl33,,,,,
,,Cbll1,,,Sash1,,,,,,Dct,,,,,,Hspa9,,,Mll5,Mrpl36,,,,,
,,Cbx4,,,Sbf2,,,,,,Dcun1d4,,,,,,Hspb8,,,Mn1,Mrpl52,,,,,
,,Cbx5,,,Sdcbp,,,,,,Ddo,,,,,,Hspd1,,,Mob3a,Ms4a6c,,,,,
,,Ccar1,,,Selk,,,,,,Depdc7,,,,,,Iah1,,,Mon1a,Msr1,,,,,
,,Ccbp2,,,Sema6a,,,,,,Dera,,,,,,Idh1,,,Mrpl21,Mtap7d1,,,,,
,,Ccdc124,,,Sep15,,,,,,Dhcr7,,,,,,Igf1,,,Mrpl3,Myeov2,,,,,
,,Ccdc127,,,Sepp1,,,,,,Dhfr,,,,,,Igfals,,,Mrpl45,Myh9,,,,,
,,Ccdc152,,,Sept11,,,,,,Dhrs11,,,,,,Igfbp1,,,Mrpl49,Myl12a,,,,,
,,Ccdc50,,,Serf2,,,,,,Dhtkd1,,,,,,Igfbp2,,,Mrps26,Myo9b,,,,,
,,Ccdc59,,,Serpinb6a,,,,,,Dixdc1,,,,,,Il1rap,,,Mrps9,N4bp2l2,,,,,
,,Ccdc75,,,Serpinh1,,,,,,Dlat,,,,,,Inmt,,,Mrto4,Naa20,,,,,
,,Ccdc82,,,Sfrs18,,,,,,Dld,,,,,,Insig1,,,Mtg1,Naaa,,,,,
,,Ccdc86,,,Sft2d1,,,,,,Dlgap1,,,,,,Insig2,,,Mul1,Nampt,,,,,
,,Ccdc88a,,,Sh3tc1,,,,,,Dna2,,,,,,Itih1,,,Mycbp2,Nck1,,,,,
,,Ccdc90b,,,Shisa5,,,,,,Dnaja1,,,,,,Itih2,,,Myo1g,Ncoa4,,,,,
,,Ccdc91,,,Sipa1,,,,,,Dnaja3,,,,,,Itih3,,,Myo5a,Ncstn,,,,,
,,Ccdc97,,,Slc25a4,,,,,,Dnajb2,,,,,,Itih4,,,Myst1,Ndrg3,,,,,
,,Ccng2,,,Slc31a2,,,,,,Dnajb4,,,,,,Iyd,,,Myst3,Nenf,,,,,
,,Ccz1,,,Slc3a2,,,,,,Dnajc12,,,,,,Keg1,,,Nat2,Nfkb1,,,,,
,,Cd151,,,Slc43a2,,,,,,Dnajc22,,,,,,Khk,,,Nat6,Nipbl,,,,,
,,Cd63,,,Slfn5,,,,,,Dnajc28,,,,,,Klf15,,,Ncf2,Npc2,,,,,
,,Cd9,,,Smad1,,,,,,Dnase2b,,,,,,Klkb1,,,Ncf4,Nr1h3,,,,,
,,Cda,,,Smad6,,,,,,Dph1,,,,,,Kmo,,,Nckap1l,Nrp1,,,,,
,,Cdadc1,,,Smad7,,,,,,Dpy30,,,,,,Kng1,,,Ncoa2,Nt5c,,,,,
,,Cdc16,,,Smagp,,,,,,Dsc2,,,,,,Kng2,,,Ncoa3,Nucb2,,,,,
,,Cdc27,,,Smap2,,,,,,Dsp,,,,,,Kynu,,,Ndst1,Nudcd3,,,,,
,,Cdc40,,,Smc6,,,,,,Dtnb,,,,,,Lap3,,,Ndufaf3,Oaz1,,,,,
,,Cdc42bpa,,,Snrpb,,,,,,Dtx4,,,,,,Lcat,,,Nedd9,Ociad1,,,,,
,,Cdc42ep1,,,Snx13,,,,,,Dus1l,,,,,,Ldha,,,Nfkb2,Ogfr,,,,,
,,Cdc42ep2,,,Snx2,,,,,,Dusp16,,,,,,Leap2,,,Nfs1,Ost4,,,,,
,,Cdc42se2,,,Snx3,,,,,,E2f6,,,,,,Lect2,,,Nkiras1,Ostf1,,,,,
,,Cdh13,,,Snx5,,,,,,E2f8,,,,,,Lgals9,,,Nln,Oxct1,,,,,
,,Cdipt,,,Son,,,,,,Ears2,,,,,,Lipc,,,Notch2,P2rx4,,,,,
,,Cdk17,,,Sox18,,,,,,Echdc1,,,,,,Lonp2,,,Nrm,P4ha1,,,,,
,,Cdk18,,,Spag9,,,,,,Ecsit,,,,,,Lrg1,,,Nrp,Pafah1b1,,,,,
,,Cdk5,,,Spna2,,,,,,Eepd1,,,,,,Lsr,,,Nudt16l1,Parp14,,,,,
,,Cdkal1,,,Spnb2,,,,,,Eif1a,,,,,,Lypla1,,,Osgepl1,Pea15a,,,,,
,,Cdkn1b,,,Sppl3,,,,,,Eif2b4,,,,,,Maob,,,Otud1,Pfdn4,,,,,
,,Cdkn2aip,,,Sptlc2,,,,,,Elac2,,,,,,Masp2,,,Pafah1b3,Phf14,,,,,
,,Cdr2l,,,Srgn,,,,,,Ell2,,,,,,Mat1a,,,Pak1ip1,Phip,,,,,
,,Cep170,,,Sri,,,,,,Elmo3,,,,,,Mbl1,,,Palmd,Picalm,,,,,
,,Cerk,,,Srrm2,,,,,,Elmod3,,,,,,Mbl2,,,Pan3,Pilra,,,,,
,,Cetn3,,,Ssh2,,,,,,Elovl6,,,,,,Mdh1,,,Paox,Pilrb1,,,,,
,,Cfl2,,,St3gal4,,,,,,Elp4,,,,,,Mettl7a1,,,Parp1,Pin4,,,,,
,,Cggbp1,,,Stard3,,,,,,Eme2,,,,,,Mettl7b,,,Parvg,Pisd-ps3,,,,,
,,Cgrrf1,,,Stard8,,,,,,Emp2,,,,,,Mgst1,,,Pbxip1,Pitpna,,,,,
,,Chchd4,,,Stim2,,,,,,Enpp1,,,,,,Mlxipl,,,Pdcd4,Pitpnc1,,,,,
,,Chchd8,,,Strn4,,,,,,Enpp2,,,,,,Mlycd,,,Pde4b,Pkn2,,,,,
,,Chd7,,,Stx2,,,,,,Enpp3,,,,,,Mrpl12,,,Pde7a,Pla2g15,,,,,
,,Chd8,,,Sumo2,,,,,,Entpd8,,,,,,Mrpl15,,,Pdlim2,Plbd1,,,,,
,,Chd9,,,Syne1,,,,,,Epb4.1l4b,,,,,,Msra,,,Pet112l,Plekhb2,,,,,
,,Cherp,,,Tacc1,,,,,,Epb4.1l5,,,,,,Mst1,,,Pex1,Plekho1,,,,,
,,Chkb,,,Tagln2,,,,,,Eppk1,,,,,,Mtch2,,,Pex11b,Plekho2,,,,,
,,Chmp1b,,,Tanc1,,,,,,Ept1,,,,,,Mthfd1,,,Pex6,Plod1,,,,,
,,Chmp3,,,Tbxa2r,,,,,,Erbb3,,,,,,Mug1,,,Pgap1,Pltp,,,,,
,,Chrac1,,,Tceb1,,,,,,Erc2,,,,,,Mug2,,,Phgdh,Pmf1,,,,,
,,Chst14,,,Tcf4,,,,,,Erlin1,,,,,,Mup20,,,Phospho2,Pnn,,,,,
,,Chst15,,,Tgfb1,,,,,,Ero1lb,,,,,,Mup3,,,Pigx,Polr2f,,,,,
,,Chst2,,,Tgfbr2,,,,,,Esr1,,,,,,Ndrg2,,,Pik3ap1,Polr3k,,,,,
,,Chtf8,,,Tgfbr3,,,,,,Esrp2,,,,,,Ndufa1,,,Pik3c2a,Ppt1,,,,,
,,Ciao1,,,Tie1,,,,,,Exph5,,,,,,Ndufa11,,,Pik3cd,Ppt2,,,,,
,,Cinp,,,Tjp1,,,,,,Extl3,,,,,,Ndufa13,,,Pik3ip1,Prcp,,,,,
,,Cir1,,,Tln1,,,,,,F11,,,,,,Ndufa4,,,Plaa,Prkacb,,,,,
,,Cirbp,,,Tmcc3,,,,,,Fads6,,,,,,Ndufb9,,,Plaur,Prpf40a,,,,,
,,Cirh1a,,,Tmed10,,,,,,Fahd2a,,,,,,Ndufs6,,,Plcg2,Prr13,,,,,
,,Ckap4,,,Tmem109,,,,,,Fam134b,,,,,,Ndufv1,,,Plcxd2,Prrc2c,,,,,
,,Clasp2,,,Tmem140,,,,,,Fam13a,,,,,,Ndufv2,,,Plekha2,Psap,,,,,
,,Clcn3,,,Tmem2,,,,,,Fam149a,,,,,,Ndufv3,,,Plp2,Psmb10,,,,,
,,Clcn4-2,,,Tmem50a,,,,,,Fam158a,,,,,,Nipsnap1,,,Pmpca,Psmb9,,,,,
,,Cldn25,,,Tmem64,,,,,,Fam160a2,,,,,,Nit2,,,Pno1,Psme1,,,,,
,,Clec1a,,,Tmem88,,,,,,Fam169b,,,,,,Nnmt,,,Pnrc1,Ptgs1,,,,,
,,Clec9a,,,Tmem9b,,,,,,Fam173b,,,,,,Nr1h4,,,Poglut1,Ptpn1,,,,,
,,Clk3,,,Tnfrsf1a,,,,,,Fam187b,,,,,,Nrn1,,,Polb,Rab11b,,,,,
,,Cln3,,,Tnfsf10,,,,,,Fam195a,,,,,,Nudt4,,,Pold1,Rab32,,,,,
,,Cln8,,,Tns1,,,,,,Fam20c,,,,,,Nudt7,,,Pold2,Rab5c,,,,,
,,Cltb,,,Tns3,,,,,,Fam35a,,,,,,Oaf,,,Pold4,Rab8b,,,,,
,,Cluap1,,,Tpd52l2,,,,,,Fam47e,,,,,,Orm1,,,Pou2f2,Rabac1,,,,,
,,Cmas,,,Tpm3,,,,,,Fam59a,,,,,,Osbpl1a,,,Ppap2c,Rac1,,,,,
,,Cmtm4,,,Tpm4,,,,,,Fam63a,,,,,,Otc,,,Ppip5k2,Ralb,,,,,
,,Cnih,,,Tpp1,,,,,,Fam73b,,,,,,P4hb,,,Ppp1ca,Ralbp1,,,,,
,,Cnksr3,,,Tprgl,,,,,,Fam82a1,,,,,,Pah,,,Ppp1r16b,Raly,,,,,
,,Cnn3,,,Tpst2,,,,,,Fam82b,,,,,,Paics,,,Ppp2r2d,Ranbp1,,,,,
,,Cnnm3,,,Tpt1,,,,,,Fam84b,,,,,,Pank1,,,Ppp3cc,Rap1a,,,,,
,,Cnot1,,,Trim30a,,,,,,Fam89a,,,,,,Papss2,,,Ppp6c,Rap1b,,,,,
,,Cnot10,,,Trim37,,,,,,Farp2,,,,,,Paqr9,,,Pqlc1,Rasgef1b,,,,,
,,Cnot8,,,Tspan15,,,,,,Fars2,,,,,,Park7,,,Prdm2,Rasgrp2,,,,,
,,Cnpy3,,,Tspan18,,,,,,Fastkd1,,,,,,Pbld2,,,Prkd2,Rassf2,,,,,
,,Cnr2,,,Tspan4,,,,,,Fastkd2,,,,,,Pcbd1,,,Prkra,Rassf4,,,,,
,,Cntfr,,,Tuba1a,,,,,,Fat1,,,,,,Pccb,,,Prmt1,Rbms1,,,,,
,,Cog2,,,Tuba1b,,,,,,Fbxl4,,,,,,Pck1,,,Prorsd1,Reep5,,,,,
,,Cog4,,,Tubb4b,,,,,,Fbxo21,,,,,,Pcyt2,,,Prps1l3,Rgl1,,,,,
,,Commd1,,,Tubb5,,,,,,Fbxo36,,,,,,Pecr,,,Prrc2b,Rgs10,,,,,
,,Commd5,,,Twf1,,,,,,Fbxw9,,,,,,Pemt,,,Psd4,Rhob,,,,,
,,Commd7,,,Ubb,,,,,,Fdx1l,,,,,,Pgm2,,,Pxk,Rhoc,,,,,
,,Copb2,,,Ube2s,,,,,,Fgf1,,,,,,Pgrmc1,,,Rab21,Rin2,,,,,
,,Cops2,,,Ubn1,,,,,,Fgfr2,,,,,,Phb2,,,Rabgap1l,Rn45s,,,,,
,,Cops7a,,,Unc45b,,,,,,Fgfr4,,,,,,Phyh,,,Ralgps2,Rnaset2b,,,,,
,,Coq2,,,Unc50,,,,,,Fgfrl1,,,,,,Pigr,,,Rasa2,Rnf130,,,,,
,,Coq4,,,Vamp5,,,,,,Fhit,,,,,,Pink1,,,Rasa3,Rnpep,,,,,
,,Coro2b,,,Vav3,,,,,,Fitm1,,,,,,Pipox,,,Rasal3,Rock2,,,,,
,,Cox10,,,Vim,,,,,,Fitm2,,,,,,Plg,,,Rasgrp3,Rod1,,,,,
,,Cox11,,,Wasf2,,,,,,Fkbp11,,,,,,Pmvk,,,Rbm26,Rpa1,,,,,
,,Cox18,,,Wasl,,,,,,Fn3k,,,,,,Pnpla7,,,Rbm38,Rpl22l1,,,,,
,,Cox4nb,,,Wbp4,,,,,,Fndc4,,,,,,Pnpo,,,Rbmxl1,Rpl31-ps12,,,,,
,,Cpne8,,,Wbp5,,,,,,Foxa1,,,,,,Pon1,,,Rcbtb1,Rps15a-ps4,,,,,
,,Cpsf3l,,,Wnk1,,,,,,Foxa2,,,,,,Ppa1,,,Rcsd1,Rsad2,,,,,
,,Cpsf4,,,Wnt2,,,,,,Foxa3,,,,,,Ppm1b,,,Rft1,Rtf1,,,,,
,,Cpsf6,,,Xaf1,,,,,,Foxp4,,,,,,Prdx1,,,Rgs19,Rtp4,,,,,
,,Cradd,,,Xiap,,,,,,Foxq1,,,,,,Prdx4,,,Rhof,Sat1,,,,,
,,Crcp,,,Ywhae,,,,,,Foxred1,,,,,,Prdx6,,,Rhoh,Sbf2,,,,,
,,Creld1,,,Ywhah,,,,,,Fras1,,,,,,Prlr,,,Rit1,Scaf11,,,,,
,,Cript,,,Zdhhc18,,,,,,Ftsj1,,,,,,Proc,,,Rnase6,Scarb2,,,,,
,,Crkl,,,Zfand5,,,,,,Fxn,,,,,,Prodh2,,,Rnf122,Scpep1,,,,,
,,Crlf2,,,Zmiz1,,,,,,G630090E17Rik,,,,,,Proz,,,Rock1,Sdc3,,,,,
,,Crnkl1,,,Znrf1,,,,,,Gale,,,,,,Psmb7,,,Rpia,Sdcbp,,,,,
,,Crtap,,,,,,,,,Galt,,,,,,Pter,,,Rpl24,Sdf4,,,,,
,,Crtc2,,,,,,,,,Gas1,,,,,,Ptms,,,Rpl34-ps1,Sec14l1,,,,,
,,Cryzl1,,,,,,,,,Gas2,,,,,,Pxmp2,,,Rpl7a,Secisbp2l,,,,,
,,Cse1l,,,,,,,,,Gbp10,,,,,,Pygl,,,Runx1,Sepw1,,,,,
,,Csnk1e,,,,,,,,,Gbp11,,,,,,Pzp,,,S1pr4,Serpinb6a,,,,,
,,Cspp1,,,,,,,,,Gck,,,,,,Qdpr,,,Sash3,Sf3b5,,,,,
,,Csrp2,,,,,,,,,Gdap2,,,,,,Rapgef4,,,Sbk1,Sft2d1,,,,,
,,Cstf1,,,,,,,,,Gdf15,,,,,,Rarres2,,,Scly,Sft2d2,,,,,
,,Cstf2t,,,,,,,,,Gfm1,,,,,,Rbp4,,,Sec22a,Sgk1,,,,,
,,Ctbp2,,,,,,,,,Gfra1,,,,,,Rcl1,,,Sec24a,Sh3glb1,,,,,
,,Ctdspl,,,,,,,,,Ggnbp1,,,,,,Rdh7,,,Sell,Shfm1,,,,,
,,Ctla2b,,,,,,,,,Ggt6,,,,,,Rdx,,,Sema4d,Siglece,,,,,
,,Ctnnb1,,,,,,,,,Gin1,,,,,,Reep6,,,Sept6,Sirpa,,,,,
,,Ctnnbl1,,,,,,,,,Glt1d1,,,,,,Retsat,,,Serinc5,Skil,,,,,
,,Ctns,,,,,,,,,Glt28d2,,,,,,Rgn,,,Serpinb1a,Slc11a1,,,,,
,,Ctr9,,,,,,,,,Gm10069,,,,,,Rnase4,,,Sesn1,Slc15a3,,,,,
,,Ctsd,,,,,,,,,Gm10319,,,,,,Rnf128,,,Setdb1,Slc24a6,,,,,
,,Ctsf,,,,,,,,,Gm11837,,,,,,Rps27l,,,Sfmbt1,Slc3a2,,,,,
,,Cttnbp2nl,,,,,,,,,Gm14322,,,,,,Sar1b,,,Sfxn2,Slc40a1,,,,,
,,Cul2,,,,,,,,,Gm14403,,,,,,Sardh,,,Sgta,Slc43a2,,,,,
,,Cul3,,,,,,,,,Gm15417,,,,,,Sc5d,,,Sh3kbp1,Slc44a2,,,,,
,,Cul4a,,,,,,,,,Gm16039,,,,,,Scd1,,,Siglecg,Slc8a1,,,,,
,,Cul5,,,,,,,,,Gm16157,,,,,,Scp2,,,Slamf6,Slfn5,,,,,
,,Cutc,,,,,,,,,Gm16548,,,,,,Sdc2,,,Slc12a6,Slu7,,,,,
,,Cyb561d2,,,,,,,,,Gm16551,,,,,,Sdc4,,,Slc22a23,Smad1,,,,,
,,Cyb5r1,,,,,,,,,Gm20300,,,,,,Sdha,,,Slc27a4,Smarce1,,,,,
,,Cyb5r4,,,,,,,,,Gm2083,,,,,,Sdhb,,,Slc30a7,Smc6,,,,,
,,Cyhr1,,,,,,,,,Gm2382,,,,,,Sdhc,,,Slc35a3,Smpdl3a,,,,,
,,Cyld,,,,,,,,,Gm3219,,,,,,Sdhd,,,Slc38a1,Sms,,,,,
,,Cyp2j6,,,,,,,,,Gm4013,,,,,,Sds,,,Slc38a9,Snap23,,,,,
,,Cyth3,,,,,,,,,Gm4788,,,,,,Sec14l2,,,Slc39a9,Snrpa,,,,,
,,Cyyr1,,,,,,,,,Gm5480,,,,,,Sec14l4,,,Smap2,Snrpb2,,,,,
,,D030016E14Rik,,,,,,,,,Gm561,,,,,,Selenbp1,,,Smarca5,Snw1,,,,,
,,D11Wsu99e,,,,,,,,,Gm5617,,,,,,Selenbp2,,,Smg1,Snx18,,,,,
,,D15Ertd621e,,,,,,,,,Gm5918,,,,,,Sema4g,,,Smpd1,Snx24,,,,,
,,D17Wsu104e,,,,,,,,,Gm8883,,,,,,Sephs2,,,Snx20,Snx3,,,,,
,,D19Ertd386e,,,,,,,,,Gm98,,,,,,Serpina10,,,Sorl1,Snx5,,,,,
,,D19Ertd737e,,,,,,,,,Gnat1,,,,,,Serpina12,,,Sp100,Soat1,,,,,
,,D19Wsu162e,,,,,,,,,Gne,,,,,,Serpina1a,,,Sp140,Son,,,,,
,,D1Ertd622e,,,,,,,,,Golt1a,,,,,,Serpina1b,,,Spib,Sparc,,,,,
,,D230025D16Rik,,,,,,,,,Gopc,,,,,,Serpina1c,,,Spsb2,Srf,,,,,
,,D230037D09Rik,,,,,,,,,Gpam,,,,,,Serpina1d,,,Spsb3,Srp14,,,,,
,,D5Ertd579e,,,,,,,,,Gpc4,,,,,,Serpina1e,,,Srrm2,Srsf10,,,,,
,,Dab2ip,,,,,,,,,Gphn,,,,,,Serpina3k,,,Srsf11,Srsf3,,,,,
,,Dapk3,,,,,,,,,Gprc5c,,,,,,Serpina3m,,,Srsf2,Srsf9,,,,,
,,Darc,,,,,,,,,Gprin3,,,,,,Serpina3n,,,Srsf5,Ssb,,,,,
,,Dazap1,,,,,,,,,Gpsm2,,,,,,Serpina6,,,Stat4,Ssh2,,,,,
,,Dcaf10,,,,,,,,,Grb14,,,,,,Serpinc1,,,Stk10,St3gal5,,,,,
,,Dcaf12,,,,,,,,,Grpel2,,,,,,Serpind1,,,Stk4,Stat1,,,,,
,,Dcaf5,,,,,,,,,Grsf1,,,,,,Serpinf1,,,Stom,Stat6,,,,,
,,Dcaf6,,,,,,,,,Grtp1,,,,,,Serpinf2,,,Stradb,Strn3,,,,,
,,Dcaf8,,,,,,,,,Gss,,,,,,Serping1,,,Strbp,Stx16,,,,,
,,Dcbld1,,,,,,,,,Gsta2,,,,,,Sfxn1,,,Stx18,Stx4a,,,,,
,,Dchs1,,,,,,,,,Gstm4,,,,,,Shmt1,,,Sun2,Stx7,,,,,
,,Dcn,,,,,,,,,Gstm5,,,,,,Shmt2,,,Swap70,Stxbp3a,,,,,
,,Dctn1,,,,,,,,,Gstm7,,,,,,Slc10a1,,,Sys1,Sumo1,,,,,
,,Dctn4,,,,,,,,,Gstt2,,,,,,Slc17a2,,,Taok2,Syf2,,,,,
,,Dda1,,,,,,,,,Gtl3,,,,,,Slc22a1,,,Tatdn1,Syncrip,,,,,
,,Ddit3,,,,,,,,,Gtpbp10,,,,,,Slc22a18,,,Tbc1d10c,Tagln2,,,,,
,,Ddx1,,,,,,,,,Guf1,,,,,,Slc22a30,,,Tcea1,Tap1,,,,,
,,Ddx19a,,,,,,,,,Guk1,,,,,,Slc25a1,,,Tcf3,Tbcb,,,,,
,,Ddx20,,,,,,,,,Habp2,,,,,,Slc25a13,,,Tcof1,Tceb2,,,,,
,,Ddx42,,,,,,,,,Habp4,,,,,,Slc25a15,,,Tcp1,Tcf7l2,,,,,
,,Ddx46,,,,,,,,,Hapln4,,,,,,Slc25a39,,,Tes,Tcn2,,,,,
,,Ddx47,,,,,,,,,Hbs1l,,,,,,Slc25a47,,,Tfb2m,Tgfb1,,,,,
,,Ddx52,,,,,,,,,Hdac11,,,,,,Slc27a2,,,Tfeb,Tgfbi,,,,,
,,Ddx6,,,,,,,,,Hdac6,,,,,,Slc27a5,,,Tfpt,Tgm2,,,,,
,,Dedd,,,,,,,,,Hdhd2,,,,,,Slc31a1,,,Timm44,Timd4,,,,,
,,Dennd1a,,,,,,,,,Hdhd3,,,,,,Slc38a3,,,Tirap,Timp2,,,,,
,,Dennd3,,,,,,,,,Hectd2,,,,,,Slc38a4,,,Tmem106c,Tln1,,,,,
,,Dennd4c,,,,,,,,,Hfe2,,,,,,Slc6a13,,,Tmem115,Tm6sf1,,,,,
,,Dennd5a,,,,,,,,,Hibch,,,,,,Slco1b2,,,Tmem120a,Tmcc3,,,,,
,,Dennd5b,,,,,,,,,Hint3,,,,,,Sod1,,,Tmem173,Tmed10,,,,,
,,Dgcr2,,,,,,,,,Hist1h4h,,,,,,Sod2,,,Tmem42,Tmed3,,,,,
,,Dgkz,,,,,,,,,Hlf,,,,,,Sord,,,Tmem60,Tmem179b,,,,,
,,Dguok,,,,,,,,,Hmbs,,,,,,Spp2,,,Tmem70,Tmem50a,,,,,
,,Dhdds,,,,,,,,,Hmgcr,,,,,,Spr,,,Tmem93,Tmem51,,,,,
,,Dhps,,,,,,,,,Hmgn5,,,,,,Sqrdl,,,Tmub2,Tmem55b,,,,,
,,Dhx29,,,,,,,,,Hn1l,,,,,,Stard10,,,Tnfaip8,Tmem65,,,,,
,,Dhx32,,,,,,,,,Hnf1a,,,,,,Sucla2,,,Tnfaip8l2,Tmx1,,,,,
,,Dhx38,,,,,,,,,Hnf1b,,,,,,Suclg1,,,Tnfrsf12a,Tnfaip2,,,,,
,,Dhx8,,,,,,,,,Hnmt,,,,,,Suclg2,,,Tnfrsf13c,Tnfrsf1a,,,,,
,,Dip2b,,,,,,,,,Homer2,,,,,,Sult1a1,,,Tnrc6a,Tnfrsf1b,,,,,
,,Dis3l,,,,,,,,,Hook1,,,,,,Sult1d1,,,Tpst1,Tns3,,,,,
,,Dis3l2,,,,,,,,,Hook2,,,,,,Tars,,,Traf3ip3,Tomm22,,,,,
,,Dlg1,,,,,,,,,Hopx,,,,,,Tat,,,Trim35,Tomm7,,,,,
,,Dmap1,,,,,,,,,Hsbp1l1,,,,,,Tcea3,,,Trim7,Tor1aip1,,,,,
,,Dmwd,,,,,,,,,Hsd17b7,,,,,,Tdo2,,,Trp53i11,Tpd52,,,,,
,,Dmxl2,,,,,,,,,Hsd3b2,,,,,,Tecr,,,Tsc22d3,Tpm4,,,,,
,,Dnajb12,,,,,,,,,Hsf2,,,,,,Tfpi2,,,Tspan32,Tpr,,,,,
,,Dnajc10,,,,,,,,,Hspb11,,,,,,Tfr2,,,Tubg1,Tprgl,,,,,
,,Dnajc14,,,,,,,,,Hspb6,,,,,,Thrsp,,,Uba3,Tra2a,,,,,
,,Dnajc18,,,,,,,,,Hyal1,,,,,,Timd2,,,Uba52,Trappc2l,,,,,
,,Dnajc24,,,,,,,,,Ide,,,,,,Tm4sf4,,,Ube4b,Treml4,,,,,
,,Dnajc3,,,,,,,,,Ido2,,,,,,Tm7sf2,,,Uck1,Trim28,,,,,
,,Dnajc30,,,,,,,,,Igsf11,,,,,,Tmem150a,,,Ugt2b35,Trim30a,,,,,
,,Dnajc4,,,,,,,,,Igsf5,,,,,,Tmem205,,,Uhrf1bp1l,Trim41,,,,,
,,Dnajc5,,,,,,,,,Ikbke,,,,,,Tmem37,,,Unc50,Trmt112,,,,,
,,Dnm2,,,,,,,,,Ikbkg,,,,,,Tmem38b,,,Usp10,Tspan14,,,,,
,,Dnttip2,,,,,,,,,Il17rb,,,,,,Tmem56,,,Usp14,Tspan15,,,,,
,,Dock1,,,,,,,,,Ildr2,,,,,,Tmprss6,,,Usp3,Txn1,,,,,
,,Dock4,,,,,,,,,Immp2l,,,,,,Tpi1,,,Usp33,Txnip,,,,,
,,Dock6,,,,,,,,,Inca1,,,,,,Tprkb,,,Vav1,Tyrobp,,,,,
,,Dock9,,,,,,,,,Inhbc,,,,,,Trap1,,,Vpreb3,Ubap2l,,,,,
,,Dohh,,,,,,,,,Inhbe,,,,,,Trf,,,Vta1,Ube2i,,,,,
,,Dpagt1,,,,,,,,,Insc,,,,,,Tspan31,,,Wars,Ube2l3,,,,,
,,Dpcd,,,,,,,,,Irf6,,,,,,Tst,,,Was,Ubl3,,,,,
,,Dph3,,,,,,,,,Irs1,,,,,,Ttc36,,,Wdfy4,Ubtf,,,,,
,,Dpm1,,,,,,,,,Irs2,,,,,,Ttc39c,,,Wdr12,Ubxn1,,,,,
,,Dpm2,,,,,,,,,Iscu,,,,,,Ttpa,,,Wdr45,Uhrf2,,,,,
,,Dpy19l1,,,,,,,,,Isoc1,,,,,,Ttr,,,Wdr7,Use1,,,,,
,,Dpysl3,,,,,,,,,Isoc2b,,,,,,Tuba4a,,,Wipf1,Usp12,,,,,
,,Drg2,,,,,,,,,Jmjd8,,,,,,Tubb2a,,,Wsb1,Usp25,,,,,
,,Dst,,,,,,,,,Kalrn,,,,,,Txn2,,,Wtap,Vamp3,,,,,
,,Dusp19,,,,,,,,,Kcnk5,,,,,,Ugp2,,,Xpa,Vamp5,,,,,
,,Dusp22,,,,,,,,,Kcnn2,,,,,,Ugt2a3,,,Yaf2,Vapb,,,,,
,,Dusp23,,,,,,,,,Kdm1b,,,,,,Ugt2b1,,,Yipf5,Vasp,,,,,
,,Dusp6,,,,,,,,,Kif21a,,,,,,Ugt2b34,,,Yipf6,Vcam1,,,,,
,,Dusp7,,,,,,,,,Klb,,,,,,Ugt2b35,,,Zcchc24,Vps4b,,,,,
,,Dut,,,,,,,,,Klc4,,,,,,Ugt2b36,,,Zfp259,Vsig4,,,,,
,,Dvl1,,,,,,,,,Klf12,,,,,,Ugt2b5,,,Zfp326,Wasf2,,,,,
,,Dync1h1,,,,,,,,,Klk1b4,,,,,,Ugt3a2,,,Zfp36,Wbp5,,,,,
,,Dynlt1b,,,,,,,,,L2hgdh,,,,,,Uox,,,Zfp36l1,Wdr1,,,,,
,,Dynlt3,,,,,,,,,Larp1b,,,,,,Upb1,,,Zfp608,Xaf1,,,,,
,,Dyrk1a,,,,,,,,,Lcn2,,,,,,Uqcr11,,,Zfp825,Xist,,,,,
,,Dysf,,,,,,,,,Ldhd,,,,,,Uqcrc1,,,Zmiz1,Ywhab,,,,,
,,E130309D02Rik,,,,,,,,,Lgals8,,,,,,Uqcrfs1,,,Zmiz2,Ywhah,,,,,
,,E2f5,,,,,,,,,Lgr4,,,,,,Uqcrq,,,Znrf2,Zbtb4,,,,,
,,Eaf1,,,,,,,,,Lims2,,,,,,Usmg5,,,,Zc3h13,,,,,
,,Ebna1bp2,,,,,,,,,Lin7a,,,,,,Vkorc1,,,,Zeb2,,,,,
,,Ece1,,,,,,,,,Lipt1,,,,,,Vtn,,,,Zfand5,,,,,
,,Ecm1,,,,,,,,,Llgl2,,,,,,Zfand6,,,,Zfp281,,,,,
,,Edc3,,,,,,,,,Loh12cr1,,,,,,,,,,Zmynd11,,,,,
,,Edem2,,,,,,,,,Lonp1,,,,,,,,,,Zmynd8,,,,,
,,Edem3,,,,,,,,,Lonrf3,,,,,,,,,,Zyx,,,,,
,,Efcab4a,,,,,,,,,Lrfn3,,,,,,,,,,,,,,,
,,Efnb2,,,,,,,,,Lrig1,,,,,,,,,,,,,,,
,,Efr3a,,,,,,,,,Lrp3,,,,,,,,,,,,,,,
,,Eftud2,,,,,,,,,Lrpprc,,,,,,,,,,,,,,,
,,Egln1,,,,,,,,,Lrrc28,,,,,,,,,,,,,,,
,,Ehmt2,,,,,,,,,Lrrc3,,,,,,,,,,,,,,,
,,Eid1,,,,,,,,,Lrrc42,,,,,,,,,,,,,,,
,,Eif2ak1,,,,,,,,,Lrrc8d,,,,,,,,,,,,,,,
,,Eif2b2,,,,,,,,,Lsmd1,,,,,,,,,,,,,,,
,,Eif2b5,,,,,,,,,Lss,,,,,,,,,,,,,,,
,,Eif2c1,,,,,,,,,Lyplal1,,,,,,,,,,,,,,,
,,Eif2c3,,,,,,,,,Lyrm4,,,,,,,,,,,,,,,
,,Eif2s3y,,,,,,,,,Lyrm5,,,,,,,,,,,,,,,
,,Eif3l,,,,,,,,,Mad2l2,,,,,,,,,,,,,,,
,,Eif4e3,,,,,,,,,Magix,,,,,,,,,,,,,,,
,,Eif4ebp2,,,,,,,,,Mal2,,,,,,,,,,,,,,,
,,Eif4g3,,,,,,,,,Maoa,,,,,,,,,,,,,,,
,,Elf2,,,,,,,,,Mapk15,,,,,,,,,,,,,,,
,,Ell,,,,,,,,,March8,,,,,,,,,,,,,,,
,,Elmod2,,,,,,,,,Marcksl1-ps4,,,,,,,,,,,,,,,
,,Elovl1,,,,,,,,,Mars,,,,,,,,,,,,,,,
,,Elp3,,,,,,,,,Mast1,,,,,,,,,,,,,,,
,,Eml1,,,,,,,,,Mavs,,,,,,,,,,,,,,,
,,Eml4,,,,,,,,,Mccc1,,,,,,,,,,,,,,,
,,Enpep,,,,,,,,,Mccc2,,,,,,,,,,,,,,,
,,Enpp4,,,,,,,,,Mcm10,,,,,,,,,,,,,,,
,,Ensa,,,,,,,,,Mctp2,,,,,,,,,,,,,,,
,,Epm2aip1,,,,,,,,,Mcts2,,,,,,,,,,,,,,,
,,Epn1,,,,,,,,,Mecr,,,,,,,,,,,,,,,
,,Epn2,,,,,,,,,Med29,,,,,,,,,,,,,,,
,,Eps15,,,,,,,,,Megf9,,,,,,,,,,,,,,,
,,Eral1,,,,,,,,,Memo1,,,,,,,,,,,,,,,
,,Erap1,,,,,,,,,Met,,,,,,,,,,,,,,,
,,Erc1,,,,,,,,,Metap1d,,,,,,,,,,,,,,,
,,Ercc1,,,,,,,,,Mettl22,,,,,,,,,,,,,,,
,,Ercc3,,,,,,,,,Mettl4,,,,,,,,,,,,,,,
,,Erg,,,,,,,,,Mfn1,,,,,,,,,,,,,,,
,,Ergic1,,,,,,,,,Mfn2,,,,,,,,,,,,,,,
,,Ergic2,,,,,,,,,Mfsd2a,,,,,,,,,,,,,,,
,,Erlec1,,,,,,,,,Mgam,,,,,,,,,,,,,,,
,,Ermp1,,,,,,,,,Mgmt,,,,,,,,,,,,,,,
,,Ero1l,,,,,,,,,Mgst3,,,,,,,,,,,,,,,
,,Esyt2,,,,,,,,,Mia2,,,,,,,,,,,,,,,
,,Etf1,,,,,,,,,Mid1ip1,,,,,,,,,,,,,,,
,,Exoc3l,,,,,,,,,Miip,,,,,,,,,,,,,,,
,,Exoc5,,,,,,,,,Mipep,,,,,,,,,,,,,,,
,,Exoc6,,,,,,,,,Mkln1,,,,,,,,,,,,,,,
,,Exoc8,,,,,,,,,Mlx,,,,,,,,,,,,,,,
,,Exosc1,,,,,,,,,Mmaa,,,,,,,,,,,,,,,
,,Exosc6,,,,,,,,,Mmab,,,,,,,,,,,,,,,
,,Exosc8,,,,,,,,,Mmachc,,,,,,,,,,,,,,,
,,Ext1,,,,,,,,,Mme,,,,,,,,,,,,,,,
,,Extl2,,,,,,,,,Mmp15,,,,,,,,,,,,,,,
,,F11r,,,,,,,,,Mmp19,,,,,,,,,,,,,,,
,,F830016B08Rik,,,,,,,,,Mn1,,,,,,,,,,,,,,,
,,Fadd,,,,,,,,,Mnd1,,,,,,,,,,,,,,,
,,Faf2,,,,,,,,,Mob3b,,,,,,,,,,,,,,,
,,Faim,,,,,,,,,Mocos,,,,,,,,,,,,,,,
,,Fam100b,,,,,,,,,Mocs1,,,,,,,,,,,,,,,
,,Fam111a,,,,,,,,,Mon1a,,,,,,,,,,,,,,,
,,Fam114a1,,,,,,,,,Mpp6,,,,,,,,,,,,,,,
,,Fam117b,,,,,,,,,Mpv17l,,,,,,,,,,,,,,,
,,Fam118b,,,,,,,,,Mpzl2,,,,,,,,,,,,,,,
,,Fam126b,,,,,,,,,Mrpl1,,,,,,,,,,,,,,,
,,Fam134a,,,,,,,,,Mrpl16,,,,,,,,,,,,,,,
,,Fam134c,,,,,,,,,Mrpl22,,,,,,,,,,,,,,,
,,Fam135a,,,,,,,,,Mrpl27,,,,,,,,,,,,,,,
,,Fam149b,,,,,,,,,Mrpl28,,,,,,,,,,,,,,,
,,Fam160b1,,,,,,,,,Mrpl32,,,,,,,,,,,,,,,
,,Fam168a,,,,,,,,,Mrpl35,,,,,,,,,,,,,,,
,,Fam175b,,,,,,,,,Mrpl37,,,,,,,,,,,,,,,
,,Fam18b,,,,,,,,,Mrpl45,,,,,,,,,,,,,,,
,,Fam20b,,,,,,,,,Mrpl46,,,,,,,,,,,,,,,
,,Fam32a,,,,,,,,,Mrpl47,,,,,,,,,,,,,,,
,,Fam38a,,,,,,,,,Mrpl49,,,,,,,,,,,,,,,
,,Fam3a,,,,,,,,,Mrpl50,,,,,,,,,,,,,,,
,,Fam40a,,,,,,,,,Mrpl53,,,,,,,,,,,,,,,
,,Fam48a,,,,,,,,,Mrpl54,,,,,,,,,,,,,,,
,,Fam50a,,,,,,,,,Mrps10,,,,,,,,,,,,,,,
,,Fam53b,,,,,,,,,Mrps11,,,,,,,,,,,,,,,
,,Fam58b,,,,,,,,,Mrps18b,,,,,,,,,,,,,,,
,,Fam63a,,,,,,,,,Mrps22,,,,,,,,,,,,,,,
,,Fam65a,,,,,,,,,Mrps27,,,,,,,,,,,,,,,
,,Fam82a2,,,,,,,,,Mrps28,,,,,,,,,,,,,,,
,,Fam86,,,,,,,,,Mrps31,,,,,,,,,,,,,,,
,,Fam96b,,,,,,,,,Mrps33,,,,,,,,,,,,,,,
,,Fam98a,,,,,,,,,Mrps34,,,,,,,,,,,,,,,
,,Fam98b,,,,,,,,,Mrps35,,,,,,,,,,,,,,,
,,Farp1,,,,,,,,,Mrps7,,,,,,,,,,,,,,,
,,Fas,,,,,,,,,Mrrf,,,,,,,,,,,,,,,
,,Fat4,,,,,,,,,Msrb2,,,,,,,,,,,,,,,
,,Fbxl5,,,,,,,,,Mt1,,,,,,,,,,,,,,,
,,Fbxl7,,,,,,,,,Mtap7,,,,,,,,,,,,,,,
,,Fbxo30,,,,,,,,,Mterfd2,,,,,,,,,,,,,,,
,,Fbxo34,,,,,,,,,Mtfp1,,,,,,,,,,,,,,,
,,Fbxo46,,,,,,,,,Mthfs,,,,,,,,,,,,,,,
,,Fbxo7,,,,,,,,,Mtmr10,,,,,,,,,,,,,,,
,,Fbxw7,,,,,,,,,Mtmr4,,,,,,,,,,,,,,,
,,Fbxw8,,,,,,,,,Mtrf1,,,,,,,,,,,,,,,
,,Fchsd2,,,,,,,,,Mtx2,,,,,,,,,,,,,,,
,,Fem1a,,,,,,,,,Mug-ps1,,,,,,,,,,,,,,,
,,Fgd6,,,,,,,,,Mup11,,,,,,,,,,,,,,,
,,Fgf1,,,,,,,,,Mup13,,,,,,,,,,,,,,,
,,Fgfr3,,,,,,,,,Mup14,,,,,,,,,,,,,,,
,,Fibp,,,,,,,,,Mup15,,,,,,,,,,,,,,,
,,Fiz1,,,,,,,,,Mup16,,,,,,,,,,,,,,,
,,Fkbp7,,,,,,,,,Mup17,,,,,,,,,,,,,,,
,,Fkbp9,,,,,,,,,Mup19,,,,,,,,,,,,,,,
,,Fli1,,,,,,,,,Mup7,,,,,,,,,,,,,,,
,,Flot1,,,,,,,,,Mup8,,,,,,,,,,,,,,,
,,Flot2,,,,,,,,,Mup9,,,,,,,,,,,,,,,
,,Flrt1,,,,,,,,,Mvd,,,,,,,,,,,,,,,
,,Flywch1,,,,,,,,,Mvk,,,,,,,,,,,,,,,
,,Fmnl2,,,,,,,,,Mycbp,,,,,,,,,,,,,,,
,,Fmnl3,,,,,,,,,Myo5b,,,,,,,,,,,,,,,
,,Fmr1,,,,,,,,,Myst1,,,,,,,,,,,,,,,
,,Fnbp1,,,,,,,,,Mzt2,,,,,,,,,,,,,,,
,,Fnbp1l,,,,,,,,,N6amt2,,,,,,,,,,,,,,,
,,Fnbp4,,,,,,,,,Nags,,,,,,,,,,,,,,,
,,Fnta,,,,,,,,,Narfl,,,,,,,,,,,,,,,
,,Fosl2,,,,,,,,,Nars,,,,,,,,,,,,,,,
,,Foxo1,,,,,,,,,Nars2,,,,,,,,,,,,,,,
,,Frmd4a,,,,,,,,,Nat8,,,,,,,,,,,,,,,
,,Frrs1,,,,,,,,,Nat9,,,,,,,,,,,,,,,
,,Fto,,,,,,,,,Nav2,,,,,,,,,,,,,,,
,,Ftsj2,,,,,,,,,Ncoa4,,,,,,,,,,,,,,,
,,Fut11,,,,,,,,,Ndufaf1,,,,,,,,,,,,,,,
,,Fxr2,,,,,,,,,Ndufaf4,,,,,,,,,,,,,,,
,,Fxyd5,,,,,,,,,Ndufs1,,,,,,,,,,,,,,,
,,Fyttd1,,,,,,,,,Ndufs5,,,,,,,,,,,,,,,
,,Fzd4,,,,,,,,,Neb,,,,,,,,,,,,,,,
,,Fzr1,,,,,,,,,Necab1,,,,,,,,,,,,,,,
,,Galk2,,,,,,,,,Nedd4l,,,,,,,,,,,,,,,
,,Galntl4,,,,,,,,,Nek6,,,,,,,,,,,,,,,
,,Ganab,,,,,,,,,Nelf,,,,,,,,,,,,,,,
,,Gart,,,,,,,,,Net1,,,,,,,,,,,,,,,
,,Gas2l1,,,,,,,,,Nfil3,,,,,,,,,,,,,,,
,,Gas7,,,,,,,,,Nfs1,,,,,,,,,,,,,,,
,,Gatc,,,,,,,,,Nfx1,,,,,,,,,,,,,,,
,,Gba,,,,,,,,,Ngef,,,,,,,,,,,,,,,
,,Gbp4,,,,,,,,,Nicn1,,,,,,,,,,,,,,,
,,Gcfc1,,,,,,,,,Nif3l1,,,,,,,,,,,,,,,
,,Gde1,,,,,,,,,Ninj1,,,,,,,,,,,,,,,
,,Get4,,,,,,,,,Nipal1,,,,,,,,,,,,,,,
,,Gfpt1,,,,,,,,,Nlrp12,,,,,,,,,,,,,,,
,,Ggcx,,,,,,,,,Nlrp6,,,,,,,,,,,,,,,
,,Ggnbp2,,,,,,,,,Nmd3,,,,,,,,,,,,,,,
,,Ggta1,,,,,,,,,Nme2,,,,,,,,,,,,,,,
,,Gigyf2,,,,,,,,,Nme6,,,,,,,,,,,,,,,
,,Gimap5,,,,,,,,,Nme7,,,,,,,,,,,,,,,
,,Gimap8,,,,,,,,,Nmnat1,,,,,,,,,,,,,,,
,,Gimap9,,,,,,,,,Nnt,,,,,,,,,,,,,,,
,,Gins4,,,,,,,,,Nop58,,,,,,,,,,,,,,,
,,Git2,,,,,,,,,Notum,,,,,,,,,,,,,,,
,,Gja1,,,,,,,,,Nox4,,,,,,,,,,,,,,,
,,Gja4,,,,,,,,,Nr0b2,,,,,,,,,,,,,,,
,,Gkap1,,,,,,,,,Nr1i2,,,,,,,,,,,,,,,
,,Glce,,,,,,,,,Nrbp2,,,,,,,,,,,,,,,
,,Glg1,,,,,,,,,Nrg4,,,,,,,,,,,,,,,
,,Glrx2,,,,,,,,,Nsdhl,,,,,,,,,,,,,,,
,,Glt25d1,,,,,,,,,Nsun4,,,,,,,,,,,,,,,
,,Gltpd1,,,,,,,,,Nsun5,,,,,,,,,,,,,,,
,,Glyr1,,,,,,,,,Nt5c2,,,,,,,,,,,,,,,
,,Gm10033,,,,,,,,,Nt5e,,,,,,,,,,,,,,,
,,Gm10658,,,,,,,,,Nthl1,,,,,,,,,,,,,,,
,,Gm12942,,,,,,,,,Nubpl,,,,,,,,,,,,,,,
,,Gm13889,,,,,,,,,Nudt12,,,,,,,,,,,,,,,
,,Gm14005,,,,,,,,,Nudt19,,,,,,,,,,,,,,,
,,Gm14023,,,,,,,,,Nudt8,,,,,,,,,,,,,,,
,,Gm14322,,,,,,,,,Nup35,,,,,,,,,,,,,,,
,,Gm14325,,,,,,,,,Nxt2,,,,,,,,,,,,,,,
,,Gm14420,,,,,,,,,Ociad2,,,,,,,,,,,,,,,
,,Gm15800,,,,,,,,,Ocln,,,,,,,,,,,,,,,
,,Gm1821,,,,,,,,,Odf3b,,,,,,,,,,,,,,,
,,Gm608,,,,,,,,,Olfml1,,,,,,,,,,,,,,,
,,Gm6548,,,,,,,,,Onecut1,,,,,,,,,,,,,,,
,,Gm7609,,,,,,,,,Oplah,,,,,,,,,,,,,,,
,,Gmcl1,,,,,,,,,Orm2,,,,,,,,,,,,,,,
,,Gmpr,,,,,,,,,Orm3,,,,,,,,,,,,,,,
,,Gmpr2,,,,,,,,,Ormdl1,,,,,,,,,,,,,,,
,,Gnb4,,,,,,,,,Osbp,,,,,,,,,,,,,,,
,,Gng10,,,,,,,,,Osgepl1,,,,,,,,,,,,,,,
,,Gnl3,,,,,,,,,Oxnad1,,,,,,,,,,,,,,,
,,Gnptg,,,,,,,,,Oxsm,,,,,,,,,,,,,,,
,,Golga1,,,,,,,,,P2ry4,,,,,,,,,,,,,,,
,,Golga2,,,,,,,,,Pacsin3,,,,,,,,,,,,,,,
,,Golga4,,,,,,,,,Pafah2,,,,,,,,,,,,,,,
,,Golgb1,,,,,,,,,Palld,,,,,,,,,,,,,,,
,,Golim4,,,,,,,,,Palmd,,,,,,,,,,,,,,,
,,Gorasp1,,,,,,,,,Pam16,,,,,,,,,,,,,,,
,,Gorasp2,,,,,,,,,Paox,,,,,,,,,,,,,,,
,,Gosr1,,,,,,,,,Pard3,,,,,,,,,,,,,,,
,,Gosr2,,,,,,,,,Parp16,,,,,,,,,,,,,,,
,,Gpaa1,,,,,,,,,Pbld1,,,,,,,,,,,,,,,
,,Gpbp1,,,,,,,,,Pcca,,,,,,,,,,,,,,,
,,Gpd1l,,,,,,,,,Pcdh1,,,,,,,,,,,,,,,
,,Gpn1,,,,,,,,,Pcsk5,,,,,,,,,,,,,,,
,,Gpn2,,,,,,,,,Pcsk6,,,,,,,,,,,,,,,
,,Gpr108,,,,,,,,,Pcsk9,,,,,,,,,,,,,,,
,,Gpr125,,,,,,,,,Pde4dip,,,,,,,,,,,,,,,
,,Gpr137,,,,,,,,,Pde9a,,,,,,,,,,,,,,,
,,Gpr146,,,,,,,,,Pdhx,,,,,,,,,,,,,,,
,,Gpr180,,,,,,,,,Pdia5,,,,,,,,,,,,,,,
,,Gpr4,,,,,,,,,Pdilt,,,,,,,,,,,,,,,
,,Gpr56,,,,,,,,,Pdk1,,,,,,,,,,,,,,,
,,Gps1,,,,,,,,,Pdk2,,,,,,,,,,,,,,,
,,Gramd1c,,,,,,,,,Pdp2,,,,,,,,,,,,,,,
,,Grap,,,,,,,,,Pdxk,,,,,,,,,,,,,,,
,,Grasp,,,,,,,,,Pdzk1,,,,,,,,,,,,,,,
,,Grb10,,,,,,,,,Pdzk1ip1,,,,,,,,,,,,,,,
,,Grn,,,,,,,,,Peo1,,,,,,,,,,,,,,,
,,Gsdmd,,,,,,,,,Pepd,,,,,,,,,,,,,,,
,,Gstk1,,,,,,,,,Pet112l,,,,,,,,,,,,,,,
,,Gt(ROSA)26Sor,,,,,,,,,Pex1,,,,,,,,,,,,,,,
,,Gtf2a1,,,,,,,,,Pex11a,,,,,,,,,,,,,,,
,,Gtf2b,,,,,,,,,Pex11c,,,,,,,,,,,,,,,
,,Gtf2e2,,,,,,,,,Pex12,,,,,,,,,,,,,,,
,,Gtf2f2,,,,,,,,,Pex13,,,,,,,,,,,,,,,
,,Gtf2h1,,,,,,,,,Pex16,,,,,,,,,,,,,,,
,,Gtf2h2,,,,,,,,,Pex19,,,,,,,,,,,,,,,
,,Gtf2h4,,,,,,,,,Pex5,,,,,,,,,,,,,,,
,,Gtf2h5,,,,,,,,,Pfkfb1,,,,,,,,,,,,,,,
,,Gtf3c1,,,,,,,,,Pfkm,,,,,,,,,,,,,,,
,,Gtf3c2,,,,,,,,,Pgpep1,,,,,,,,,,,,,,,
,,Gtpbp8,,,,,,,,,Phb,,,,,,,,,,,,,,,
,,Gusb,,,,,,,,,Phlda1,,,,,,,,,,,,,,,
,,Gxylt1,,,,,,,,,Phyhd1,,,,,,,,,,,,,,,
,,Gzf1,,,,,,,,,Pi4k2b,,,,,,,,,,,,,,,
,,H1f0,,,,,,,,,Pick1,,,,,,,,,,,,,,,
,,H2-K1,,,,,,,,,Pigl,,,,,,,,,,,,,,,
,,H2-K2,,,,,,,,,Pigy,,,,,,,,,,,,,,,
,,H2-Q6,,,,,,,,,Pin4,,,,,,,,,,,,,,,
,,H2-T22,,,,,,,,,Pir,,,,,,,,,,,,,,,
,,H2-T24,,,,,,,,,Pkhd1,,,,,,,,,,,,,,,
,,Hars,,,,,,,,,Pklr,,,,,,,,,,,,,,,
,,Hars2,,,,,,,,,Pkp2,,,,,,,,,,,,,,,
,,Hat1,,,,,,,,,Pla1a,,,,,,,,,,,,,,,
,,Haus2,,,,,,,,,Plcb1,,,,,,,,,,,,,,,
,,Hcfc2,,,,,,,,,Plcxd2,,,,,,,,,,,,,,,
,,Hdac1,,,,,,,,,Plekha6,,,,,,,,,,,,,,,
,,Hdac3,,,,,,,,,Plekhb1,,,,,,,,,,,,,,,
,,Hdac5,,,,,,,,,Plin5,,,,,,,,,,,,,,,
,,Hdc,,,,,,,,,Plk1s1,,,,,,,,,,,,,,,
,,Hdgfrp2,,,,,,,,,Plk3,,,,,,,,,,,,,,,
,,Heatr3,,,,,,,,,Pllp,,,,,,,,,,,,,,,
,,Heatr6,,,,,,,,,Plscr1,,,,,,,,,,,,,,,
,,Heatr7a,,,,,,,,,Plscr2,,,,,,,,,,,,,,,
,,Heg1,,,,,,,,,Plxnb1,,,,,,,,,,,,,,,
,,Helz,,,,,,,,,Pm20d1,,,,,,,,,,,,,,,
,,Hemk1,,,,,,,,,Pm20d2,,,,,,,,,,,,,,,
,,Herc2,,,,,,,,,Pmf1,,,,,,,,,,,,,,,
,,Hgf,,,,,,,,,Pmpcb,,,,,,,,,,,,,,,
,,Hgs,,,,,,,,,Pnkd,,,,,,,,,,,,,,,
,,Hip1,,,,,,,,,Polr2k,,,,,,,,,,,,,,,
,,Hipk1,,,,,,,,,Polr3g,,,,,,,,,,,,,,,
,,Hipk2,,,,,,,,,Polr3h,,,,,,,,,,,,,,,
,,Hist1h1e,,,,,,,,,Polrmt,,,,,,,,,,,,,,,
,,Hist1h4d,,,,,,,,,Pomt2,,,,,,,,,,,,,,,
,,Hivep3,,,,,,,,,Pon3,,,,,,,,,,,,,,,
,,Hmcn1,,,,,,,,,Ppa2,,,,,,,,,,,,,,,
,,Hnrnpul2,,,,,,,,,Ppapdc1b,,,,,,,,,,,,,,,
,,Hnrpll,,,,,,,,,Ppargc1a,,,,,,,,,,,,,,,
,,Hoxa5,,,,,,,,,Ppcs,,,,,,,,,,,,,,,
,,Hpse,,,,,,,,,Ppfibp2,,,,,,,,,,,,,,,
,,Hs6st1,,,,,,,,,Ppif,,,,,,,,,,,,,,,
,,Hsd17b11,,,,,,,,,Ppox,,,,,,,,,,,,,,,
,,Hsf1,,,,,,,,,Ppp1r16a,,,,,,,,,,,,,,,
,,Hsp90ab1,,,,,,,,,Ppp1r1b,,,,,,,,,,,,,,,
,,Hsp90b1,,,,,,,,,Ppp2r3c,,,,,,,,,,,,,,,
,,Hspa13,,,,,,,,,Ppp4r4,,,,,,,,,,,,,,,
,,Hspa14,,,,,,,,,Pqlc1,,,,,,,,,,,,,,,
,,Hspa5,,,,,,,,,Prdm9,,,,,,,,,,,,,,,
,,Hyou1,,,,,,,,,Prdx3,,,,,,,,,,,,,,,
,,Iars,,,,,,,,,Prdx5,,,,,,,,,,,,,,,
,,Ica1,,,,,,,,,Prepl,,,,,,,,,,,,,,,
,,Id4,,,,,,,,,Prg4,,,,,,,,,,,,,,,
,,Idua,,,,,,,,,Prhoxnb,,,,,,,,,,,,,,,
,,Ifi27l1,,,,,,,,,Prkaa2,,,,,,,,,,,,,,,
,,Ifi44,,,,,,,,,Prkcz,,,,,,,,,,,,,,,
,,Ifit2,,,,,,,,,Prkd3,,,,,,,,,,,,,,,
,,Ifnar1,,,,,,,,,Prkra,,,,,,,,,,,,,,,
,,Ifnar2,,,,,,,,,Prnp,,,,,,,,,,,,,,,
,,Ifrd1,,,,,,,,,Prodh,,,,,,,,,,,,,,,
,,Igf1r,,,,,,,,,Prorsd1,,,,,,,,,,,,,,,
,,Igf2r,,,,,,,,,Prosc,,,,,,,,,,,,,,,
,,Igsf3,,,,,,,,,Prox1,,,,,,,,,,,,,,,
,,Ikbkap,,,,,,,,,Prpsap1,,,,,,,,,,,,,,,
,,Il11ra1,,,,,,,,,Prr16,,,,,,,,,,,,,,,
,,Il16,,,,,,,,,Prss36,,,,,,,,,,,,,,,
,,Il17rc,,,,,,,,,Psmc4,,,,,,,,,,,,,,,
,,Il27ra,,,,,,,,,Psmg3,,,,,,,,,,,,,,,
,,Il4ra,,,,,,,,,Psph,,,,,,,,,,,,,,,
,,Ilk,,,,,,,,,Pstpip2,,,,,,,,,,,,,,,
,,Ilkap,,,,,,,,,Ptcd2,,,,,,,,,,,,,,,
,,Impad1,,,,,,,,,Ptgr2,,,,,,,,,,,,,,,
,,Impdh1,,,,,,,,,Ptp4a1,,,,,,,,,,,,,,,
,,Inf2,,,,,,,,,Ptpla,,,,,,,,,,,,,,,
,,Ing1,,,,,,,,,Ptplb,,,,,,,,,,,,,,,
,,Ing4,,,,,,,,,Ptpn3,,,,,,,,,,,,,,,
,,Inhbb,,,,,,,,,Ptprf,,,,,,,,,,,,,,,
,,Ino80d,,,,,,,,,Pus7,,,,,,,,,,,,,,,
,,Ino80e,,,,,,,,,Pvrl1,,,,,,,,,,,,,,,
,,Inpp4a,,,,,,,,,Pvrl3,,,,,,,,,,,,,,,
,,Inpp5b,,,,,,,,,Pxmp3,,,,,,,,,,,,,,,
,,Inpp5d,,,,,,,,,Pycrl,,,,,,,,,,,,,,,
,,Inpp5f,,,,,,,,,Qprt,,,,,,,,,,,,,,,
,,Ints6,,,,,,,,,Rab17,,,,,,,,,,,,,,,
,,Ints8,,,,,,,,,Rab30,,,,,,,,,,,,,,,
,,Ip6k1,,,,,,,,,Rab36,,,,,,,,,,,,,,,
,,Ip6k2,,,,,,,,,Rab3ip,,,,,,,,,,,,,,,
,,Ipmk,,,,,,,,,Rab4a,,,,,,,,,,,,,,,
,,Ipo8,,,,,,,,,Rabepk,,,,,,,,,,,,,,,
,,Iqsec1,,,,,,,,,Rabl3,,,,,,,,,,,,,,,
,,Irak2,,,,,,,,,Raet1d,,,,,,,,,,,,,,,
,,Ireb2,,,,,,,,,Raet1e,,,,,,,,,,,,,,,
,,Irf2bp1,,,,,,,,,Rassf6,,,,,,,,,,,,,,,
,,Irf3,,,,,,,,,Rassf7,,,,,,,,,,,,,,,
,,Itfg1,,,,,,,,,Rbks,,,,,,,,,,,,,,,
,,Itga5,,,,,,,,,Rbm47,,,,,,,,,,,,,,,
,,Itga8,,,,,,,,,Rdh11,,,,,,,,,,,,,,,
,,Itgb1bp1,,,,,,,,,Rdh16,,,,,,,,,,,,,,,
,,Itpa,,,,,,,,,Rdh5,,,,,,,,,,,,,,,
,,Itpkb,,,,,,,,,Repin1,,,,,,,,,,,,,,,
,,Itpr1,,,,,,,,,Reps2,,,,,,,,,,,,,,,
,,Itprip,,,,,,,,,Rg9mtd1,,,,,,,,,,,,,,,
,,Itsn1,,,,,,,,,Rg9mtd2,,,,,,,,,,,,,,,
,,Jagn1,,,,,,,,,Rgl3,,,,,,,,,,,,,,,
,,Jak3,,,,,,,,,Rgs16,,,,,,,,,,,,,,,
,,Jkamp,,,,,,,,,Rhbdd3,,,,,,,,,,,,,,,
,,Jmjd6,,,,,,,,,Rhou,,,,,,,,,,,,,,,
,,Josd2,,,,,,,,,Rhpn2,,,,,,,,,,,,,,,
,,Kank1,,,,,,,,,Rilp,,,,,,,,,,,,,,,
,,Kank3,,,,,,,,,Rint1,,,,,,,,,,,,,,,
,,Kat2a,,,,,,,,,Rnd1,,,,,,,,,,,,,,,
,,Kcnb1,,,,,,,,,Rnf123,,,,,,,,,,,,,,,
,,Kcnk6,,,,,,,,,Rnf152,,,,,,,,,,,,,,,
,,Kcnq1ot1,,,,,,,,,Rnf186,,,,,,,,,,,,,,,
,,Kctd12b,,,,,,,,,Rnf217,,,,,,,,,,,,,,,
,,Kctd6,,,,,,,,,Rnmtl1,,,,,,,,,,,,,,,
,,Kdm1a,,,,,,,,,Ropn1l,,,,,,,,,,,,,,,
,,Kdm5a,,,,,,,,,Rora,,,,,,,,,,,,,,,
,,Kdm5b,,,,,,,,,Rorc,,,,,,,,,,,,,,,
,,Kdm5c,,,,,,,,,Rpe,,,,,,,,,,,,,,,
,,Kdm6b,,,,,,,,,Rpl35a,,,,,,,,,,,,,,,
,,Keap1,,,,,,,,,Rpp38,,,,,,,,,,,,,,,
,,Kif1b,,,,,,,,,Rpp40,,,,,,,,,,,,,,,
,,Kif1c,,,,,,,,,Rps19bp1,,,,,,,,,,,,,,,
,,Kifap3,,,,,,,,,Rpusd3,,,,,,,,,,,,,,,
,,Kin,,,,,,,,,Rsph3b,,,,,,,,,,,,,,,
,,Kitl,,,,,,,,,Rtn4ip1,,,,,,,,,,,,,,,
,,Klc1,,,,,,,,,Rtp3,,,,,,,,,,,,,,,
,,Klf10,,,,,,,,,Rwdd4a,,,,,,,,,,,,,,,
,,Klf12,,,,,,,,,Rxrg,,,,,,,,,,,,,,,
,,Klf3,,,,,,,,,Saa1,,,,,,,,,,,,,,,
,,Klf9,,,,,,,,,Saa2,,,,,,,,,,,,,,,
,,Klhdc2,,,,,,,,,Saa3,,,,,,,,,,,,,,,
,,Klhdc3,,,,,,,,,Sall1,,,,,,,,,,,,,,,
,,Klhdc5,,,,,,,,,Sars2,,,,,,,,,,,,,,,
,,Klhl2,,,,,,,,,Sat2,,,,,,,,,,,,,,,
,,Klhl21,,,,,,,,,Scap,,,,,,,,,,,,,,,
,,Klhl5,,,,,,,,,Scrn2,,,,,,,,,,,,,,,
,,Klhl6,,,,,,,,,Scrn3,,,,,,,,,,,,,,,
,,Klhl7,,,,,,,,,Sdc1,,,,,,,,,,,,,,,
,,Klraq1,,,,,,,,,Sdr42e1,,,,,,,,,,,,,,,
,,Kpna1,,,,,,,,,Sdr9c7,,,,,,,,,,,,,,,
,,Kpnb1,,,,,,,,,Sdsl,,,,,,,,,,,,,,,
,,Kptn,,,,,,,,,Sec22a,,,,,,,,,,,,,,,
,,Krcc1,,,,,,,,,Sec23a,,,,,,,,,,,,,,,
,,Ktn1,,,,,,,,,Sepsecs,,,,,,,,,,,,,,,
,,Lamb2,,,,,,,,,Serf1,,,,,,,,,,,,,,,
,,Larp4b,,,,,,,,,Serinc2,,,,,,,,,,,,,,,
,,Larp7,,,,,,,,,Serpina4-ps1,,,,,,,,,,,,,,,
,,Lass4,,,,,,,,,Setd6,,,,,,,,,,,,,,,
,,Lass5,,,,,,,,,Sfxn5,,,,,,,,,,,,,,,
,,Lats1,,,,,,,,,Sgk2,,,,,,,,,,,,,,,
,,Lats2,,,,,,,,,Sgms2,,,,,,,,,,,,,,,
,,Lbr,,,,,,,,,Sh3yl1,,,,,,,,,,,,,,,
,,Lclat1,,,,,,,,,Shb,,,,,,,,,,,,,,,
,,Lcmt1,,,,,,,,,Shpk,,,,,,,,,,,,,,,
,,Lcmt2,,,,,,,,,Shroom1,,,,,,,,,,,,,,,
,,Lcorl,,,,,,,,,Siae,,,,,,,,,,,,,,,
,,Ldb2,,,,,,,,,Sip1,,,,,,,,,,,,,,,
,,Ldhb,,,,,,,,,Sirt4,,,,,,,,,,,,,,,
,,Leng1,,,,,,,,,Slc10a2,,,,,,,,,,,,,,,
,,Leng8,,,,,,,,,Slc10a5,,,,,,,,,,,,,,,
,,Leo1,,,,,,,,,Slc16a1,,,,,,,,,,,,,,,
,,Lepre1,,,,,,,,,Slc16a10,,,,,,,,,,,,,,,
,,Lig3,,,,,,,,,Slc16a12,,,,,,,,,,,,,,,
,,Lima1,,,,,,,,,Slc16a2,,,,,,,,,,,,,,,
,,Lin37,,,,,,,,,Slc16a5,,,,,,,,,,,,,,,
,,Lin52,,,,,,,,,Slc17a1,,,,,,,,,,,,,,,
,,Lin7c,,,,,,,,,Slc17a3,,,,,,,,,,,,,,,
,,Llph,,,,,,,,,Slc17a4,,,,,,,,,,,,,,,
,,Lmf1,,,,,,,,,Slc19a2,,,,,,,,,,,,,,,
,,Lmf2,,,,,,,,,Slc20a2,,,,,,,,,,,,,,,
,,Lmtk2,,,,,,,,,Slc22a23,,,,,,,,,,,,,,,
,,Lpcat1,,,,,,,,,Slc22a28,,,,,,,,,,,,,,,
,,Lpp,,,,,,,,,Slc22a7,,,,,,,,,,,,,,,
,,Lrba,,,,,,,,,Slc23a1,,,,,,,,,,,,,,,
,,Lrch1,,,,,,,,,Slc25a16,,,,,,,,,,,,,,,
,,Lrp5,,,,,,,,,Slc25a17,,,,,,,,,,,,,,,
,,Lrp6,,,,,,,,,Slc25a21,,,,,,,,,,,,,,,
,,Lrrc14,,,,,,,,,Slc25a22,,,,,,,,,,,,,,,
,,Lrrc33,,,,,,,,,Slc25a30,,,,,,,,,,,,,,,
,,Lrrc41,,,,,,,,,Slc25a38,,,,,,,,,,,,,,,
,,Lrrc57,,,,,,,,,Slc25a42,,,,,,,,,,,,,,,
,,Lrrc8c,,,,,,,,,Slc25a44,,,,,,,,,,,,,,,
,,Lrrk2,,,,,,,,,Slc26a1,,,,,,,,,,,,,,,
,,Lsm10,,,,,,,,,Slc33a1,,,,,,,,,,,,,,,
,,Lsm4,,,,,,,,,Slc35d1,,,,,,,,,,,,,,,
,,Ltn1,,,,,,,,,Slc35d2,,,,,,,,,,,,,,,
,,Lxn,,,,,,,,,Slc35e2,,,,,,,,,,,,,,,
,,Lyar,,,,,,,,,Slc39a11,,,,,,,,,,,,,,,
,,Lyrm2,,,,,,,,,Slc39a4,,,,,,,,,,,,,,,
,,Lysmd3,,,,,,,,,Slc3a1,,,,,,,,,,,,,,,
,,Lztfl1,,,,,,,,,Slc41a2,,,,,,,,,,,,,,,
,,Lztr1,,,,,,,,,Slc45a3,,,,,,,,,,,,,,,
,,Lzts2,,,,,,,,,Slc46a1,,,,,,,,,,,,,,,
,,Mad2l1bp,,,,,,,,,Slc46a3,,,,,,,,,,,,,,,
,,Maea,,,,,,,,,Slc4a4,,,,,,,,,,,,,,,
,,Maged1,,,,,,,,,Slc6a12,,,,,,,,,,,,,,,
,,Maged2,,,,,,,,,Slc6a9,,,,,,,,,,,,,,,
,,Magoh,,,,,,,,,Slc9a8,,,,,,,,,,,,,,,
,,Maml2,,,,,,,,,Slco1a4,,,,,,,,,,,,,,,
,,Man1a,,,,,,,,,Smcr7,,,,,,,,,,,,,,,
,,Man1a2,,,,,,,,,Smcr7l,,,,,,,,,,,,,,,
,,Man1c1,,,,,,,,,Smoc1,,,,,,,,,,,,,,,
,,Man2c1,,,,,,,,,Snap47,,,,,,,,,,,,,,,
,,Map2k5,,,,,,,,,Sntg2,,,,,,,,,,,,,,,
,,Map3k2,,,,,,,,,Snx7,,,,,,,,,,,,,,,
,,Map3k3,,,,,,,,,Soat2,,,,,,,,,,,,,,,
,,Map3k4,,,,,,,,,Sorbs2,,,,,,,,,,,,,,,
,,Map4k4,,,,,,,,,Sos1,,,,,,,,,,,,,,,
,,Map4k5,,,,,,,,,Sox5,,,,,,,,,,,,,,,
,,Mapk12,,,,,,,,,Sox6,,,,,,,,,,,,,,,
,,Mapk1ip1,,,,,,,,,Sox9,,,,,,,,,,,,,,,
,,Mapk1ip1l,,,,,,,,,Spata2l,,,,,,,,,,,,,,,
,,Mapk3,,,,,,,,,Spc24,,,,,,,,,,,,,,,
,,Mapk6,,,,,,,,,Spnb3,,,,,,,,,,,,,,,
,,Mapk9,,,,,,,,,Spon2,,,,,,,,,,,,,,,
,,Mapkap1,,,,,,,,,Spsb2,,,,,,,,,,,,,,,
,,Mapre2,,,,,,,,,Sqle,,,,,,,,,,,,,,,
,,March5,,,,,,,,,Srd5a1,,,,,,,,,,,,,,,
,,March7,,,,,,,,,Ssbp1,,,,,,,,,,,,,,,
,,Mark3,,,,,,,,,Ssr4,,,,,,,,,,,,,,,
,,Masp1,,,,,,,,,St6gal1,,,,,,,,,,,,,,,
,,Mau2,,,,,,,,,St6galnac6,,,,,,,,,,,,,,,
,,Maz,,,,,,,,,Stard13,,,,,,,,,,,,,,,
,,Mbd1,,,,,,,,,Stard5,,,,,,,,,,,,,,,
,,Mbd3,,,,,,,,,Stbd1,,,,,,,,,,,,,,,
,,Mbnl1,,,,,,,,,Steap3,,,,,,,,,,,,,,,
,,Mbtps1,,,,,,,,,Steap4,,,,,,,,,,,,,,,
,,Mcam,,,,,,,,,Stk38l,,,,,,,,,,,,,,,
,,Mcart1,,,,,,,,,Stradb,,,,,,,,,,,,,,,
,,Mcl1,,,,,,,,,Stxbp6,,,,,,,,,,,,,,,
,,Mcm3,,,,,,,,,Sucnr1,,,,,,,,,,,,,,,
,,Mdfic,,,,,,,,,Suds3,,,,,,,,,,,,,,,
,,Mdp1,,,,,,,,,Sult1b1,,,,,,,,,,,,,,,
,,Me2,,,,,,,,,Sult5a1,,,,,,,,,,,,,,,
,,Meaf6,,,,,,,,,Svip,,,,,,,,,,,,,,,
,,Mecp2,,,,,,,,,Syt1,,,,,,,,,,,,,,,
,,Med11,,,,,,,,,Syvn1,,,,,,,,,,,,,,,
,,Med16,,,,,,,,,Tapt1,,,,,,,,,,,,,,,
,,Med19,,,,,,,,,Tarsl2,,,,,,,,,,,,,,,
,,Med20,,,,,,,,,Tbc1d7,,,,,,,,,,,,,,,
,,Med21,,,,,,,,,Tbca,,,,,,,,,,,,,,,
,,Med31,,,,,,,,,Tbccd1,,,,,,,,,,,,,,,
,,Med4,,,,,,,,,Tbce,,,,,,,,,,,,,,,
,,Med6,,,,,,,,,Tcp11l1,,,,,,,,,,,,,,,
,,Med7,,,,,,,,,Tdp2,,,,,,,,,,,,,,,
,,Mef2a,,,,,,,,,Tef,,,,,,,,,,,,,,,
,,Mef2c,,,,,,,,,Tesk2,,,,,,,,,,,,,,,
,,Men1,,,,,,,,,Tfb1m,,,,,,,,,,,,,,,
,,Mertk,,,,,,,,,Tfrc,,,,,,,,,,,,,,,
,,Mest,,,,,,,,,Tgds,,,,,,,,,,,,,,,
,,Mettl10,,,,,,,,,Them4,,,,,,,,,,,,,,,
,,Mettl11a,,,,,,,,,Thnsl2,,,,,,,,,,,,,,,
,,Mettl6,,,,,,,,,Thpo,,,,,,,,,,,,,,,
,,Mettl8,,,,,,,,,Thrb,,,,,,,,,,,,,,,
,,Mettl9,,,,,,,,,Thyn1,,,,,,,,,,,,,,,
,,Mfap3,,,,,,,,,Timm10,,,,,,,,,,,,,,,
,,Mfhas1,,,,,,,,,Timm23,,,,,,,,,,,,,,,
,,Mfsd11,,,,,,,,,Timm9,,,,,,,,,,,,,,,
,,Mfsd8,,,,,,,,,Tjp3,,,,,,,,,,,,,,,
,,Mgat4b,,,,,,,,,Tlcd1,,,,,,,,,,,,,,,
,,Micall2,,,,,,,,,Tlcd2,,,,,,,,,,,,,,,
,,Mid1,,,,,,,,,Tm6sf2,,,,,,,,,,,,,,,
,,Midn,,,,,,,,,Tmco1,,,,,,,,,,,,,,,
,,Mier3,,,,,,,,,Tmem120a,,,,,,,,,,,,,,,
,,Mink1,,,,,,,,,Tmem135,,,,,,,,,,,,,,,
,,Mir126,,,,,,,,,Tmem14a,,,,,,,,,,,,,,,
,,Mir684-1,,,,,,,,,Tmem177,,,,,,,,,,,,,,,
,,Mitd1,,,,,,,,,Tmem20,,,,,,,,,,,,,,,
,,Mkl2,,,,,,,,,Tmem216,,,,,,,,,,,,,,,
,,Mknk1,,,,,,,,,Tmem220,,,,,,,,,,,,,,,
,,Mknk2,,,,,,,,,Tmem25,,,,,,,,,,,,,,,
,,Mll1,,,,,,,,,Tmem30b,,,,,,,,,,,,,,,
,,Mll2,,,,,,,,,Tmem53,,,,,,,,,,,,,,,
,,Mlxip,,,,,,,,,Tmem62,,,,,,,,,,,,,,,
,,Mmadhc,,,,,,,,,Tmem63b,,,,,,,,,,,,,,,
,,Mmd,,,,,,,,,Tmem70,,,,,,,,,,,,,,,
,,Mmgt1,,,,,,,,,Tmem8,,,,,,,,,,,,,,,
,,Mms19,,,,,,,,,Tmem82,,,,,,,,,,,,,,,
,,Mnat1,,,,,,,,,Tmie,,,,,,,,,,,,,,,
,,Mob1b,,,,,,,,,Tmx4,,,,,,,,,,,,,,,
,,Mob2,,,,,,,,,Tnfrsf12a,,,,,,,,,,,,,,,
,,Mon2,,,,,,,,,Tom1l1,,,,,,,,,,,,,,,
,,Morc3,,,,,,,,,Tomm40l,,,,,,,,,,,,,,,
,,Morn2,,,,,,,,,Tomm6,,,,,,,,,,,,,,,
,,Mospd1,,,,,,,,,Top1mt,,,,,,,,,,,,,,,
,,Mpg,,,,,,,,,Tpd52l1,,,,,,,,,,,,,,,
,,Mpi,,,,,,,,,Tpk1,,,,,,,,,,,,,,,
,,Mpp5,,,,,,,,,Tpmt,,,,,,,,,,,,,,,
,,Mpv17,,,,,,,,,Traf4,,,,,,,,,,,,,,,
,,Mrp63,,,,,,,,,Trp53inp2,,,,,,,,,,,,,,,
,,Mrpl11,,,,,,,,,Tsku,,,,,,,,,,,,,,,
,,Mrpl3,,,,,,,,,Tspan33,,,,,,,,,,,,,,,
,,Mrpl4,,,,,,,,,Tssc1,,,,,,,,,,,,,,,
,,Mrpl44,,,,,,,,,Tstd1,,,,,,,,,,,,,,,
,,Mrpl55,,,,,,,,,Ttc23,,,,,,,,,,,,,,,
,,Mrpl9,,,,,,,,,Ttc27,,,,,,,,,,,,,,,
,,Mrps14,,,,,,,,,Ttc32,,,,,,,,,,,,,,,
,,Mrps25,,,,,,,,,Ttc38,,,,,,,,,,,,,,,
,,Mrps30,,,,,,,,,Ttyh2,,,,,,,,,,,,,,,
,,Mrs2,,,,,,,,,Tuba1c,,,,,,,,,,,,,,,
,,Msl1,,,,,,,,,Tubg1,,,,,,,,,,,,,,,
,,Msl3,,,,,,,,,Tufm,,,,,,,,,,,,,,,
,,Msrb3,,,,,,,,,Twsg1,,,,,,,,,,,,,,,
,,Mtap,,,,,,,,,Txnl4b,,,,,,,,,,,,,,,
,,Mtap7d1,,,,,,,,,Txnrd2,,,,,,,,,,,,,,,
,,Mterfd1,,,,,,,,,Tymp,,,,,,,,,,,,,,,
,,Mtf1,,,,,,,,,Uap1,,,,,,,,,,,,,,,
,,Mtif2,,,,,,,,,Ube2u,,,,,,,,,,,,,,,
,,Mtmr1,,,,,,,,,Ubr3,,,,,,,,,,,,,,,
,,Mtmr12,,,,,,,,,Uck1,,,,,,,,,,,,,,,
,,Mtor,,,,,,,,,Ugt1a1,,,,,,,,,,,,,,,
,,Mtpap,,,,,,,,,Ugt1a5,,,,,,,,,,,,,,,
,,Mtss1,,,,,,,,,Ugt1a6a,,,,,,,,,,,,,,,
,,Mxra8,,,,,,,,,Ugt1a6b,,,,,,,,,,,,,,,
,,Myadm,,,,,,,,,Ugt1a9,,,,,,,,,,,,,,,
,,Mybbp1a,,,,,,,,,Ugt2b38,,,,,,,,,,,,,,,
,,Myd88,,,,,,,,,Uhrf1bp1l,,,,,,,,,,,,,,,
,,Myef2,,,,,,,,,Umps,,,,,,,,,,,,,,,
,,Myg1,,,,,,,,,Unc119b,,,,,,,,,,,,,,,
,,Myh9,,,,,,,,,Uros,,,,,,,,,,,,,,,
,,Myl12a,,,,,,,,,Usp10,,,,,,,,,,,,,,,
,,Myl12b,,,,,,,,,Usp40,,,,,,,,,,,,,,,
,,Myl6,,,,,,,,,Uxt,,,,,,,,,,,,,,,
,,Mylk,,,,,,,,,Vamp7,,,,,,,,,,,,,,,
,,Myo1c,,,,,,,,,Vegfa,,,,,,,,,,,,,,,
,,Myo6,,,,,,,,,Vmo1,,,,,,,,,,,,,,,
,,Myo7a,,,,,,,,,Vmp1,,,,,,,,,,,,,,,
,,Myst2,,,,,,,,,Vnn1,,,,,,,,,,,,,,,
,,Myst3,,,,,,,,,Vwce,,,,,,,,,,,,,,,
,,Naa20,,,,,,,,,Wbscr27,,,,,,,,,,,,,,,
,,Naa25,,,,,,,,,Wdr12,,,,,,,,,,,,,,,
,,Naa30,,,,,,,,,Wdr18,,,,,,,,,,,,,,,
,,Naa35,,,,,,,,,Wdtc1,,,,,,,,,,,,,,,
,,Naa38,,,,,,,,,Wwc1,,,,,,,,,,,,,,,
,,Nab1,,,,,,,,,Xbp1,,,,,,,,,,,,,,,
,,Nacc2,,,,,,,,,Xist,,,,,,,,,,,,,,,
,,Nampt,,,,,,,,,Xkr9,,,,,,,,,,,,,,,
,,Nans,,,,,,,,,Xrcc5,,,,,,,,,,,,,,,
,,Napg,,,,,,,,,Xylb,,,,,,,,,,,,,,,
,,Narg2,,,,,,,,,Yars,,,,,,,,,,,,,,,
,,Nbn,,,,,,,,,Zbtb33,,,,,,,,,,,,,,,
,,Ncaph2,,,,,,,,,Zbtb44,,,,,,,,,,,,,,,
,,Ncbp1,,,,,,,,,Zbtb8os,,,,,,,,,,,,,,,
,,Ncbp2,,,,,,,,,Zc3h14,,,,,,,,,,,,,,,
,,Nceh1,,,,,,,,,Zdhhc6,,,,,,,,,,,,,,,
,,Nckap1,,,,,,,,,Zdhhc9,,,,,,,,,,,,,,,
,,Nckipsd,,,,,,,,,Zfand1,,,,,,,,,,,,,,,
,,Ncoa1,,,,,,,,,Zfand2b,,,,,,,,,,,,,,,
,,Ncor2,,,,,,,,,Zfhx4,,,,,,,,,,,,,,,
,,Ncstn,,,,,,,,,Zfp2,,,,,,,,,,,,,,,
,,Nde1,,,,,,,,,Zfp385b,,,,,,,,,,,,,,,
,,Ndel1,,,,,,,,,Zfp422,,,,,,,,,,,,,,,
,,Ndfip1,,,,,,,,,Zfp444,,,,,,,,,,,,,,,
,,Ndfip2,,,,,,,,,Zfp524,,,,,,,,,,,,,,,
,,Ndnl2,,,,,,,,,Zfp612,,,,,,,,,,,,,,,
,,Ndrg3,,,,,,,,,Zfp691,,,,,,,,,,,,,,,
,,Ndst1,,,,,,,,,Zfp707,,,,,,,,,,,,,,,
,,Ndst2,,,,,,,,,Zfp750,,,,,,,,,,,,,,,
,,Ndufaf2,,,,,,,,,Zfp771,,,,,,,,,,,,,,,
,,Necap1,,,,,,,,,Zfp874a,,,,,,,,,,,,,,,
,,Nedd1,,,,,,,,,Zfyve21,,,,,,,,,,,,,,,
,,Nedd4,,,,,,,,,Znhit1,,,,,,,,,,,,,,,
,,Nemf,,,,,,,,,Znrd1as,,,,,,,,,,,,,,,
,,Neu1,,,,,,,,,Znrf3,,,,,,,,,,,,,,,
,,Nf2,,,,,,,,,Zswim7,,,,,,,,,,,,,,,
,,Nfe2l1,,,,,,,,,,,,,,,,,,,,,,,,
,,Nfib,,,,,,,,,,,,,,,,,,,,,,,,
,,Nfix,,,,,,,,,,,,,,,,,,,,,,,,
,,Nfkbib,,,,,,,,,,,,,,,,,,,,,,,,
,,Ngly1,,,,,,,,,,,,,,,,,,,,,,,,
,,Nhsl1,,,,,,,,,,,,,,,,,,,,,,,,
,,Nhsl2,,,,,,,,,,,,,,,,,,,,,,,,
,,Nin,,,,,,,,,,,,,,,,,,,,,,,,
,,Nip7,,,,,,,,,,,,,,,,,,,,,,,,
,,Nipbl,,,,,,,,,,,,,,,,,,,,,,,,
,,Nkd1,,,,,,,,,,,,,,,,,,,,,,,,
,,Nme7,,,,,,,,,,,,,,,,,,,,,,,,
,,Nob1,,,,,,,,,,,,,,,,,,,,,,,,
,,Nod1,,,,,,,,,,,,,,,,,,,,,,,,
,,Nol11,,,,,,,,,,,,,,,,,,,,,,,,
,,Nol9,,,,,,,,,,,,,,,,,,,,,,,,
,,Nom1,,,,,,,,,,,,,,,,,,,,,,,,
,,Nomo1,,,,,,,,,,,,,,,,,,,,,,,,
,,Nos3,,,,,,,,,,,,,,,,,,,,,,,,
,,Nosip,,,,,,,,,,,,,,,,,,,,,,,,
,,Notch4,,,,,,,,,,,,,,,,,,,,,,,,
,,Nova2,,,,,,,,,,,,,,,,,,,,,,,,
,,Npdc1,,,,,,,,,,,,,,,,,,,,,,,,
,,Npepl1,,,,,,,,,,,,,,,,,,,,,,,,
,,Npl,,,,,,,,,,,,,,,,,,,,,,,,
,,Nprl3,,,,,,,,,,,,,,,,,,,,,,,,
,,Nqo2,,,,,,,,,,,,,,,,,,,,,,,,
,,Nr1d2,,,,,,,,,,,,,,,,,,,,,,,,
,,Nr2c1,,,,,,,,,,,,,,,,,,,,,,,,
,,Nr3c1,,,,,,,,,,,,,,,,,,,,,,,,
,,Nsmce2,,,,,,,,,,,,,,,,,,,,,,,,
,,Nsmce4a,,,,,,,,,,,,,,,,,,,,,,,,
,,Nt5dc1,,,,,,,,,,,,,,,,,,,,,,,,
,,Nt5dc3,,,,,,,,,,,,,,,,,,,,,,,,
,,Nuak2,,,,,,,,,,,,,,,,,,,,,,,,
,,Nudt14,,,,,,,,,,,,,,,,,,,,,,,,
,,Nudt16l1,,,,,,,,,,,,,,,,,,,,,,,,
,,Nudt21,,,,,,,,,,,,,,,,,,,,,,,,
,,Nudt22,,,,,,,,,,,,,,,,,,,,,,,,
,,Nufip2,,,,,,,,,,,,,,,,,,,,,,,,
,,Numa1,,,,,,,,,,,,,,,,,,,,,,,,
,,Numb,,,,,,,,,,,,,,,,,,,,,,,,
,,Nup153,,,,,,,,,,,,,,,,,,,,,,,,
,,Nup155,,,,,,,,,,,,,,,,,,,,,,,,
,,Nup37,,,,,,,,,,,,,,,,,,,,,,,,
,,Nup50,,,,,,,,,,,,,,,,,,,,,,,,
,,Nup54,,,,,,,,,,,,,,,,,,,,,,,,
,,Nup62,,,,,,,,,,,,,,,,,,,,,,,,
,,Nup85,,,,,,,,,,,,,,,,,,,,,,,,
,,Nup88,,,,,,,,,,,,,,,,,,,,,,,,
,,Nutf2,,,,,,,,,,,,,,,,,,,,,,,,
,,Nxf1,,,,,,,,,,,,,,,,,,,,,,,,
,,Nxn,,,,,,,,,,,,,,,,,,,,,,,,
,,Nxt1,,,,,,,,,,,,,,,,,,,,,,,,
,,Oasl2,,,,,,,,,,,,,,,,,,,,,,,,
,,Ogfod1,,,,,,,,,,,,,,,,,,,,,,,,
,,Ogfod2,,,,,,,,,,,,,,,,,,,,,,,,
,,Ogfr,,,,,,,,,,,,,,,,,,,,,,,,
,,Olfm1,,,,,,,,,,,,,,,,,,,,,,,,
,,Opa1,,,,,,,,,,,,,,,,,,,,,,,,
,,Orc4,,,,,,,,,,,,,,,,,,,,,,,,
,,Orc5,,,,,,,,,,,,,,,,,,,,,,,,
,,Ormdl2,,,,,,,,,,,,,,,,,,,,,,,,
,,Ormdl3,,,,,,,,,,,,,,,,,,,,,,,,
,,Osbpl9,,,,,,,,,,,,,,,,,,,,,,,,
,,Osgep,,,,,,,,,,,,,,,,,,,,,,,,
,,Osmr,,,,,,,,,,,,,,,,,,,,,,,,
,,Otud6b,,,,,,,,,,,,,,,,,,,,,,,,
,,Ovca2,,,,,,,,,,,,,,,,,,,,,,,,
,,Oxsr1,,,,,,,,,,,,,,,,,,,,,,,,
,,P2ry1,,,,,,,,,,,,,,,,,,,,,,,,
,,P4ha1,,,,,,,,,,,,,,,,,,,,,,,,
,,Pabpc4,,,,,,,,,,,,,,,,,,,,,,,,
,,Paip1,,,,,,,,,,,,,,,,,,,,,,,,
,,Pak1ip1,,,,,,,,,,,,,,,,,,,,,,,,
,,Pak2,,,,,,,,,,,,,,,,,,,,,,,,
,,Pan3,,,,,,,,,,,,,,,,,,,,,,,,
,,Pank3,,,,,,,,,,,,,,,,,,,,,,,,
,,Papd4,,,,,,,,,,,,,,,,,,,,,,,,
,,Papd5,,,,,,,,,,,,,,,,,,,,,,,,
,,Papss1,,,,,,,,,,,,,,,,,,,,,,,,
,,Paqr7,,,,,,,,,,,,,,,,,,,,,,,,
,,Parg,,,,,,,,,,,,,,,,,,,,,,,,
,,Parn,,,,,,,,,,,,,,,,,,,,,,,,
,,Parp12,,,,,,,,,,,,,,,,,,,,,,,,
,,Parva,,,,,,,,,,,,,,,,,,,,,,,,
,,Paxip1,,,,,,,,,,,,,,,,,,,,,,,,
,,Pcbp1,,,,,,,,,,,,,,,,,,,,,,,,
,,Pcgf5,,,,,,,,,,,,,,,,,,,,,,,,
,,Pcid2,,,,,,,,,,,,,,,,,,,,,,,,
,,Pcif1,,,,,,,,,,,,,,,,,,,,,,,,
,,Pcmt1,,,,,,,,,,,,,,,,,,,,,,,,
,,Pcmtd2,,,,,,,,,,,,,,,,,,,,,,,,
,,Pcna,,,,,,,,,,,,,,,,,,,,,,,,
,,Pcolce,,,,,,,,,,,,,,,,,,,,,,,,
,,Pcsk7,,,,,,,,,,,,,,,,,,,,,,,,
,,Pcyt1a,,,,,,,,,,,,,,,,,,,,,,,,
,,Pdap1,,,,,,,,,,,,,,,,,,,,,,,,
,,Pdcd11,,,,,,,,,,,,,,,,,,,,,,,,
,,Pdcl,,,,,,,,,,,,,,,,,,,,,,,,
,,Pdcl3,,,,,,,,,,,,,,,,,,,,,,,,
,,Pde12,,,,,,,,,,,,,,,,,,,,,,,,
,,Pde8a,,,,,,,,,,,,,,,,,,,,,,,,
,,Pdf,,,,,,,,,,,,,,,,,,,,,,,,
,,Pdia6,,,,,,,,,,,,,,,,,,,,,,,,
,,Pdpk1,,,,,,,,,,,,,,,,,,,,,,,,
,,Pdrg1,,,,,,,,,,,,,,,,,,,,,,,,
,,Pdxdc1,,,,,,,,,,,,,,,,,,,,,,,,
,,Peli2,,,,,,,,,,,,,,,,,,,,,,,,
,,Pex11b,,,,,,,,,,,,,,,,,,,,,,,,
,,Pex14,,,,,,,,,,,,,,,,,,,,,,,,
,,Pex3,,,,,,,,,,,,,,,,,,,,,,,,
,,Pfdn2,,,,,,,,,,,,,,,,,,,,,,,,
,,Pfdn4,,,,,,,,,,,,,,,,,,,,,,,,
,,Pfkfb2,,,,,,,,,,,,,,,,,,,,,,,,
,,Pgam5,,,,,,,,,,,,,,,,,,,,,,,,
,,Pgap2,,,,,,,,,,,,,,,,,,,,,,,,
,,Pgm1,,,,,,,,,,,,,,,,,,,,,,,,
,,Pgrmc2,,,,,,,,,,,,,,,,,,,,,,,,
,,Phactr2,,,,,,,,,,,,,,,,,,,,,,,,
,,Phf17,,,,,,,,,,,,,,,,,,,,,,,,
,,Phf20l1,,,,,,,,,,,,,,,,,,,,,,,,
,,Phf23,,,,,,,,,,,,,,,,,,,,,,,,
,,Phf5a,,,,,,,,,,,,,,,,,,,,,,,,
,,Phkb,,,,,,,,,,,,,,,,,,,,,,,,
,,Phkg2,,,,,,,,,,,,,,,,,,,,,,,,
,,Pi4ka,,,,,,,,,,,,,,,,,,,,,,,,
,,Pias2,,,,,,,,,,,,,,,,,,,,,,,,
,,Pias4,,,,,,,,,,,,,,,,,,,,,,,,
,,Picalm,,,,,,,,,,,,,,,,,,,,,,,,
,,Pigc,,,,,,,,,,,,,,,,,,,,,,,,
,,Pigk,,,,,,,,,,,,,,,,,,,,,,,,
,,Pigp,,,,,,,,,,,,,,,,,,,,,,,,
,,Pigq,,,,,,,,,,,,,,,,,,,,,,,,
,,Pigu,,,,,,,,,,,,,,,,,,,,,,,,
,,Pik3c2b,,,,,,,,,,,,,,,,,,,,,,,,
,,Pik3c3,,,,,,,,,,,,,,,,,,,,,,,,
,,Pik3r4,,,,,,,,,,,,,,,,,,,,,,,,
,,Pikfyve,,,,,,,,,,,,,,,,,,,,,,,,
,,Pip4k2a,,,,,,,,,,,,,,,,,,,,,,,,
,,Pip5k1c,,,,,,,,,,,,,,,,,,,,,,,,
,,Pisd,,,,,,,,,,,,,,,,,,,,,,,,
,,Pitpnb,,,,,,,,,,,,,,,,,,,,,,,,
,,Pitpnm2,,,,,,,,,,,,,,,,,,,,,,,,
,,Pitrm1,,,,,,,,,,,,,,,,,,,,,,,,
,,Pkd2,,,,,,,,,,,,,,,,,,,,,,,,
,,Pknox1,,,,,,,,,,,,,,,,,,,,,,,,
,,Pla2g12a,,,,,,,,,,,,,,,,,,,,,,,,
,,Pla2g16,,,,,,,,,,,,,,,,,,,,,,,,
,,Pla2g6,,,,,,,,,,,,,,,,,,,,,,,,
,,Pla2r1,,,,,,,,,,,,,,,,,,,,,,,,
,,Plcb4,,,,,,,,,,,,,,,,,,,,,,,,
,,Pld1,,,,,,,,,,,,,,,,,,,,,,,,
,,Pld3,,,,,,,,,,,,,,,,,,,,,,,,
,,Plekhf1,,,,,,,,,,,,,,,,,,,,,,,,
,,Plekho2,,,,,,,,,,,,,,,,,,,,,,,,
,,Plin3,,,,,,,,,,,,,,,,,,,,,,,,
,,Plscr3,,,,,,,,,,,,,,,,,,,,,,,,
,,Plscr4,,,,,,,,,,,,,,,,,,,,,,,,
,,Plvap,,,,,,,,,,,,,,,,,,,,,,,,
,,Pml,,,,,,,,,,,,,,,,,,,,,,,,
,,Pmm2,,,,,,,,,,,,,,,,,,,,,,,,
,,Pmp22,,,,,,,,,,,,,,,,,,,,,,,,
,,Pnrc1,,,,,,,,,,,,,,,,,,,,,,,,
,,Poglut1,,,,,,,,,,,,,,,,,,,,,,,,
,,Pola2,,,,,,,,,,,,,,,,,,,,,,,,
,,Poldip3,,,,,,,,,,,,,,,,,,,,,,,,
,,Polg,,,,,,,,,,,,,,,,,,,,,,,,
,,Polk,,,,,,,,,,,,,,,,,,,,,,,,
,,Polr2d,,,,,,,,,,,,,,,,,,,,,,,,
,,Polr2e,,,,,,,,,,,,,,,,,,,,,,,,
,,Polr2g,,,,,,,,,,,,,,,,,,,,,,,,
,,Polr2m,,,,,,,,,,,,,,,,,,,,,,,,
,,Pomgnt1,,,,,,,,,,,,,,,,,,,,,,,,
,,Pomt2,,,,,,,,,,,,,,,,,,,,,,,,
,,Pop4,,,,,,,,,,,,,,,,,,,,,,,,
,,Pop7,,,,,,,,,,,,,,,,,,,,,,,,
,,Pphln1,,,,,,,,,,,,,,,,,,,,,,,,
,,Ppid,,,,,,,,,,,,,,,,,,,,,,,,
,,Ppie,,,,,,,,,,,,,,,,,,,,,,,,
,,Ppih,,,,,,,,,,,,,,,,,,,,,,,,
,,Ppil3,,,,,,,,,,,,,,,,,,,,,,,,
,,Ppm1m,,,,,,,,,,,,,,,,,,,,,,,,
,,Ppme1,,,,,,,,,,,,,,,,,,,,,,,,
,,Ppp1cb,,,,,,,,,,,,,,,,,,,,,,,,
,,Ppp1r12a,,,,,,,,,,,,,,,,,,,,,,,,
,,Ppp1r12c,,,,,,,,,,,,,,,,,,,,,,,,
,,Ppp1r13b,,,,,,,,,,,,,,,,,,,,,,,,
,,Ppp1r15b,,,,,,,,,,,,,,,,,,,,,,,,
,,Ppp1r18,,,,,,,,,,,,,,,,,,,,,,,,
,,Ppp1r7,,,,,,,,,,,,,,,,,,,,,,,,
,,Ppp2r1b,,,,,,,,,,,,,,,,,,,,,,,,
,,Ppp4r2,,,,,,,,,,,,,,,,,,,,,,,,
,,Ppp5c,,,,,,,,,,,,,,,,,,,,,,,,
,,Pppde2,,,,,,,,,,,,,,,,,,,,,,,,
,,Pqlc2,,,,,,,,,,,,,,,,,,,,,,,,
,,Prcp,,,,,,,,,,,,,,,,,,,,,,,,
,,Prdm2,,,,,,,,,,,,,,,,,,,,,,,,
,,Prelp,,,,,,,,,,,,,,,,,,,,,,,,
,,Prkab1,,,,,,,,,,,,,,,,,,,,,,,,
,,Prkar2a,,,,,,,,,,,,,,,,,,,,,,,,
,,Prkce,,,,,,,,,,,,,,,,,,,,,,,,
,,Prkch,,,,,,,,,,,,,,,,,,,,,,,,
,,Prkci,,,,,,,,,,,,,,,,,,,,,,,,
,,Prkcsh,,,,,,,,,,,,,,,,,,,,,,,,
,,Prpf18,,,,,,,,,,,,,,,,,,,,,,,,
,,Prpf4,,,,,,,,,,,,,,,,,,,,,,,,
,,Prpf40a,,,,,,,,,,,,,,,,,,,,,,,,
,,Prr5l,,,,,,,,,,,,,,,,,,,,,,,,
,,Prrc1,,,,,,,,,,,,,,,,,,,,,,,,
,,Prrc2c,,,,,,,,,,,,,,,,,,,,,,,,
,,Prrg2,,,,,,,,,,,,,,,,,,,,,,,,
,,Psd3,,,,,,,,,,,,,,,,,,,,,,,,
,,Psen1,,,,,,,,,,,,,,,,,,,,,,,,
,,Psip1,,,,,,,,,,,,,,,,,,,,,,,,
,,Psmc1,,,,,,,,,,,,,,,,,,,,,,,,
,,Psmd10,,,,,,,,,,,,,,,,,,,,,,,,
,,Psmd3,,,,,,,,,,,,,,,,,,,,,,,,
,,Psmd7,,,,,,,,,,,,,,,,,,,,,,,,
,,Psmg2,,,,,,,,,,,,,,,,,,,,,,,,
,,Pstk,,,,,,,,,,,,,,,,,,,,,,,,
,,Ptk2,,,,,,,,,,,,,,,,,,,,,,,,
,,Ptp4a3,,,,,,,,,,,,,,,,,,,,,,,,
,,Ptpn11,,,,,,,,,,,,,,,,,,,,,,,,
,,Ptpn2,,,,,,,,,,,,,,,,,,,,,,,,
,,Ptprk,,,,,,,,,,,,,,,,,,,,,,,,
,,Ptprm,,,,,,,,,,,,,,,,,,,,,,,,
,,Ptrf,,,,,,,,,,,,,,,,,,,,,,,,
,,Pttg1,,,,,,,,,,,,,,,,,,,,,,,,
,,Pura,,,,,,,,,,,,,,,,,,,,,,,,
,,Purb,,,,,,,,,,,,,,,,,,,,,,,,
,,Pus1,,,,,,,,,,,,,,,,,,,,,,,,
,,Pvr,,,,,,,,,,,,,,,,,,,,,,,,
,,Pvrl3,,,,,,,,,,,,,,,,,,,,,,,,
,,Pxdn,,,,,,,,,,,,,,,,,,,,,,,,
,,Pxk,,,,,,,,,,,,,,,,,,,,,,,,
,,Pxn,,,,,,,,,,,,,,,,,,,,,,,,
,,Pyroxd2,,,,,,,,,,,,,,,,,,,,,,,,
,,Qpct,,,,,,,,,,,,,,,,,,,,,,,,
,,Qpctl,,,,,,,,,,,,,,,,,,,,,,,,
,,Qrich1,,,,,,,,,,,,,,,,,,,,,,,,
,,R3hdm2,,,,,,,,,,,,,,,,,,,,,,,,
,,Rab1,,,,,,,,,,,,,,,,,,,,,,,,
,,Rab11a,,,,,,,,,,,,,,,,,,,,,,,,
,,Rab12,,,,,,,,,,,,,,,,,,,,,,,,
,,Rab22a,,,,,,,,,,,,,,,,,,,,,,,,
,,Rab27a,,,,,,,,,,,,,,,,,,,,,,,,
,,Rab28,,,,,,,,,,,,,,,,,,,,,,,,
,,Rab2a,,,,,,,,,,,,,,,,,,,,,,,,
,,Rab31,,,,,,,,,,,,,,,,,,,,,,,,
,,Rab3gap1,,,,,,,,,,,,,,,,,,,,,,,,
,,Rab3gap2,,,,,,,,,,,,,,,,,,,,,,,,
,,Rab3il1,,,,,,,,,,,,,,,,,,,,,,,,
,,Rab43,,,,,,,,,,,,,,,,,,,,,,,,
,,Rab7,,,,,,,,,,,,,,,,,,,,,,,,
,,Rab8b,,,,,,,,,,,,,,,,,,,,,,,,
,,Rabac1,,,,,,,,,,,,,,,,,,,,,,,,
,,Rabep1,,,,,,,,,,,,,,,,,,,,,,,,
,,Rabggtb,,,,,,,,,,,,,,,,,,,,,,,,
,,Rad17,,,,,,,,,,,,,,,,,,,,,,,,
,,Rad23a,,,,,,,,,,,,,,,,,,,,,,,,
,,Rad50,,,,,,,,,,,,,,,,,,,,,,,,
,,Rad51l3,,,,,,,,,,,,,,,,,,,,,,,,
,,Rai12,,,,,,,,,,,,,,,,,,,,,,,,
,,Rai14,,,,,,,,,,,,,,,,,,,,,,,,
,,Rala,,,,,,,,,,,,,,,,,,,,,,,,
,,Ranbp10,,,,,,,,,,,,,,,,,,,,,,,,
,,Ranbp9,,,,,,,,,,,,,,,,,,,,,,,,
,,Rap2c,,,,,,,,,,,,,,,,,,,,,,,,
,,Rapgef1,,,,,,,,,,,,,,,,,,,,,,,,
,,Rapgef3,,,,,,,,,,,,,,,,,,,,,,,,
,,Rapgef5,,,,,,,,,,,,,,,,,,,,,,,,
,,Rarg,,,,,,,,,,,,,,,,,,,,,,,,
,,Rasd1,,,,,,,,,,,,,,,,,,,,,,,,
,,Rasgef1b,,,,,,,,,,,,,,,,,,,,,,,,
,,Rassf1,,,,,,,,,,,,,,,,,,,,,,,,
,,Rbbp5,,,,,,,,,,,,,,,,,,,,,,,,
,,Rbm10,,,,,,,,,,,,,,,,,,,,,,,,
,,Rbm26,,,,,,,,,,,,,,,,,,,,,,,,
,,Rbm34,,,,,,,,,,,,,,,,,,,,,,,,
,,Rbm4b,,,,,,,,,,,,,,,,,,,,,,,,
,,Rbm7,,,,,,,,,,,,,,,,,,,,,,,,
,,Rbm8a,,,,,,,,,,,,,,,,,,,,,,,,
,,Rbms2,,,,,,,,,,,,,,,,,,,,,,,,
,,Rbp1,,,,,,,,,,,,,,,,,,,,,,,,
,,Rbpj,,,,,,,,,,,,,,,,,,,,,,,,
,,Rbpms,,,,,,,,,,,,,,,,,,,,,,,,
,,Rcc2,,,,,,,,,,,,,,,,,,,,,,,,
,,Rce1,,,,,,,,,,,,,,,,,,,,,,,,
,,Rchy1,,,,,,,,,,,,,,,,,,,,,,,,
,,Rcn1,,,,,,,,,,,,,,,,,,,,,,,,
,,Rcn2,,,,,,,,,,,,,,,,,,,,,,,,
,,Rcn3,,,,,,,,,,,,,,,,,,,,,,,,
,,Rcsd1,,,,,,,,,,,,,,,,,,,,,,,,
,,Rdh11,,,,,,,,,,,,,,,,,,,,,,,,
,,Rdh13,,,,,,,,,,,,,,,,,,,,,,,,
,,Rdh14,,,,,,,,,,,,,,,,,,,,,,,,
,,Rdm1,,,,,,,,,,,,,,,,,,,,,,,,
,,Renbp,,,,,,,,,,,,,,,,,,,,,,,,
,,Rere,,,,,,,,,,,,,,,,,,,,,,,,
,,Rest,,,,,,,,,,,,,,,,,,,,,,,,
,,Rev3l,,,,,,,,,,,,,,,,,,,,,,,,
,,Rffl,,,,,,,,,,,,,,,,,,,,,,,,
,,Rft1,,,,,,,,,,,,,,,,,,,,,,,,
,,Rfxank,,,,,,,,,,,,,,,,,,,,,,,,
,,Rgl2,,,,,,,,,,,,,,,,,,,,,,,,
,,Rhbdd1,,,,,,,,,,,,,,,,,,,,,,,,
,,Rhbdd2,,,,,,,,,,,,,,,,,,,,,,,,
,,Rhoa,,,,,,,,,,,,,,,,,,,,,,,,
,,Rhobtb1,,,,,,,,,,,,,,,,,,,,,,,,
,,Rhod,,,,,,,,,,,,,,,,,,,,,,,,
,,Rhot1,,,,,,,,,,,,,,,,,,,,,,,,
,,Riok2,,,,,,,,,,,,,,,,,,,,,,,,
,,Rit1,,,,,,,,,,,,,,,,,,,,,,,,
,,Rmnd5a,,,,,,,,,,,,,,,,,,,,,,,,
,,Rmnd5b,,,,,,,,,,,,,,,,,,,,,,,,
,,Rnasel,,,,,,,,,,,,,,,,,,,,,,,,
,,Rnd3,,,,,,,,,,,,,,,,,,,,,,,,
,,Rnf103,,,,,,,,,,,,,,,,,,,,,,,,
,,Rnf11,,,,,,,,,,,,,,,,,,,,,,,,
,,Rnf121,,,,,,,,,,,,,,,,,,,,,,,,
,,Rnf138,,,,,,,,,,,,,,,,,,,,,,,,
,,Rnf139,,,,,,,,,,,,,,,,,,,,,,,,
,,Rnf14,,,,,,,,,,,,,,,,,,,,,,,,
,,Rnf144a,,,,,,,,,,,,,,,,,,,,,,,,
,,Rnf144b,,,,,,,,,,,,,,,,,,,,,,,,
,,Rnf145,,,,,,,,,,,,,,,,,,,,,,,,
,,Rnf146,,,,,,,,,,,,,,,,,,,,,,,,
,,Rnf170,,,,,,,,,,,,,,,,,,,,,,,,
,,Rnf181,,,,,,,,,,,,,,,,,,,,,,,,
,,Rnf187,,,,,,,,,,,,,,,,,,,,,,,,
,,Rnf2,,,,,,,,,,,,,,,,,,,,,,,,
,,Rnf214,,,,,,,,,,,,,,,,,,,,,,,,
,,Rnf26,,,,,,,,,,,,,,,,,,,,,,,,
,,Rnf40,,,,,,,,,,,,,,,,,,,,,,,,
,,Rnf6,,,,,,,,,,,,,,,,,,,,,,,,
,,Rngtt,,,,,,,,,,,,,,,,,,,,,,,,
,,Rnpc3,,,,,,,,,,,,,,,,,,,,,,,,
,,Rnps1,,,,,,,,,,,,,,,,,,,,,,,,
,,Rpa3,,,,,,,,,,,,,,,,,,,,,,,,
,,Rpl34,,,,,,,,,,,,,,,,,,,,,,,,
,,Rpn1,,,,,,,,,,,,,,,,,,,,,,,,
,,Rpn2,,,,,,,,,,,,,,,,,,,,,,,,
,,Rpp14,,,,,,,,,,,,,,,,,,,,,,,,
,,Rpp40,,,,,,,,,,,,,,,,,,,,,,,,
,,Rprd1b,,,,,,,,,,,,,,,,,,,,,,,,
,,Rps6kb2,,,,,,,,,,,,,,,,,,,,,,,,
,,Rrbp1,,,,,,,,,,,,,,,,,,,,,,,,
,,Rrp1,,,,,,,,,,,,,,,,,,,,,,,,
,,Rrp36,,,,,,,,,,,,,,,,,,,,,,,,
,,Rrp7a,,,,,,,,,,,,,,,,,,,,,,,,
,,Rrp9,,,,,,,,,,,,,,,,,,,,,,,,
,,Rrs1,,,,,,,,,,,,,,,,,,,,,,,,
,,Rsl24d1,,,,,,,,,,,,,,,,,,,,,,,,
,,Rspry1,,,,,,,,,,,,,,,,,,,,,,,,
,,Rtcd1,,,,,,,,,,,,,,,,,,,,,,,,
,,Rufy1,,,,,,,,,,,,,,,,,,,,,,,,
,,Rusc2,,,,,,,,,,,,,,,,,,,,,,,,
,,Ruvbl2,,,,,,,,,,,,,,,,,,,,,,,,
,,Rxrb,,,,,,,,,,,,,,,,,,,,,,,,
,,Sacm1l,,,,,,,,,,,,,,,,,,,,,,,,
,,Sae1,,,,,,,,,,,,,,,,,,,,,,,,
,,Safb2,,,,,,,,,,,,,,,,,,,,,,,,
,,Samd8,,,,,,,,,,,,,,,,,,,,,,,,
,,Sap130,,,,,,,,,,,,,,,,,,,,,,,,
,,Sap18,,,,,,,,,,,,,,,,,,,,,,,,
,,Sart1,,,,,,,,,,,,,,,,,,,,,,,,
,,Sbf1,,,,,,,,,,,,,,,,,,,,,,,,
,,Scaf11,,,,,,,,,,,,,,,,,,,,,,,,
,,Scamp1,,,,,,,,,,,,,,,,,,,,,,,,
,,Scamp2,,,,,,,,,,,,,,,,,,,,,,,,
,,Scamp3,,,,,,,,,,,,,,,,,,,,,,,,
,,Scamp4,,,,,,,,,,,,,,,,,,,,,,,,
,,Scamp5,,,,,,,,,,,,,,,,,,,,,,,,
,,Scarb2,,,,,,,,,,,,,,,,,,,,,,,,
,,Scarf1,,,,,,,,,,,,,,,,,,,,,,,,
,,Scfd1,,,,,,,,,,,,,,,,,,,,,,,,
,,Sco1,,,,,,,,,,,,,,,,,,,,,,,,
,,Sco2,,,,,,,,,,,,,,,,,,,,,,,,
,,Sdccag3,,,,,,,,,,,,,,,,,,,,,,,,
,,Sec13,,,,,,,,,,,,,,,,,,,,,,,,
,,Sec14l1,,,,,,,,,,,,,,,,,,,,,,,,
,,Sec16a,,,,,,,,,,,,,,,,,,,,,,,,
,,Sec22b,,,,,,,,,,,,,,,,,,,,,,,,
,,Sec23ip,,,,,,,,,,,,,,,,,,,,,,,,
,,Sec24c,,,,,,,,,,,,,,,,,,,,,,,,
,,Sec24d,,,,,,,,,,,,,,,,,,,,,,,,
,,Sec62,,,,,,,,,,,,,,,,,,,,,,,,
,,Sema3f,,,,,,,,,,,,,,,,,,,,,,,,
,,Sema4b,,,,,,,,,,,,,,,,,,,,,,,,
,,Sema6b,,,,,,,,,,,,,,,,,,,,,,,,
,,Sema6d,,,,,,,,,,,,,,,,,,,,,,,,
,,Senp3,,,,,,,,,,,,,,,,,,,,,,,,
,,Senp5,,,,,,,,,,,,,,,,,,,,,,,,
,,Sept10,,,,,,,,,,,,,,,,,,,,,,,,
,,Sept2,,,,,,,,,,,,,,,,,,,,,,,,
,,Sept4,,,,,,,,,,,,,,,,,,,,,,,,
,,Sept7,,,,,,,,,,,,,,,,,,,,,,,,
,,Sept8,,,,,,,,,,,,,,,,,,,,,,,,
,,Serhl,,,,,,,,,,,,,,,,,,,,,,,,
,,Serinc1,,,,,,,,,,,,,,,,,,,,,,,,
,,Serinc5,,,,,,,,,,,,,,,,,,,,,,,,
,,Setd2,,,,,,,,,,,,,,,,,,,,,,,,
,,Setd3,,,,,,,,,,,,,,,,,,,,,,,,
,,Setd5,,,,,,,,,,,,,,,,,,,,,,,,
,,Setdb1,,,,,,,,,,,,,,,,,,,,,,,,
,,Sf3a1,,,,,,,,,,,,,,,,,,,,,,,,
,,Sf3b3,,,,,,,,,,,,,,,,,,,,,,,,
,,Sfi1,,,,,,,,,,,,,,,,,,,,,,,,
,,Sgms1,,,,,,,,,,,,,,,,,,,,,,,,
,,Sh2b1,,,,,,,,,,,,,,,,,,,,,,,,
,,Sh2d3c,,,,,,,,,,,,,,,,,,,,,,,,
,,Sh3d19,,,,,,,,,,,,,,,,,,,,,,,,
,,Sh3glb1,,,,,,,,,,,,,,,,,,,,,,,,
,,Sh3rf1,,,,,,,,,,,,,,,,,,,,,,,,
,,Shank3,,,,,,,,,,,,,,,,,,,,,,,,
,,She,,,,,,,,,,,,,,,,,,,,,,,,
,,Shroom2,,,,,,,,,,,,,,,,,,,,,,,,
,,Sigirr,,,,,,,,,,,,,,,,,,,,,,,,
,,Sik3,,,,,,,,,,,,,,,,,,,,,,,,
,,Sil1,,,,,,,,,,,,,,,,,,,,,,,,
,,Sirpa,,,,,,,,,,,,,,,,,,,,,,,,
,,Ski,,,,,,,,,,,,,,,,,,,,,,,,
,,Skiv2l2,,,,,,,,,,,,,,,,,,,,,,,,
,,Slc11a2,,,,,,,,,,,,,,,,,,,,,,,,
,,Slc12a6,,,,,,,,,,,,,,,,,,,,,,,,
,,Slc12a7,,,,,,,,,,,,,,,,,,,,,,,,
,,Slc16a2,,,,,,,,,,,,,,,,,,,,,,,,
,,Slc17a5,,,,,,,,,,,,,,,,,,,,,,,,
,,Slc20a1,,,,,,,,,,,,,,,,,,,,,,,,
,,Slc22a15,,,,,,,,,,,,,,,,,,,,,,,,
,,Slc22a5,,,,,,,,,,,,,,,,,,,,,,,,
,,Slc25a28,,,,,,,,,,,,,,,,,,,,,,,,
,,Slc25a37,,,,,,,,,,,,,,,,,,,,,,,,
,,Slc25a46,,,,,,,,,,,,,,,,,,,,,,,,
,,Slc26a10,,,,,,,,,,,,,,,,,,,,,,,,
,,Slc2a8,,,,,,,,,,,,,,,,,,,,,,,,
,,Slc2a9,,,,,,,,,,,,,,,,,,,,,,,,
,,Slc30a1,,,,,,,,,,,,,,,,,,,,,,,,
,,Slc30a6,,,,,,,,,,,,,,,,,,,,,,,,
,,Slc30a9,,,,,,,,,,,,,,,,,,,,,,,,
,,Slc35a1,,,,,,,,,,,,,,,,,,,,,,,,
,,Slc35a3,,,,,,,,,,,,,,,,,,,,,,,,
,,Slc35a4,,,,,,,,,,,,,,,,,,,,,,,,
,,Slc35b1,,,,,,,,,,,,,,,,,,,,,,,,
,,Slc35e1,,,,,,,,,,,,,,,,,,,,,,,,
,,Slc35f5,,,,,,,,,,,,,,,,,,,,,,,,
,,Slc36a1,,,,,,,,,,,,,,,,,,,,,,,,
,,Slc37a3,,,,,,,,,,,,,,,,,,,,,,,,
,,Slc38a6,,,,,,,,,,,,,,,,,,,,,,,,
,,Slc38a7,,,,,,,,,,,,,,,,,,,,,,,,
,,Slc39a1,,,,,,,,,,,,,,,,,,,,,,,,
,,Slc44a2,,,,,,,,,,,,,,,,,,,,,,,,
,,Slc48a1,,,,,,,,,,,,,,,,,,,,,,,,
,,Slc4a2,,,,,,,,,,,,,,,,,,,,,,,,
,,Slc6a6,,,,,,,,,,,,,,,,,,,,,,,,
,,Slc7a7,,,,,,,,,,,,,,,,,,,,,,,,
,,Slc9a1,,,,,,,,,,,,,,,,,,,,,,,,
,,Slc9a9,,,,,,,,,,,,,,,,,,,,,,,,
,,Slco2a1,,,,,,,,,,,,,,,,,,,,,,,,
,,Slco3a1,,,,,,,,,,,,,,,,,,,,,,,,
,,Slk,,,,,,,,,,,,,,,,,,,,,,,,
,,Slu7,,,,,,,,,,,,,,,,,,,,,,,,
,,Slx1b,,,,,,,,,,,,,,,,,,,,,,,,
,,Smad3,,,,,,,,,,,,,,,,,,,,,,,,
,,Smarca5,,,,,,,,,,,,,,,,,,,,,,,,
,,Smarcad1,,,,,,,,,,,,,,,,,,,,,,,,
,,Smarcd2,,,,,,,,,,,,,,,,,,,,,,,,
,,Smc1a,,,,,,,,,,,,,,,,,,,,,,,,
,,Smc5,,,,,,,,,,,,,,,,,,,,,,,,
,,Smcr8,,,,,,,,,,,,,,,,,,,,,,,,
,,Smek1,,,,,,,,,,,,,,,,,,,,,,,,
,,Smg6,,,,,,,,,,,,,,,,,,,,,,,,
,,Smn1,,,,,,,,,,,,,,,,,,,,,,,,
,,Smndc1,,,,,,,,,,,,,,,,,,,,,,,,
,,Smtn,,,,,,,,,,,,,,,,,,,,,,,,
,,Smu1,,,,,,,,,,,,,,,,,,,,,,,,
,,Snap23,,,,,,,,,,,,,,,,,,,,,,,,
,,Snapc2,,,,,,,,,,,,,,,,,,,,,,,,
,,Snhg1,,,,,,,,,,,,,,,,,,,,,,,,
,,Snhg3,,,,,,,,,,,,,,,,,,,,,,,,
,,Snrnp200,,,,,,,,,,,,,,,,,,,,,,,,
,,Snrnp27,,,,,,,,,,,,,,,,,,,,,,,,
,,Snrnp48,,,,,,,,,,,,,,,,,,,,,,,,
,,Snrpa,,,,,,,,,,,,,,,,,,,,,,,,
,,Snrpa1,,,,,,,,,,,,,,,,,,,,,,,,
,,Snrpd1,,,,,,,,,,,,,,,,,,,,,,,,
,,Sntb2,,,,,,,,,,,,,,,,,,,,,,,,
,,Snupn,,,,,,,,,,,,,,,,,,,,,,,,
,,Snx14,,,,,,,,,,,,,,,,,,,,,,,,
,,Snx17,,,,,,,,,,,,,,,,,,,,,,,,
,,Snx22,,,,,,,,,,,,,,,,,,,,,,,,
,,Snx4,,,,,,,,,,,,,,,,,,,,,,,,
,,Snx8,,,,,,,,,,,,,,,,,,,,,,,,
,,Soat1,,,,,,,,,,,,,,,,,,,,,,,,
,,Sorbs3,,,,,,,,,,,,,,,,,,,,,,,,
,,Sox17,,,,,,,,,,,,,,,,,,,,,,,,
,,Sox7,,,,,,,,,,,,,,,,,,,,,,,,
,,Sp100,,,,,,,,,,,,,,,,,,,,,,,,
,,Spata13,,,,,,,,,,,,,,,,,,,,,,,,
,,Spcs3,,,,,,,,,,,,,,,,,,,,,,,,
,,Spg7,,,,,,,,,,,,,,,,,,,,,,,,
,,Spint2,,,,,,,,,,,,,,,,,,,,,,,,
,,Spns1,,,,,,,,,,,,,,,,,,,,,,,,
,,Spry2,,,,,,,,,,,,,,,,,,,,,,,,
,,Spry4,,,,,,,,,,,,,,,,,,,,,,,,
,,Spsb3,,,,,,,,,,,,,,,,,,,,,,,,
,,Spty2d1,,,,,,,,,,,,,,,,,,,,,,,,
,,Sqstm1,,,,,,,,,,,,,,,,,,,,,,,,
,,Srebf2,,,,,,,,,,,,,,,,,,,,,,,,
,,Srek1,,,,,,,,,,,,,,,,,,,,,,,,
,,Srgap1,,,,,,,,,,,,,,,,,,,,,,,,
,,Srgap2,,,,,,,,,,,,,,,,,,,,,,,,
,,Srp19,,,,,,,,,,,,,,,,,,,,,,,,
,,Srprb,,,,,,,,,,,,,,,,,,,,,,,,
,,Srrd,,,,,,,,,,,,,,,,,,,,,,,,
,,Srsf5,,,,,,,,,,,,,,,,,,,,,,,,
,,Srxn1,,,,,,,,,,,,,,,,,,,,,,,,
,,Ss18,,,,,,,,,,,,,,,,,,,,,,,,
,,Ssx2ip,,,,,,,,,,,,,,,,,,,,,,,,
,,St3gal3,,,,,,,,,,,,,,,,,,,,,,,,
,,St3gal6,,,,,,,,,,,,,,,,,,,,,,,,
,,St5,,,,,,,,,,,,,,,,,,,,,,,,
,,St6galnac3,,,,,,,,,,,,,,,,,,,,,,,,
,,Stam,,,,,,,,,,,,,,,,,,,,,,,,
,,Stambp,,,,,,,,,,,,,,,,,,,,,,,,
,,Stap2,,,,,,,,,,,,,,,,,,,,,,,,
,,Stard3nl,,,,,,,,,,,,,,,,,,,,,,,,
,,Stard4,,,,,,,,,,,,,,,,,,,,,,,,
,,Stat2,,,,,,,,,,,,,,,,,,,,,,,,
,,Stau1,,,,,,,,,,,,,,,,,,,,,,,,
,,Stk19,,,,,,,,,,,,,,,,,,,,,,,,
,,Stk3,,,,,,,,,,,,,,,,,,,,,,,,
,,Stox2,,,,,,,,,,,,,,,,,,,,,,,,
,,Strn3,,,,,,,,,,,,,,,,,,,,,,,,
,,Stt3b,,,,,,,,,,,,,,,,,,,,,,,,
,,Stx12,,,,,,,,,,,,,,,,,,,,,,,,
,,Stx17,,,,,,,,,,,,,,,,,,,,,,,,
,,Stx18,,,,,,,,,,,,,,,,,,,,,,,,
,,Stx8,,,,,,,,,,,,,,,,,,,,,,,,
,,Stxbp1,,,,,,,,,,,,,,,,,,,,,,,,
,,Sugp1,,,,,,,,,,,,,,,,,,,,,,,,
,,Sumf1,,,,,,,,,,,,,,,,,,,,,,,,
,,Supt16h,,,,,,,,,,,,,,,,,,,,,,,,
,,Surf2,,,,,,,,,,,,,,,,,,,,,,,,
,,Suz12,,,,,,,,,,,,,,,,,,,,,,,,
,,Swap70,,,,,,,,,,,,,,,,,,,,,,,,
,,Syap1,,,,,,,,,,,,,,,,,,,,,,,,
,,Syf2,,,,,,,,,,,,,,,,,,,,,,,,
,,Syne2,,,,,,,,,,,,,,,,,,,,,,,,
,,Synj1,,,,,,,,,,,,,,,,,,,,,,,,
,,Synj2bp,,,,,,,,,,,,,,,,,,,,,,,,
,,Tacc2,,,,,,,,,,,,,,,,,,,,,,,,
,,Tada1,,,,,,,,,,,,,,,,,,,,,,,,
,,Tada2b,,,,,,,,,,,,,,,,,,,,,,,,
,,Tada3,,,,,,,,,,,,,,,,,,,,,,,,
,,Taf11,,,,,,,,,,,,,,,,,,,,,,,,
,,Taf13,,,,,,,,,,,,,,,,,,,,,,,,
,,Taf1d,,,,,,,,,,,,,,,,,,,,,,,,
,,Taf2,,,,,,,,,,,,,,,,,,,,,,,,
,,Taf5l,,,,,,,,,,,,,,,,,,,,,,,,
,,Tagap1,,,,,,,,,,,,,,,,,,,,,,,,
,,Taok1,,,,,,,,,,,,,,,,,,,,,,,,
,,Taok2,,,,,,,,,,,,,,,,,,,,,,,,
,,Taok3,,,,,,,,,,,,,,,,,,,,,,,,
,,Tap2,,,,,,,,,,,,,,,,,,,,,,,,
,,Tapbp,,,,,,,,,,,,,,,,,,,,,,,,
,,Tarbp2,,,,,,,,,,,,,,,,,,,,,,,,
,,Tatdn1,,,,,,,,,,,,,,,,,,,,,,,,
,,Tbc1d1,,,,,,,,,,,,,,,,,,,,,,,,
,,Tbc1d13,,,,,,,,,,,,,,,,,,,,,,,,
,,Tbc1d15,,,,,,,,,,,,,,,,,,,,,,,,
,,Tbc1d17,,,,,,,,,,,,,,,,,,,,,,,,
,,Tbc1d22a,,,,,,,,,,,,,,,,,,,,,,,,
,,Tbc1d23,,,,,,,,,,,,,,,,,,,,,,,,
,,Tbcc,,,,,,,,,,,,,,,,,,,,,,,,
,,Tbcd,,,,,,,,,,,,,,,,,,,,,,,,
,,Tbpl1,,,,,,,,,,,,,,,,,,,,,,,,
,,Tbx2,,,,,,,,,,,,,,,,,,,,,,,,
,,Tceb3,,,,,,,,,,,,,,,,,,,,,,,,
,,Tcf7l1,,,,,,,,,,,,,,,,,,,,,,,,
,,Tcirg1,,,,,,,,,,,,,,,,,,,,,,,,
,,Tcta,,,,,,,,,,,,,,,,,,,,,,,,
,,Tdrd7,,,,,,,,,,,,,,,,,,,,,,,,
,,Tecpr1,,,,,,,,,,,,,,,,,,,,,,,,
,,Tenc1,,,,,,,,,,,,,,,,,,,,,,,,
,,Terf1,,,,,,,,,,,,,,,,,,,,,,,,
,,Tesk2,,,,,,,,,,,,,,,,,,,,,,,,
,,Tet3,,,,,,,,,,,,,,,,,,,,,,,,
,,Tex10,,,,,,,,,,,,,,,,,,,,,,,,
,,Tex2,,,,,,,,,,,,,,,,,,,,,,,,
,,Tfip11,,,,,,,,,,,,,,,,,,,,,,,,
,,Tgfa,,,,,,,,,,,,,,,,,,,,,,,,
,,Tgfb1i1,,,,,,,,,,,,,,,,,,,,,,,,
,,Tgfbr1,,,,,,,,,,,,,,,,,,,,,,,,
,,Tgm2,,,,,,,,,,,,,,,,,,,,,,,,
,,Tgoln1,,,,,,,,,,,,,,,,,,,,,,,,
,,Tgs1,,,,,,,,,,,,,,,,,,,,,,,,
,,Th1l,,,,,,,,,,,,,,,,,,,,,,,,
,,Thap11,,,,,,,,,,,,,,,,,,,,,,,,
,,Thap2,,,,,,,,,,,,,,,,,,,,,,,,
,,Thap4,,,,,,,,,,,,,,,,,,,,,,,,
,,Thbd,,,,,,,,,,,,,,,,,,,,,,,,
,,Thumpd1,,,,,,,,,,,,,,,,,,,,,,,,
,,Ticam1,,,,,,,,,,,,,,,,,,,,,,,,
,,Tipin,,,,,,,,,,,,,,,,,,,,,,,,
,,Tiprl,,,,,,,,,,,,,,,,,,,,,,,,
,,Tjp2,,,,,,,,,,,,,,,,,,,,,,,,
,,Tle1,,,,,,,,,,,,,,,,,,,,,,,,
,,Tlk1,,,,,,,,,,,,,,,,,,,,,,,,
,,Tm2d1,,,,,,,,,,,,,,,,,,,,,,,,
,,Tm2d2,,,,,,,,,,,,,,,,,,,,,,,,
,,Tm2d3,,,,,,,,,,,,,,,,,,,,,,,,
,,Tm9sf2,,,,,,,,,,,,,,,,,,,,,,,,
,,Tm9sf3,,,,,,,,,,,,,,,,,,,,,,,,
,,Tmbim1,,,,,,,,,,,,,,,,,,,,,,,,
,,Tmc8,,,,,,,,,,,,,,,,,,,,,,,,
,,Tmcc1,,,,,,,,,,,,,,,,,,,,,,,,
,,Tmcc2,,,,,,,,,,,,,,,,,,,,,,,,
,,Tmed7,,,,,,,,,,,,,,,,,,,,,,,,
,,Tmed9,,,,,,,,,,,,,,,,,,,,,,,,
,,Tmem106b,,,,,,,,,,,,,,,,,,,,,,,,
,,Tmem11,,,,,,,,,,,,,,,,,,,,,,,,
,,Tmem110,,,,,,,,,,,,,,,,,,,,,,,,
,,Tmem115,,,,,,,,,,,,,,,,,,,,,,,,
,,Tmem126b,,,,,,,,,,,,,,,,,,,,,,,,
,,Tmem129,,,,,,,,,,,,,,,,,,,,,,,,
,,Tmem132e,,,,,,,,,,,,,,,,,,,,,,,,
,,Tmem161a,,,,,,,,,,,,,,,,,,,,,,,,
,,Tmem165,,,,,,,,,,,,,,,,,,,,,,,,
,,Tmem167b,,,,,,,,,,,,,,,,,,,,,,,,
,,Tmem170b,,,,,,,,,,,,,,,,,,,,,,,,
,,Tmem173,,,,,,,,,,,,,,,,,,,,,,,,
,,Tmem175,,,,,,,,,,,,,,,,,,,,,,,,
,,Tmem176a,,,,,,,,,,,,,,,,,,,,,,,,
,,Tmem184b,,,,,,,,,,,,,,,,,,,,,,,,
,,Tmem185b,,,,,,,,,,,,,,,,,,,,,,,,
,,Tmem199,,,,,,,,,,,,,,,,,,,,,,,,
,,Tmem203,,,,,,,,,,,,,,,,,,,,,,,,
,,Tmem214,,,,,,,,,,,,,,,,,,,,,,,,
,,Tmem222,,,,,,,,,,,,,,,,,,,,,,,,
,,Tmem39a,,,,,,,,,,,,,,,,,,,,,,,,
,,Tmem41a,,,,,,,,,,,,,,,,,,,,,,,,
,,Tmem47,,,,,,,,,,,,,,,,,,,,,,,,
,,Tmem5,,,,,,,,,,,,,,,,,,,,,,,,
,,Tmem50b,,,,,,,,,,,,,,,,,,,,,,,,
,,Tmem51,,,,,,,,,,,,,,,,,,,,,,,,
,,Tmem57,,,,,,,,,,,,,,,,,,,,,,,,
,,Tmem59,,,,,,,,,,,,,,,,,,,,,,,,
,,Tmem63a,,,,,,,,,,,,,,,,,,,,,,,,
,,Tmem66,,,,,,,,,,,,,,,,,,,,,,,,
,,Tmem80,,,,,,,,,,,,,,,,,,,,,,,,
,,Tmem9,,,,,,,,,,,,,,,,,,,,,,,,
,,Tmem98,,,,,,,,,,,,,,,,,,,,,,,,
,,Tmod3,,,,,,,,,,,,,,,,,,,,,,,,
,,Tmub2,,,,,,,,,,,,,,,,,,,,,,,,
,,Tmx2,,,,,,,,,,,,,,,,,,,,,,,,
,,Tnfsf12,,,,,,,,,,,,,,,,,,,,,,,,
,,Tnks2,,,,,,,,,,,,,,,,,,,,,,,,
,,Tnpo3,,,,,,,,,,,,,,,,,,,,,,,,
,,Tnrc18,,,,,,,,,,,,,,,,,,,,,,,,
,,Tom1,,,,,,,,,,,,,,,,,,,,,,,,
,,Tomm22,,,,,,,,,,,,,,,,,,,,,,,,
,,Top2b,,,,,,,,,,,,,,,,,,,,,,,,
,,Top3b,,,,,,,,,,,,,,,,,,,,,,,,
,,Tor1aip1,,,,,,,,,,,,,,,,,,,,,,,,
,,Tor1aip2,,,,,,,,,,,,,,,,,,,,,,,,
,,Tor1b,,,,,,,,,,,,,,,,,,,,,,,,
,,Tox4,,,,,,,,,,,,,,,,,,,,,,,,
,,Tpra1,,,,,,,,,,,,,,,,,,,,,,,,
,,Tra2a,,,,,,,,,,,,,,,,,,,,,,,,
,,Traf2,,,,,,,,,,,,,,,,,,,,,,,,
,,Trafd1,,,,,,,,,,,,,,,,,,,,,,,,
,,Trak1,,,,,,,,,,,,,,,,,,,,,,,,
,,Trappc2,,,,,,,,,,,,,,,,,,,,,,,,
,,Trappc2l,,,,,,,,,,,,,,,,,,,,,,,,
,,Trappc4,,,,,,,,,,,,,,,,,,,,,,,,
,,Trappc8,,,,,,,,,,,,,,,,,,,,,,,,
,,Trim11,,,,,,,,,,,,,,,,,,,,,,,,
,,Trim2,,,,,,,,,,,,,,,,,,,,,,,,
,,Trim24,,,,,,,,,,,,,,,,,,,,,,,,
,,Trim25,,,,,,,,,,,,,,,,,,,,,,,,
,,Trim26,,,,,,,,,,,,,,,,,,,,,,,,
,,Trim3,,,,,,,,,,,,,,,,,,,,,,,,
,,Trim33,,,,,,,,,,,,,,,,,,,,,,,,
,,Trim35,,,,,,,,,,,,,,,,,,,,,,,,
,,Trim41,,,,,,,,,,,,,,,,,,,,,,,,
,,Trim44,,,,,,,,,,,,,,,,,,,,,,,,
,,Trim47,,,,,,,,,,,,,,,,,,,,,,,,
,,Trio,,,,,,,,,,,,,,,,,,,,,,,,
,,Trip12,,,,,,,,,,,,,,,,,,,,,,,,
,,Trmt1,,,,,,,,,,,,,,,,,,,,,,,,
,,Trmt11,,,,,,,,,,,,,,,,,,,,,,,,
,,Trmt2b,,,,,,,,,,,,,,,,,,,,,,,,
,,Trmt6,,,,,,,,,,,,,,,,,,,,,,,,
,,Trnau1ap,,,,,,,,,,,,,,,,,,,,,,,,
,,Trp53bp1,,,,,,,,,,,,,,,,,,,,,,,,
,,Trp53i11,,,,,,,,,,,,,,,,,,,,,,,,
,,Trp53inp1,,,,,,,,,,,,,,,,,,,,,,,,
,,Trpc4ap,,,,,,,,,,,,,,,,,,,,,,,,
,,Trub1,,,,,,,,,,,,,,,,,,,,,,,,
,,Tsc1,,,,,,,,,,,,,,,,,,,,,,,,
,,Tsc2,,,,,,,,,,,,,,,,,,,,,,,,
,,Tsc22d4,,,,,,,,,,,,,,,,,,,,,,,,
,,Tsen15,,,,,,,,,,,,,,,,,,,,,,,,
,,Tsfm,,,,,,,,,,,,,,,,,,,,,,,,
,,Tshz2,,,,,,,,,,,,,,,,,,,,,,,,
,,Tsnax,,,,,,,,,,,,,,,,,,,,,,,,
,,Tspan2,,,,,,,,,,,,,,,,,,,,,,,,
,,Tspan9,,,,,,,,,,,,,,,,,,,,,,,,
,,Tsr2,,,,,,,,,,,,,,,,,,,,,,,,
,,Ttc15,,,,,,,,,,,,,,,,,,,,,,,,
,,Ttc17,,,,,,,,,,,,,,,,,,,,,,,,
,,Ttc28,,,,,,,,,,,,,,,,,,,,,,,,
,,Ttc3,,,,,,,,,,,,,,,,,,,,,,,,
,,Ttc33,,,,,,,,,,,,,,,,,,,,,,,,
,,Ttc39b,,,,,,,,,,,,,,,,,,,,,,,,
,,Ttc5,,,,,,,,,,,,,,,,,,,,,,,,
,,Ttc7b,,,,,,,,,,,,,,,,,,,,,,,,
,,Ttll7,,,,,,,,,,,,,,,,,,,,,,,,
,,Ttyh3,,,,,,,,,,,,,,,,,,,,,,,,
,,Tubb6,,,,,,,,,,,,,,,,,,,,,,,,
,,Twistnb,,,,,,,,,,,,,,,,,,,,,,,,
,,Txndc11,,,,,,,,,,,,,,,,,,,,,,,,
,,Txndc12,,,,,,,,,,,,,,,,,,,,,,,,
,,U2af1l4,,,,,,,,,,,,,,,,,,,,,,,,
,,U2af2,,,,,,,,,,,,,,,,,,,,,,,,
,,Uap1l1,,,,,,,,,,,,,,,,,,,,,,,,
,,Uba3,,,,,,,,,,,,,,,,,,,,,,,,
,,Uba5,,,,,,,,,,,,,,,,,,,,,,,,
,,Ubac1,,,,,,,,,,,,,,,,,,,,,,,,
,,Ubap2,,,,,,,,,,,,,,,,,,,,,,,,
,,Ube2a,,,,,,,,,,,,,,,,,,,,,,,,
,,Ube2e2,,,,,,,,,,,,,,,,,,,,,,,,
,,Ube2h,,,,,,,,,,,,,,,,,,,,,,,,
,,Ube2k,,,,,,,,,,,,,,,,,,,,,,,,
,,Ube2q1,,,,,,,,,,,,,,,,,,,,,,,,
,,Ube2r2,,,,,,,,,,,,,,,,,,,,,,,,
,,Ube2v2,,,,,,,,,,,,,,,,,,,,,,,,
,,Ube3b,,,,,,,,,,,,,,,,,,,,,,,,
,,Ube3c,,,,,,,,,,,,,,,,,,,,,,,,
,,Ube4a,,,,,,,,,,,,,,,,,,,,,,,,
,,Ubn2,,,,,,,,,,,,,,,,,,,,,,,,
,,Ubqln4,,,,,,,,,,,,,,,,,,,,,,,,
,,Ubr7,,,,,,,,,,,,,,,,,,,,,,,,
,,Ubxn7,,,,,,,,,,,,,,,,,,,,,,,,
,,Ubxn8,,,,,,,,,,,,,,,,,,,,,,,,
,,Ufd1l,,,,,,,,,,,,,,,,,,,,,,,,
,,Ulk1,,,,,,,,,,,,,,,,,,,,,,,,
,,Upp1,,,,,,,,,,,,,,,,,,,,,,,,
,,Usf1,,,,,,,,,,,,,,,,,,,,,,,,
,,Uso1,,,,,,,,,,,,,,,,,,,,,,,,
,,Usp1,,,,,,,,,,,,,,,,,,,,,,,,
,,Usp15,,,,,,,,,,,,,,,,,,,,,,,,
,,Usp18,,,,,,,,,,,,,,,,,,,,,,,,
,,Usp19,,,,,,,,,,,,,,,,,,,,,,,,
,,Usp37,,,,,,,,,,,,,,,,,,,,,,,,
,,Usp4,,,,,,,,,,,,,,,,,,,,,,,,
,,Usp46,,,,,,,,,,,,,,,,,,,,,,,,
,,Usp48,,,,,,,,,,,,,,,,,,,,,,,,
,,Usp5,,,,,,,,,,,,,,,,,,,,,,,,
,,Usp6nl,,,,,,,,,,,,,,,,,,,,,,,,
,,Usp7,,,,,,,,,,,,,,,,,,,,,,,,
,,Utrn,,,,,,,,,,,,,,,,,,,,,,,,
,,Vac14,,,,,,,,,,,,,,,,,,,,,,,,
,,Vamp3,,,,,,,,,,,,,,,,,,,,,,,,
,,Vamp4,,,,,,,,,,,,,,,,,,,,,,,,
,,Vat1,,,,,,,,,,,,,,,,,,,,,,,,
,,Vcam1,,,,,,,,,,,,,,,,,,,,,,,,
,,Vcl,,,,,,,,,,,,,,,,,,,,,,,,
,,Vegfb,,,,,,,,,,,,,,,,,,,,,,,,
,,Vezf1,,,,,,,,,,,,,,,,,,,,,,,,
,,Vhl,,,,,,,,,,,,,,,,,,,,,,,,
,,Vma21,,,,,,,,,,,,,,,,,,,,,,,,
,,Vmac,,,,,,,,,,,,,,,,,,,,,,,,
,,Vprbp,,,,,,,,,,,,,,,,,,,,,,,,
,,Vps11,,,,,,,,,,,,,,,,,,,,,,,,
,,Vps13a,,,,,,,,,,,,,,,,,,,,,,,,
,,Vps13b,,,,,,,,,,,,,,,,,,,,,,,,
,,Vps13c,,,,,,,,,,,,,,,,,,,,,,,,
,,Vps13d,,,,,,,,,,,,,,,,,,,,,,,,
,,Vps25,,,,,,,,,,,,,,,,,,,,,,,,
,,Vps26b,,,,,,,,,,,,,,,,,,,,,,,,
,,Vps28,,,,,,,,,,,,,,,,,,,,,,,,
,,Vps29,,,,,,,,,,,,,,,,,,,,,,,,
,,Vps33a,,,,,,,,,,,,,,,,,,,,,,,,
,,Vps36,,,,,,,,,,,,,,,,,,,,,,,,
,,Vps37c,,,,,,,,,,,,,,,,,,,,,,,,
,,Vps53,,,,,,,,,,,,,,,,,,,,,,,,
,,Vta1,,,,,,,,,,,,,,,,,,,,,,,,
,,Vti1a,,,,,,,,,,,,,,,,,,,,,,,,
,,Wbscr22,,,,,,,,,,,,,,,,,,,,,,,,
,,Wbscr27,,,,,,,,,,,,,,,,,,,,,,,,
,,Wdr36,,,,,,,,,,,,,,,,,,,,,,,,
,,Wdr45l,,,,,,,,,,,,,,,,,,,,,,,,
,,Wdr48,,,,,,,,,,,,,,,,,,,,,,,,
,,Wdr5,,,,,,,,,,,,,,,,,,,,,,,,
,,Wdr59,,,,,,,,,,,,,,,,,,,,,,,,
,,Wdr6,,,,,,,,,,,,,,,,,,,,,,,,
,,Wdr7,,,,,,,,,,,,,,,,,,,,,,,,
,,Wdr70,,,,,,,,,,,,,,,,,,,,,,,,
,,Wdr73,,,,,,,,,,,,,,,,,,,,,,,,
,,Wdr8,,,,,,,,,,,,,,,,,,,,,,,,
,,Wdr81,,,,,,,,,,,,,,,,,,,,,,,,
,,Wdr82,,,,,,,,,,,,,,,,,,,,,,,,
,,Wdr83,,,,,,,,,,,,,,,,,,,,,,,,
,,Wdyhv1,,,,,,,,,,,,,,,,,,,,,,,,
,,Whamm,,,,,,,,,,,,,,,,,,,,,,,,
,,Whsc2,,,,,,,,,,,,,,,,,,,,,,,,
,,Wls,,,,,,,,,,,,,,,,,,,,,,,,
,,Wsb2,,,,,,,,,,,,,,,,,,,,,,,,
,,Wwc2,,,,,,,,,,,,,,,,,,,,,,,,
,,Wwp1,,,,,,,,,,,,,,,,,,,,,,,,
,,Wwtr1,,,,,,,,,,,,,,,,,,,,,,,,
,,Xpa,,,,,,,,,,,,,,,,,,,,,,,,
,,Xpc,,,,,,,,,,,,,,,,,,,,,,,,
,,Xpnpep1,,,,,,,,,,,,,,,,,,,,,,,,
,,Xpo1,,,,,,,,,,,,,,,,,,,,,,,,
,,Xpo6,,,,,,,,,,,,,,,,,,,,,,,,
,,Xpot,,,,,,,,,,,,,,,,,,,,,,,,
,,Xpr1,,,,,,,,,,,,,,,,,,,,,,,,
,,Xrcc6bp1,,,,,,,,,,,,,,,,,,,,,,,,
,,Yap1,,,,,,,,,,,,,,,,,,,,,,,,
,,Yars2,,,,,,,,,,,,,,,,,,,,,,,,
,,Ybx1,,,,,,,,,,,,,,,,,,,,,,,,
,,Yeats4,,,,,,,,,,,,,,,,,,,,,,,,
,,Yes1,,,,,,,,,,,,,,,,,,,,,,,,
,,Yif1b,,,,,,,,,,,,,,,,,,,,,,,,
,,Yipf1,,,,,,,,,,,,,,,,,,,,,,,,
,,Yipf2,,,,,,,,,,,,,,,,,,,,,,,,
,,Yipf4,,,,,,,,,,,,,,,,,,,,,,,,
,,Yme1l1,,,,,,,,,,,,,,,,,,,,,,,,
,,Ypel5,,,,,,,,,,,,,,,,,,,,,,,,
,,Yrdc,,,,,,,,,,,,,,,,,,,,,,,,
,,Ythdf1,,,,,,,,,,,,,,,,,,,,,,,,
,,Ythdf2,,,,,,,,,,,,,,,,,,,,,,,,
,,Ywhag,,,,,,,,,,,,,,,,,,,,,,,,
,,Ywhaz,,,,,,,,,,,,,,,,,,,,,,,,
,,Zadh2,,,,,,,,,,,,,,,,,,,,,,,,
,,Zbtb20,,,,,,,,,,,,,,,,,,,,,,,,
,,Zbtb39,,,,,,,,,,,,,,,,,,,,,,,,
,,Zbtb4,,,,,,,,,,,,,,,,,,,,,,,,
,,Zbtb41,,,,,,,,,,,,,,,,,,,,,,,,
,,Zbtb5,,,,,,,,,,,,,,,,,,,,,,,,
,,Zbtb7b,,,,,,,,,,,,,,,,,,,,,,,,
,,Zc3h18,,,,,,,,,,,,,,,,,,,,,,,,
,,Zc3hav1,,,,,,,,,,,,,,,,,,,,,,,,
,,Zcchc14,,,,,,,,,,,,,,,,,,,,,,,,
,,Zcchc17,,,,,,,,,,,,,,,,,,,,,,,,
,,Zcchc2,,,,,,,,,,,,,,,,,,,,,,,,
,,Zcchc6,,,,,,,,,,,,,,,,,,,,,,,,
,,Zdhhc17,,,,,,,,,,,,,,,,,,,,,,,,
,,Zdhhc20,,,,,,,,,,,,,,,,,,,,,,,,
,,Zdhhc3,,,,,,,,,,,,,,,,,,,,,,,,
,,Zdhhc7,,,,,,,,,,,,,,,,,,,,,,,,
,,Zeb1,,,,,,,,,,,,,,,,,,,,,,,,
,,Zeb2,,,,,,,,,,,,,,,,,,,,,,,,
,,Zfhx3,,,,,,,,,,,,,,,,,,,,,,,,
,,Zfp110,,,,,,,,,,,,,,,,,,,,,,,,
,,Zfp120,,,,,,,,,,,,,,,,,,,,,,,,
,,Zfp131,,,,,,,,,,,,,,,,,,,,,,,,
,,Zfp187,,,,,,,,,,,,,,,,,,,,,,,,
,,Zfp191,,,,,,,,,,,,,,,,,,,,,,,,
,,Zfp259,,,,,,,,,,,,,,,,,,,,,,,,
,,Zfp277,,,,,,,,,,,,,,,,,,,,,,,,
,,Zfp281,,,,,,,,,,,,,,,,,,,,,,,,
,,Zfp295,,,,,,,,,,,,,,,,,,,,,,,,
,,Zfp317,,,,,,,,,,,,,,,,,,,,,,,,
,,Zfp322a,,,,,,,,,,,,,,,,,,,,,,,,
,,Zfp326,,,,,,,,,,,,,,,,,,,,,,,,
,,Zfp367,,,,,,,,,,,,,,,,,,,,,,,,
,,Zfp386,,,,,,,,,,,,,,,,,,,,,,,,
,,Zfp414,,,,,,,,,,,,,,,,,,,,,,,,
,,Zfp503,,,,,,,,,,,,,,,,,,,,,,,,
,,Zfp511,,,,,,,,,,,,,,,,,,,,,,,,
,,Zfp560,,,,,,,,,,,,,,,,,,,,,,,,
,,Zfp574,,,,,,,,,,,,,,,,,,,,,,,,
,,Zfp592,,,,,,,,,,,,,,,,,,,,,,,,
,,Zfp593,,,,,,,,,,,,,,,,,,,,,,,,
,,Zfp608,,,,,,,,,,,,,,,,,,,,,,,,
,,Zfp617,,,,,,,,,,,,,,,,,,,,,,,,
,,Zfp622,,,,,,,,,,,,,,,,,,,,,,,,
,,Zfp637,,,,,,,,,,,,,,,,,,,,,,,,
,,Zfp64,,,,,,,,,,,,,,,,,,,,,,,,
,,Zfp655,,,,,,,,,,,,,,,,,,,,,,,,
,,Zfp664,,,,,,,,,,,,,,,,,,,,,,,,
,,Zfp68,,,,,,,,,,,,,,,,,,,,,,,,
,,Zfp69,,,,,,,,,,,,,,,,,,,,,,,,
,,Zfp710,,,,,,,,,,,,,,,,,,,,,,,,
,,Zfp715,,,,,,,,,,,,,,,,,,,,,,,,
,,Zfp780b,,,,,,,,,,,,,,,,,,,,,,,,
,,Zfp787,,,,,,,,,,,,,,,,,,,,,,,,
,,Zfp809,,,,,,,,,,,,,,,,,,,,,,,,
,,Zfp869,,,,,,,,,,,,,,,,,,,,,,,,
,,Zfp87,,,,,,,,,,,,,,,,,,,,,,,,
,,Zfp91,,,,,,,,,,,,,,,,,,,,,,,,
,,Zfp931,,,,,,,,,,,,,,,,,,,,,,,,
,,Zfp932,,,,,,,,,,,,,,,,,,,,,,,,
,,Zfp938,,,,,,,,,,,,,,,,,,,,,,,,
,,Zfp942,,,,,,,,,,,,,,,,,,,,,,,,
,,Zfp944,,,,,,,,,,,,,,,,,,,,,,,,
,,Zfp945,,,,,,,,,,,,,,,,,,,,,,,,
,,Zfp946,,,,,,,,,,,,,,,,,,,,,,,,
,,Zfpl1,,,,,,,,,,,,,,,,,,,,,,,,
,,Zfyve19,,,,,,,,,,,,,,,,,,,,,,,,
,,Zfyve21,,,,,,,,,,,,,,,,,,,,,,,,
,,Zfyve26,,,,,,,,,,,,,,,,,,,,,,,,
,,Zhx1,,,,,,,,,,,,,,,,,,,,,,,,
,,Zhx2,,,,,,,,,,,,,,,,,,,,,,,,
,,Zkscan1,,,,,,,,,,,,,,,,,,,,,,,,
,,Zkscan3,,,,,,,,,,,,,,,,,,,,,,,,
,,Zmat5,,,,,,,,,,,,,,,,,,,,,,,,
,,Zmiz2,,,,,,,,,,,,,,,,,,,,,,,,
,,Zmynd15,,,,,,,,,,,,,,,,,,,,,,,,
,,Zmynd8,,,,,,,,,,,,,,,,,,,,,,,,
,,Znf512b,,,,,,,,,,,,,,,,,,,,,,,,
,,Znhit3,,,,,,,,,,,,,,,,,,,,,,,,
,,Znhit6,,,,,,,,,,,,,,,,,,,,,,,,
,,Znrd1,,,,,,,,,,,,,,,,,,,,,,,,
,,Zranb1,,,,,,,,,,,,,,,,,,,,,,,,
,,Zscan29,,,,,,,,,,,,,,,,,,,,,,,,
,,Zswim6,,,,,,,,,,,,,,,,,,,,,,,,
,,Zwint,,,,,,,,,,,,,,,,,,,,,,,,
,,Zyg11b,,,,,,,,,,,,,,,,,,,,,,,,
,,l7Rn6,,,,,,,,,,,,,,,,,,,,,,,,
