overlapGenesTissue1,overlapGenesTissue2,overlapGenesTissue3,overlapGenesTissue4,overlapGenesTissue5,overlapGenesTissue6,overlapGenesTissue7,overlapGenesTissue8,overlapGenesTissue9,overlapGenesTissue10,overlapGenesTissue11,overlapGenesTissue12,overlapGenesTissue13,overlapGenesTissue14,overlapGenesTissue15,overlapGenesTissue16,overlapGenesTissue17,overlapGenesTissue18,overlapGenesTissue19,overlapGenesTissue20,overlapGenesTissue21,overlapGenesTissue22,overlapGenesTissue23,overlapGenesTissue24,overlapGenesTissue25,overlapGenesTissue26,overlapGenesTissue27,overlapGenesTissue28,overlapGenesTissue29,overlapGenesTissue30,overlapGenesTissue31,overlapGenesTissue32,overlapGenesTissue33,overlapGenesTissue34,overlapGenesTissue35,overlapGenesTissue36,overlapGenesTissue37,overlapGenesTissue38,overlapGenesTissue39,overlapGenesTissue40,overlapGenesTissue41,overlapGenesTissue42,overlapGenesTissue43,overlapGenesTissue44,overlapGenesTissue45,overlapGenesTissue46,overlapGenesTissue47,overlapGenesTissue48,overlapGenesTissue49,overlapGenesTissue50,overlapGenesTissue51,overlapGenesTissue52,overlapGenesTissue53,overlapGenesTissue54
,Cell Ontology,FACS,Droplet10x,microwellSeq,FACS_10x,FACS_microwellSeq,microwellSeq_10x,FACS_10x_microwellSeq,,Cell Ontology,FACS,Droplet10x,microwellSeq,FACS_10x,FACS_microwellSeq,microwellSeq_10x,FACS_10x_microwellSeq,,Cell Ontology,FACS,Droplet10x,microwellSeq,FACS_10x,FACS_microwellSeq,microwellSeq_10x,FACS_10x_microwellSeq,,Cell Ontology,FACS,Droplet10x,microwellSeq,FACS_10x,FACS_microwellSeq,microwellSeq_10x,FACS_10x_microwellSeq,,Cell Ontology,FACS,Droplet10x,microwellSeq,FACS_10x,FACS_microwellSeq,microwellSeq_10x,FACS_10x_microwellSeq,,Cell Ontology,FACS,Droplet10x,microwellSeq,FACS_10x,FACS_microwellSeq,microwellSeq_10x,FACS_10x_microwellSeq
,B cell,0610030E20Rik,1110005A03Rik,2010107E04Rik,0610009D07Rik,Ap2s1,2410006H16Rik,4930523C07Rik,,T cell,1500002O20Rik,1110005A03Rik,4930481A15Rik,1810026B05Rik,4930523C07Rik,Psmb1,AW112010,,endothelial cell,0610037L13Rik,1300014I06Rik,1700020I14Rik,1190002H23Rik,Adh1,Arf1,AW112010,,macrophage,0610012G03Rik,2400003C14Rik,1110008F13Rik,0910001L09Rik,Anxa2,Anapc13,Abhd12,,mesenchymal stem cell,0610007C21Rik,Ap3s1,Arf4,0610007N19Rik,Abhd14a,Ahnak,9530068E07Rik,,skeletal muscle satellite cell,0610007L01Rik,2310015B20Rik,0610009L18Rik,1300014I06Rik,2010111I01Rik,Rps24,1110038B12Rik
,,1110008P14Rik,Anp32b,2310009A05Rik,1110003E01Rik,Arhgdia,2410015M20Rik,Apobec3,,,1810031K17Rik,2010107E04Rik,4930522L14Rik,3110003A17Rik,Acap1,Rhoh,Anp32a,,,1110038B12Rik,1810037I17Rik,Adgrf5,1810011O10Rik,Cdc42ep1,Arl6ip5,Abcg2,,,0610031J06Rik,3110001D03Rik,2410006H16Rik,1110007C09Rik,Anxa5,Apoe,Actb,,,0610031J06Rik,Bag3,Atraid,1110003E01Rik,Acaa2,Dynlrb1,Abca8a,,,1500032L24Rik,2410004N09Rik,0610012G03Rik,1500003O03Rik,Acta2,,2410006H16Rik
,,1110049F12Rik,Arid4b,Abi1,2010001M09Rik,Arl5c,Bin1,Arf6,,,2010016I18Rik,2410015M20Rik,Aamp,4632428N05Rik,B2m,Rpl34,Bcl2,,,2610001J05Rik,2810025M15Rik,Adgrl4,4930523C07Rik,Cst3,Atp1b3,Actn4,,,1810006K21Rik,Abi1,2610001J05Rik,1500032L24Rik,Apbb1ip,Asah1,Actr3,,,0910001L09Rik,Bcl7c,Bfar,2900010M23Rik,Add3,Gpx3,Abi3bp,,,1810011O10Rik,2700038G22Rik,1500011K16Rik,1500012F01Rik,Actn3,,Ank1
,,1700081L11Rik,Atp5g2,Acin1,3110003A17Rik,Arpc4,Eef1a1,Arl6ip1,,,2310003C23Rik,AB124611,Acot7,A130040M12Rik,Cst7,,Ccnd2,,,2610305D13Rik,Acot9,Afdn,4931406P16Rik,Hdac7,Bnip3l,Adam15,,,1810027O10Rik,Ahnak,Abracl,2900053A13Rik,Aprt,Cfh,Aif1,,,1110002B05Rik,Carhsp1,Borcs7,5031426D15Rik,Agtr1a,Meg3,Ace,,,1810022K09Rik,Ahr,1700021F05Rik,2210403K04Rik,Aldoa,,Anxa6
,,1810009A15Rik,Bcas2,Actl6a,4930420K17Rik,Atp5d,Eef1b2,Arpc5l,,,2310035C23Rik,Anp32b,Adprh,A930005H10Rik,Ctsw,,Cd3d,,,2900026A02Rik,Actb,Ak6,4933407C03Rik,Hspg2,Capn2,Adcy4,,,1810031K17Rik,Ahr,Acot9,3110003A17Rik,Arhgdia,Dleu2,Akr1a1,,,1190007F08Rik,Cd164,C1s1,6330406I15Rik,Anxa7,Morf4l2,Adamts2,,,1810035L17Rik,Camk2n1,1700025G04Rik,6330406I15Rik,Apoe,,Bmp4
,,1810026B05Rik,Bola2,Akr1b10,6720456B07Rik,B2m,Erh,Blnk,,,2310044G17Rik,Btf3,Aimp1,AI462493,Def6,,Cd3g,,,5730508B09Rik,Actg1,Akr1a1,6430527G18Rik,Mxd4,Capza2,Afap1l1,,,1810046J19Rik,Arl8b,Acp2,4632428N05Rik,Arpc3,Fcgrt,Alox5ap,,,1700019D03Rik,Cd63,Canx,9030425E11Rik,Arl1,Nedd4,Adamts5,,,1810055G02Rik,Ccl19,2010107E04Rik,A130040M12Rik,Atp1a2,,Btg1
,,2310033P09Rik,Brp44l,Akr1b3,AB124611,Calm1,Hnrnpk,Ccr7,,,2410016O06Rik,Cacybp,Arid5a,AI662270,Dguok,,Chd3,,,9430020K01Rik,Akap2,Anapc11,8430408G22Rik,Papss2,Ccdc85b,Anxa3,,,1810058I24Rik,Batf3,Actg1,5430435G22Rik,Atp6ap1,Gdi2,Arpc1b,,,1700025G04Rik,Cebpb,Clmp,A430110N23Rik,Asah1,Nfia,Adh1,,,2010002N04Rik,Defb25,2310002L09Rik,Aamp,Atp5b,,Cd200
,,2400001E08Rik,C1qbp,Anapc5,Actr3,Cenpa,Imp3,Cd19,,,2610019F03Rik,Cd82,Arpp19,Ablim1,Elovl5,,Cirbp,,,Abcc4,Aldh2,Anxa5,Abcb1a,Plod1,Cltb,Aplp2,,,2010107E04Rik,Canx,Adgre1,6720456B07Rik,B2m,H2afy,Arpc2,,,1810030O07Rik,Celf2,Cltb,AI607873,Cald1,Nfib,Aebp1,,,2310008H04Rik,F630111L10Rik,2310015A10Rik,Actg1,Atp5d,,Cd63
,,2410001C21Rik,Capza1,Anp32e,Arhgap15,Cfl1,Mif,Cd2,,,2610027L16Rik,Celf2,Atraid,Acp5,Gpr65,,Cox7a2l,,,Abcg1,Anp32a,Apoa1bp,Ablim1,Sh2d3c,Cxx1b,App,,,2210016F16Rik,Capza1,Adss,AB124611,BC028528,Hexb,Arpc5,,,1810074P20Rik,Cfh,Cops2,Adam9,Cant1,Pdpn,Angptl1,,,2400003C14Rik,Fdps,2310039H08Rik,Agpat5,Atp5f1,,Cd82
,,2610027L16Rik,Cnot6l,Apobec1,Arhgap30,Cks2,Naca,Cd24a,,,2810013P06Rik,Churc1,Bid,Actr3,H2-D1,,Dusp2,,,Abi3,Anxa11,Arap3,Ablim3,Thrsp,Dnaja1,Aqp1,,,2310004N24Rik,Cd209a,Ang,AF251705,Blvra,Hspa1b,Atox1,,,2210013O21Rik,Chic2,Cpq,Adamtsl1,Capg,S100a16,Angptl2,,,2500003M10Rik,Gar1,2310040G24Rik,Akap2,Atp5g2,,Cdh15
,,4921513D23Rik,Ddx18,Asf1b,Arhgdib,Clic1,Nap1l1,Cd37,,,2810407C02Rik,D4Wsu53e,Bin3,Ankrd11,Ly6e,,Evl,,,Acox1,Anxa7,Arpc1a,Actn1,Tmem204,Ets2,Atox1,,,2310022A10Rik,Cebpb,Ap1s2,AI607873,Bscl2,Pabpc1,Atp2b1,,,2310044H10Rik,Cmklr1,Crip1,Adm,Cd81,Sulf1,Anxa2,,,2610005L07Rik,Hk2,2310061I04Rik,Akt2,Atp5g3,,Cebpd
,,5031425E22Rik,Ddx21,Atp1b1,Arhgef1,Clns1a,Nhp2,Cd72,,,2810474O19Rik,Eef1d,Bre,Arhgap15,Prkcq,,Fam189b,,,Adam10,Arhgdia,Cald1,Acvrl1,Trp53i11,Kif5b,Atp5j,,,2400001E08Rik,Chmp4b,Arf4,AI662270,Calm1,Pim1,Atp6v0b,,,2510003E04Rik,Cryab,Crip2,Adprh,Cd9,Tubb6,Anxa3,,,2610101N10Rik,Mir703,2310065F04Rik,Aprt,Camta1,,Cfl2
,,5033414D02Rik,Dnajc8,Atp1b3,Arpc3,Dck,Nudt21,Cd74,,,4833420G17Rik,Eef2,Casp2,Arhgap30,S1pr4,,Fyb,,,Adamts4,Arid5b,Ccdc28b,Adamts1,,Mbnl2,B2m,,,2700078E11Rik,Cxcr4,Arhgap17,Abca1,Ccdc115,Pmp22,Atp6v1a,,,2510009E07Rik,Csda,Crtc3,Aes,Cilp,,Anxa5,,,2810403A07Rik,Mpst,Abra,Arf4,Ccnl1,,Chodl
,,5133401N09Rik,Eif3i,Atp5a1,Arpc5,Dok3,Pgls,Cd79a,,,4930414L22Rik,Eif3i,Ccdc25,Arhgap9,Serpinb6b,,Gimap1,,,Adamts9,Arl2bp,Cd34,Adipor1,,Myl12a,Bcam,,,2810428I15Rik,Dennd4a,Arhgap45,Actr2,Chmp2a,Ramp1,Atp6v1b2,,,2610034B18Rik,Cstb,Ctnnb1,Agap1,Cxcl12,,Apod,,,2900097C17Rik,Neat1,Acadm,Arhgap24,Chchd2,,Chrnb1
,,5930416I19Rik,Eif3m,Atp5b,Atp5e,Ebf1,Polr2j,Cd79b,,,4930420K17Rik,Eif3m,Ccl3,Arhgdib,Sh2d2a,,Gimap3,,,Aida,Arpc2,Cfap20,Adrb2,,Ndufa8,Bst2,,,2810474O19Rik,Fam46a,Arl6ip5,Adam8,Cib1,Rap1b,Atp6v1f,,,2810002N01Rik,Ctdsp2,Cyb5a,Aldh1a1,Cxxc5,,Aspn,,,3110021N24Rik,P2ry14,Aco2,Arid5b,Chpt1,,Cnn3
,,6330407A03Rik,Eif4a3,Atp5g3,Atp6v0d1,Gga2,Rbmxl1,Cd83,,,4932438A13Rik,Frat2,Ccl4,Arhgef1,Spn,,Gimap4,,,Ano6,Arpc3,Cript,Akap12,,Pgrmc1,C1qtnf9,,,4930420K17Rik,Fnip1,Ass1,Adrbk1,Clic1,Rpl36al,Bri3,,,2810428I15Rik,D14Ertd449e,Cyb5r3,Amotl1,Dctn6,,Atf5,,,3230401D17Rik,Rpl31-ps12,Acot13,Arl13b,Cox5b,,Cox7a2l
,,9430038I01Rik,Eif5b,Atp5h,Atp6v0e,Gngt2,Rbx1,Chchd10,,,5133401N09Rik,Gltp,Ccl5,Arid4a,Tnfaip8l2,,Gimap6,,,Ap2b1,Arpc4,Csnk2b,Amotl2,,Pnkd,Calm1,,,4930471M23Rik,Gpcpd1,Atf3,Akap13,Cnih4,Rps11,C1qa,,,2810453I06Rik,D630033O11Rik,Dad1,Ang,Dnpep,,Axl,,,5730403B10Rik,Rps15a-ps4,Acta1,Arl4d,Cox7c,,Crip2
,,A530032D15Rik,Emd,BC035044,B4galnt1,H2-K1,Rpl22l1,Cmtm7,,,5730508B09Rik,Gm6251,Cct5,Arl4c,Traf3ip3,,Gimap9,,,Apbb2,Atf4,Ctsl,Apold1,,Psmb10,Capns1,,,5031439G07Rik,Irf2bp2,Atp5a1,Alcam,Commd4,Rps27l,C1qb,,,3632451O06Rik,Dnajb1,Dkk2,Anpep,Dpysl3,,Bgn,,,6820431F20Rik,Snhg8,Actc1,Asb5,Cycs,,Crlf1
,,A630001G21Rik,Exosc6,Banf1,Bank1,H2afy,Rpl34,Cnbp,,,6330578E17Rik,Gm6402,Cd164,Arpc2,Uchl5,,Gmfg,,,Apobec3,Atp1a1,Cwc15,Aqp7,,Psme1,Car4,,,6330409N04Rik,Map2k3,Axl,Ap1b1,Coro1b,Rps9,C1qc,,,4833403I15Rik,Dnajb4,Dnajb9,Antxr1,Ehd2,,Bmp1,,,9130011J15Rik,Tshz1,Actn2,BC005561,Ddx5,,Cryab
,,AI413582,G3bp2,Birc5,Blk,H3f3b,Rpl4,Cnp,,,9330175E14Rik,Gm6654,Cd7,Atp5e,,,H2-K1,,,Arhgap26,Atp6v1e1,Ddah2,Arhgap31,,Psme2,Car8,,,8430410A17Rik,Marcks,BC035044,Ap2a2,Ctsd,,C3ar1,,,5430435G22Rik,Drap1,Dnajc4,Antxr2,Ergic1,,C1ra,,,9530091C08Rik,Tubb2b,Acyp2,Bag3,Egr1,,Dag1
,,AI467606,Ghitm,Brix1,Btf3,Hdac1,Rplp0,Dnajc9,,,9430023L20Rik,Gpi1,Cdyl2,Atp5g2,,,Hcls1,,,Arhgap29,Azin1,Dgka,Arhgef15,,S100a16,Cav1,,,AA960436,Mdm2,Bid,Arap1,Dbi,,Capg,,,6330409N04Rik,Egr1,Dpm3,Anxa1,Fkbp11,,Calu,,,AI506816,,Adamts1,Bcl7c,Eif1,,Des
,,AI662270,Gltscr2,Bub3,Btg1,Hmgb1,Rps15a-ps6,Dusp2,,,A630072M18Rik,Khdrbs1,Cir1,Atp5h,,,Hcst,,,Arhgef3,B3gnt2,Dync1i2,Arid5a,,Snx3,Cav2,,,AI413582,Nfkbie,Bin2,Arf2,Dhrs1,,Capza2,,,A430107O13Rik,Eif4g3,Elovl5,Arl4a,Gns,,Ccl11,,,AI837181,,Adprhl1,Bdkrb1,Fxr1,,Dnajb4
,,Abca1,Gm15421,Bzw1,Ccdc72,Hsp90aa1,Serbp1,Fam107b,,,AI467606,Llph,Cisd1,B4galnt1,,,Id2,,,Arl5b,Bnip2,Edf1,Arl6ip1,,Tmem109,Cd151,,,AI467606,Peli1,Brcc3,Arhgap30,Dnajc19,,Capzb,,,A4galt,Errfi1,Emp1,Asap3,Grn,,Cd248,,,Aars,,Adsl,Bok,Gapdh,,Dph3
,,Abcg1,Gm6251,Cacybp,Ccm2,Ifi27l2a,Snrpd2,Fcrla,,,Abcb9,Lsm4,Cops5,Batf,,,Il2rb,,,Arsa,Brd2,Eif3g,Atf3,,Tpm4,Cd200,,,Abca9,Pmaip1,Bri3bp,Arhgdib,Emb,,Cbr2,,,AI597468,Etfa,Fnta,Basp1,Heg1,,Cd302,,,Abca5,,Adssl1,Brix1,Gng5,,Eef1a1
,,Abi3,Gm6402,Calm2,Cd22,Klhl6,Snrpd3,Foxp1,,,Abcg1,Mrpl18,Ctla2b,Bcl11b,,,Il2rg,,,Asap2,Bsg,Gltscr2,B4galt4,,Tubb2a,Cd300lg,,,Abcc1,Ppp2ca,Brk1,Arhgef6,Eno1,,Ccdc12,,,AW112010,Fgfr1,Gemin7,Bdh2,Htra2,,Cd34,,,Abca8b,,Aes,Btf3,Hsp90ab1,,Eef1b2
,,Ablim1,Gm6654,Calm3,Cd52,Lmo2,Snrpe,Gdi2,,,Abhd8,Naca,Dad1,Bola2,,,Itgb7,,,Ash1l,Casp4,Gm16286,BC017612,,Vamp3,Cd36,,,Abl2,Rasgef1b,C1d,Arl4c,Fam105a,,Ccl24,,,Abca6,Frmd6,Ginm1,Bicc1,Igfbp7,,Cd55,,,Abcb1b,,Agpat3,C1qbp,Hspa8,,Eef1g
,,Acap1,Gpbp1,Cbx1,Cd53,Lrmp,Snrpf,Gimap1,,,Abtb1,Ncor1,Ddb2,Btg1,,,Lat,,,Atxn1,Ccnl1,Gm8797,Bambi,,Ywhaq,Cd38,,,Acbd5,Rel,C1galt1c1,Arpc4,Fcgr1,,Ccl3,,,Abca8b,Fth1,Gng11,Bmp2,Itm2b,,Clec3b,,,Abce1,,Aimp2,Ccdc85b,Id3,,Eef2
,,Acd,Llph,Ccar1,Cd55,Marcksl1,Trmt112,Gimap6,,,Acot2,Ndufa3,Derl2,Bzw2,,,Lck,,,B3gnt3,Cd9,Gnas,Bcl2l1,,,Cd81,,,Acer3,Runx1,C3,Arrb2,Fcna,,Ccl6,,,Abca9,Ftl1,Hmgn1,C1qtnf1,Jkamp,,Cmtm3,,,Abcf2,,Ak1,Ccdc86,Idh2,,Eif3e
,,Acot2,Lsm5,Ccdc34,Cd86,Mdh1,Vpreb3,Gmfg,,,Actb,Nol7,Dld,Ccdc72,,,Ltb,,,B4galt3,Cebpg,Gorasp2,Bcl6b,,,Cdh13,,,Acvrl1,Sdc4,C4b,Atp1b3,Fmnl1,,Ccl7,,,Abcc1,Gadd45a,Hyi,C1qtnf2,Ly6c1,,Col14a1,,,Abhd2,,Amz2,Cct3,Idh3a,,Eif3h
,,Actb,Maf1,Ccna2,Cd97,Pafah1b3,Xist,H2-Aa,,,Actn1,Nop10,Dnaja4,Ccr7,,,Ms4a4b,,,BC006779,Cfl1,Gstm1,Btg2,,,Cdh5,,,Adam19,Sepx1,Capns1,Atp6v0d1,Fuca1,,Ccl9,,,Abhd4,Gas1,Ifi27,C1s,Lzts2,,Col15a1,,,Acaa1a,,Ankrd2,Cct4,Itm2a,,Eif3k
,,Actr2,Mir703,Ccnb1,Cdc42se1,Phgdh,Yeats4,H2-Ab1,,,Actn2,Pgk1,Dynll2,Cd2,,,Nkg7,,,Bcar1,Chchd2,Gstm2,Ccrn4l,,,Cdkn1c,,,Adap2,Serinc3,Card19,Atp6v0e,Gmpr2,,Ccr2,,,Abhd5,Gem,Ifitm3,C3,Mfap4,,Col1a1,,,Acbd6,,Ankrd23,Cct5,Klhdc2,,Errfi1
,,Adam10,Mrps16,Ccnb2,Cdc42se2,Pld4,Zmat2,H2-Eb1,,,Actr2,Pycard,Eif3b,Cd247,,,Npm1,,,Bcr,Chmp2a,Gtf2a2,Cd93,,,Cldn5,,,Adora2b,Slc3a2,Ccl2,Atp6v1c1,Gsdmd,,Cd14,,,Abl1,Glul,Il6st,Cadm3,Mfge8,,Col1a2,,,Acot9,,Anxa5,Cdc42se2,Lgals1,,Fgfr1
,,Adar,Nme1,Ccnd3,Cerk,Pmf1,,H3f3a,,,Adcy7,Rbm3,Eif4a3,Cd27,,,Pfn1,,,Bhlhe40,Chmp5,H1f0,Cdc42ep2,,,Col4a1,,,Adprh,Sqstm1,Ccl8,Atp6v1d,Gtf3c6,,Cd163,,,Abl2,Grb10,Impa1,Camk2n1,Mocs2,,Col3a1,,,Acsl3,,Ap4s1,Cebpb,Lyar,,Fscn1
,,Adck3,Nop56,Cct2,Cirbp,Polr2g,,Hmgb2,,,Add3,Rnf7,Emc6,Cd28,,,Ptpn18,,,Bmpr2,Cmtm6,Hmgcl,Cdc42ep3,,,Col4a2,,,Adssl1,Tank,Cd164,Atp6v1e1,H2-D1,,Cd209d,,,Acadsb,Hdlbp,Kif5b,Ccdc80,Mustn1,,Col4a1,,,Actn4,,Apobec2,Cebpz,Macrod1,,Fxyd1
,,Adi1,Npm3,Cct4,Cnn2,Ppia,,Hmgn1,,,Adi1,Rpl31-ps12,Etfa,Cd37,,,Ptprc,,,Bod1l,Cnn3,Hspa5,Cdc42ep4,,,Crip2,,,Agpat4,Tnfaip3,Cd209f,Atp6v1g1,H2-K1,,Cd48,,,Acbd5,Hipk3,Lims2,Ccl2,Palm,,Col4a2,,,Adarb1,,Arl2,Chchd4,Mat2a,,Fxyd6
,,Adrbk1,Nsa2,Cct7,Coro1a,Psma2,,Hmgn2,,,Adora2a,Rpl36al,Fam216a,Cd3e,,,Ptprcap,,,C230081A13Rik,Cox5a,Id3,Cdkn1a,,,Csrp1,,,Aldh3b1,Tnpo3,Cd302,Atpif1,Hmox2,,Cd52,,,Acly,Hmgcs1,Mdk,Ccl7,Pea15a,,Col5a1,,,Adck4,,Arl6ip4,Chic2,Mbnl2,,Gas1
,,Aes,Phb2,Cct8,Cotl1,Ptma,,Hn1,,,Adrb2,Rps15a-ps4,Gbp2,Cd48,,,Rgs1,,,C330006A16Rik,Cox7a2,Krtcap2,Cdkn2d,,,Ctla2a,,,Aldh9a1,Trps1,Cd5l,Avpi1,Hpcal1,,Cd53,,,Acsl5,Hsd11b1,Medag,Cebpd,Pid1,,Col5a2,,,Ado,,Arpc5l,Chrdl2,Mrpl12,,Gas5
,,Aff3,Phf5a,Cdc20,Cox7a2l,Rbm39,,Il2rg,,,Adrbk1,Sec61b,Gfod1,Cd5,,,Rnf167,,,Calcrl,Crk,Lamtor4,Ceacam1,,,Ctnnb1,,,Alox5,Tuba1c,Cd81,B4galt5,Hpgd,,Cd68,,,Acvrl1,Id3,Myadm,Cfb,Ppic,,Col5a3,,,Adss,,Arpp19,Cisd2,Mrpl21,,Gltscr2
,,Agpat6,Pnn,Cdc25b,Crem,Rhoa,,Irf8,,,Aes,Serbp1,Gm10076,Cd52,,,Rpl10a,,,Caskin2,Csrnp1,Map1lc3b,Clic1,,,Cxcl12,,,Ankrd44,Ube2f,Cdc42se1,Bach1,Ier3,,Cd74,,,Adam17,Ifi27l2a,Neat1,Chpf,Prdx4,,Col6a1,,,Aebp2,,Art1,Cited2,Mrpl23,,Glul
,,Ak2,Pole4,Cdca3,Crlf2,Selplg,,Lsm4,,,Aff1,Set,Gm10736,Cd53,,,Rpl13,,,Casp8,Ctbp2,Med28,Clic4,,,Ddit4,,,Anp32a,Wnk1,Cdkn1a,Basp1,Ifitm2,,Cd83,,,Adam19,Ifrd1,Nek9,Ckap4,Prelp,,Col6a2,,,Aff4,,Asb11,Cldn25,Mrps6,,Gnas
,,Akna,Polr1d,Cdca4,Crlf3,Serinc3,,Ly6d,,,Ahcyl2,Slc9a3r1,Gm12174,Cd6,,,Rpl18,,,Cbfa2t3,Ctsd,Mef2c,Clic5,,,Ecscr,,,Ap1s1,Zeb2,Colgalt1,Batf,Itgb7,,Cd86,,,Adamts1,Igsf3,Nrep,Cks1b,Ramp2,,Col6a3,,,Agpat6,,Asb2,Clmn,Ndufa12,,Gpx3
,,Ankrd44,Ppp1r11,Cdca8,Csk,Siglecg,,Ly6e,,,Ahsa1,Snhg8,Gm12918,Cd84,,,Rpl18a,,,Ccdc85a,Cxcr7,Mrpl17,Cmtm8,,,Efna1,,,Ap2m1,Zfp263,Comt,Baz1a,Itm2b,,Cdc42,,,Adamts12,Il17ra,Oaz2,Cndp2,Rcn2,,Copz2,,,Ahctf1,,Atcayos,Cnbp,Ndufa6,,Heyl
,,Apbb1ip,Ppp4c,Cdk1,Ctsh,Slamf6,,Mif4gd,,,Aim1,Snrpd2,Gm15427,Cd8a,,,Rpl21,,,Ccnd2,Cyb5r3,Mrps26,Cpne8,,,Egfl7,,,Ap2s1,Zfp36l2,Copz1,Bcl2a1a,Lair1,,Cfl1,,,Adamtsl3,Itgav,Olfml2a,Cnpy2,Rgl1,,Crispld2,,,Ahcy,,Atf3,Cox4i1,Ndufab1,,Hmgn1
,,Arap1,Prpf38b,Cdk4,Ctss,Smarcd2,,Ms4a1,,,Akap13,Snrpf,Gm19585,Cd8b1,,,Rpl22,,,Ccnl2,Cyr61,Mtch2,Cr1l,,,Ehd2,,,Ap3s1,Zfp703,Cox8a,Bcl2a1b,Myl12b,,Cfp,,,Adamtsl4,Itpkc,Pcnp,Colec12,Rhbdf1,,Crtap,,,Airn,,Atp2a1,Cox8a,Ndufb9,,Hspa5
,,Arap2,Psma1,Cdk5rap3,Cxcr5,Srsf2,,Ncl,,,Akap8,Tomm22,Gm45716,Cdc42se2,,,Rpl23a,,,Ccny,Ddx5,Napa,Ctnna1,,,Elovl5,,,Aph1c,,Ctsl,Bcl2a1d,Myl6,,Ckb,,,Adamtsl5,Jmjd1c,Pfkp,Comt,Rhoc,,Csf1,,,Akirin2,,Atp5c1,Cp,Pax7,,Hspe1
,,Arhgap25,Ptpn1,Cdkn3,Cyba,Trp53i11,,Nol7,,,Ankrd12,Trmt112,Gm7808,Cdk2ap2,,,Rpl36,,,Cd59a,Dnajb6,Ndufb5,Ctnnbip1,,,Emcn,,,Apobec1,,Cyb5r3,Bcl2l11,Myo1f,,Clec10a,,,Add1,Jund,Pgrmc2,Cpxm1,Rnf13,,Ctsb,,,Aldh2,,Atp5e,Csnk1d,Pfdn5,,Ifrd1
,,Arhgap26,Rpl31-ps12,Celf2,Cyth1,Tspan13,,Nop10,,,Ankrd13a,Tspan32,Gnptg,Cfl1,,,Rpl4,,,Cdc42bpa,Dnajb9,Ndufb8,Cxcl10,,,Eng,,,Apobec3,,Ddost,Blnk,Ndufa3,,Clec4a1,,,Adk,Klf9,Plpp3,Creb3l1,Sc5d,,Ctsl,,,Alyref,,Atp5g1,Cux1,Polr2m,,Jsrp1
,,Arid1a,Rpl7a,Cenpm,Cytip,Tubb4b,,Npm1,,,Ankrd44,Xrn2,Gspt1,Clk1,,,Rpl41,,,Cdc42bpb,E030010A14Rik,Neat1,Cxcl9,,,Epas1,,,Arfgef2,,Dram2,Blvrb,Nfam1,,Clec4a2,,,Adora2b,Lsp1,Polr2d,Creb5,Sept8,,Cxcl14,,,Ampd3,,Atp5h,D4Wsu53e,Ppp1r15a,,Klf9
,,Arid4a,Rps15a-ps4,Cenpn,D8Ertd738e,Tubb5,,Pabpc1,,,Apbb1ip,,Gzma,Cnn2,,,Rpl7,,,Cdk17,Egr1,Nop10,Cxx1a,,,Esam,,,Arhgap15,,Dusp1,C5ar1,Nipsnap3b,,Clec4a3,,,Afap1,Ltbp1,Ppp2r2a,Csrp2,Slc16a2,,Cygb,,,Anapc13,,Atp5j,Ddx21,Prkar1a,,Lmna
,,Arpc1b,Rsbn1l,Cenpw,Dad1,Ywhah,,Paip2,,,Apobec3,,H2-Q7,Commd8,,,Rpl8,,,Cds2,Eif1,Nrep,Cyp4b1,,,F11r,,,Arhgap18,,Ear2,Camk1d,Pld3,,Clec4b1,,,Aftph,Maff,Psma3,Ctsk,Sparc,,Dap,,,Angptl4,,Atp5j2,Dhcr24,Rnf11,,Maff
,,Arpc2,Sf3b2,Cenpx,Dazap2,,,Pkig,,,Arap2,,Hikeshi,Coro1a,,,Rplp1,,,Cish,Eif2s2,Parva,Cyth1,,,Fabp4,,,Arhgap25,,Eef1a1,Ccdc109b,Prelid1,,Clec7a,,,Aga,Map1lc3a,Ptprd,Cxcl1,Sparcl1,,Dcn,,,Ank3,,Atp5k,Dnajb9,Rpl26,,Map1lc3a
,,Asnsd1,Sf3b4,Chchd2,Dbnl,,,Plekha2,,,Arhgap31,,Hsd11b1,Cotl1,,,Rps11,,,Cltc,Eif4a1,Pdcd6ip,Ddx3x,,,Fabp5,,,Arhgap26,,Egr2,Ccdc72,Psmb10,,Clta,,,Agfg1,Mt1,Pttg1ip,Cxcr7,Spcs1,,Ddah2,,,Ankrd1,,Atp5o,Dnajc25,Rpl27,,Meg3
,,Asxl2,Sf3b5,Cisd1,Dennd4a,,,Pold4,,,Arhgap4,,Hspa8,Crem,,,Rps13,,,Cpd,Eif4a2,Phf11d,Dhrs3,,,Fkbp1a,,,Arhgap9,,Eif3e,Ccl4,Psme1,,Cltc,,,Agmo,Mt2,Rab7b,Cyb5,Tex261,,Dpep1,,,Ankrd10,,Atp6v1a,Drp2,Rpl30,,Mrpl52
,,Atf7ip,Stt3b,Cks1b,Dgkd,,,Pou2af1,,,Arhgdia,,Hsph1,Crlf3,,,Rps23,,,Crebbp,Eif6,Plpp1,Dlc1,,,Flt1,,,Arhgef10l,,Eif3f,Ccr1,Psme2,,Cmtm3,,,Agpat4,Myc,Rnh1,Cyth3,Timp3,,Dpt,,,Ankrd28,,Atp6v1g1,Dusp10,Rpl34,,Mt1
,,Atg16l2,Sys1,Cnn3,Eef1g,,,Ppp1ca,,,Arhgef3,,Hvcn1,Csk,,,Rps27,,,Crim1,Elovl1,Plpp3,Dll4,,,Fmo1,,,Arl8a,,Eif3h,Ccrl2,Pycard,,Cmtm7,,,Agtrap,Nfkb1,Rpl10,Dapk1,Tmem147,,Ebf2,,,Anp32b,,Babam1,Eef1d,Sdhb,,Mt2
,,Atp2a3,Taf9,Cnot2,Egln2,,,Psmb1,,,Arl2bp,,Impdh1,Cytip,,,Rps6,,,Crlf2,Emp1,Polr2c,Dram2,,,Fscn1,,,Arrdc4,,Eif3m,Cd300a,Qpct,,Coro1a,,,Ahcyl1,Olfml2b,Rpl23,Dbn1,Tmem165,,Ecm1,,,Anp32e,,Bag1,Eef1e1,Sh3glb1,,Myl12a
,,Atp6v1f,Tcf25,Coq7,Eif3f,,,Psmb8,,,Arl5c,,Irf3,D8Ertd738e,,,Sec11a,,,Ctla2b,Fas,Psmb2,Dst,,,Gimap6,,,Arsb,,Eif4e3,Cd44,Rab20,,Cotl1,,,Aif1l,Plac9,Rplp1,Dcbld2,Tmem43,,Efemp1,,,Apex1,,Bbip1,Eif1a,Slc25a3,,Naca
,,Aup1,Tcp11l2,Cox6a1,Erp29,,,Ptp4a3,,,Arl6ip1,,Isoc2b,Dapl1,,,Sell,,,Cttnbp2nl,Fbln5,Psmc1,Dusp1,,,Gna11,,,Asl,,Eif4ebp1,Cd84,Rab32,,Creg1,,,Ak1,Ppp1r14b,Rtn4,Dclk1,Tsen34,,Efhd1,,,Arf5,,Bhlhe40,Eif1ax,Slc25a4,,Ndrg2
,,Avl9,Tgif1,Cox7a2,Ets1,,,Ptprcap,,,Armc7,,Junb,Dbnl,,,Selplg,,,Cx3cl1,Foxo1,Psmd4,Dusp3,,,Gng11,,,Atp5e,,Ephx1,Cd97,Reep5,,Crip1,,,Ak3,Rbms3,S100a10,Ddost,Vti1b,,Egfr,,,Arglu1,,Bin1,Eif2a,Slc38a2,,Ndufb2
,,B3gnt5,Thrap3,Cox8a,Ezr,,,Rasgrp2,,,Arpc1b,,Klrd1,Dgka,,,Sept1,,,Cyb5r1,Fus,Ptms,Dynll1,,,Gngt2,,,Atp5g1,,Esyt1,Cdk2ap2,Rgs19,,Crlf2,,,Akap13,Rhoj,Sar1a,Ddr2,Wls,,Enpp2,,,Arhgap42,,Bmyc,Eif2s1,Spop,,Npm1
,,B3gnt7,Tmem134,Cplx2,Faim3,,,Rbm3,,,Arpc3,,Klre1,Dnajc15,,,Shisa5,,,Cyyr1,Gabarapl2,Pttg1,Ece1,,,Gpihbp1,,,Atp5g3,,Ethe1,Cebpa,Rnpep,,Csf1r,,,Akr1b8,Rock2,Scoc,Dnm1,Zfyve21,,Entpd2,,,Arhgef12,,Bnip3,Eif2s2,Spry1,,Pdlim4
,,BC013712,Tmem93,Creld2,Fam134b,,,Rhoh,,,Arpc4,,Klrk1,Dnajc9,,,Thy1,,,Dab2ip,Gm1821,Rab18,Efcab4a,,,H2-D1,,,Atp5h,,Fam195b,Cflar,Rps6ka1,,Csf2ra,,,Aktip,Samd4b,Sec62,Dpp4,,,Fap,,,Arhgef2,,Bola3,Eif3a,Tead1,,Pdpn
,,BC017643,Tomm22,Crip1,Fam32a,,,Rp9,,,Arpc5,,Lamtor1,Eef1a1,,,Tmsb10,,,Ddx17,Gnai3,Rab1a,Ehd1,,,H2-K1,,,Atp5k,,Fam213b,Cks2,S100a6,,Cst3,,,Aldh18a1,Sec61g,Selenof,Dpysl2,,,Fbln2,,,Arid4b,,Btg2,Eif4a1,Timm17a,,Phpt1
,,Bach2,Tomm5,Cwc15,Fam49b,,,Rpl10a,,,Arpc5l,,Ldlrap1,Eef1b2,,,Uba52,,,Ddx58,Gnb2,Rabac1,Ehd4,,,Hspb1,,,Atp5l,,Fam3c,Clec12a,Sat1,,Cstb,,,Aldh7a1,Serf2,Selenok,Dtnbp1,,,Fbln5,,,Arih2,,Capns1,Eif4b,Tmem11,,Pnrc1
,,Bcl2a1b,Trp53,Dctpp1,Fam69a,,,Rpl11,,,Arrb2,,Lsm10,Eef1g,,,Zc3hav1,,,Dennd3,Grina,Rfc2,Elf1,,,Icam2,,,Atp6ap2,,Fam69a,Cln8,Scamp2,,Ctsa,,,Alg5,Sntb2,Selenom,Efemp2,,,Fbn1,,,Arl6ip5,,Car3,Eif5,Tmem126a,,Ppp1r14b
,,Bmp2k,Ube2i,Ddah2,Fau,,,Rpl18,,,Arrdc1,,Mettl1,Eif3e,,,,,,Dennd5b,H3f3b,Rflnb,Elk3,,,Ifitm2,,,Atp6v0a1,,Fbl,Cmpk1,Sla,,Ctsb,,,Als2cr4,Sod2,Selenop,Eln,,,Fcgrt,,,Arnt,,Carnmt1,Ell2,Trp53inp2,,Ppp2ca
,,Btbd1,Use1,Ddx39,Fcer2a,,,Rpl18a,,,Asnsd1,,Mlf2,Eif3f,,,,,,Dgkh,Higd2a,Rgcc,Eltd1,,,Ifitm3,,,Atp6v0c,,Fkbp1a,Cndp2,Smpdl3a,,Ctsc,,,Ank2,Spry2,Selenos,Emilin2,,,Fhl1,,,Ash1l,,Casq1,Emd,Tspan3,,Rbbp7
,,Btg2,Wbp11,Ddx39b,Fcrl1,,,Rpl19,,,Ass1,,Mplkip,Eif3h,,,,,,Dock6,Hmg20b,Rsrp1,Ets1,,,Igfbp7,,,Aup1,,Fn1,Cox17,Sp110,,Ctsh,,,Ano10,Srxn1,Selenow,Emp3,,,Fkbp9,,,Atad3a,,Cav1,Eprs,Ubc,,Rbm39
,,Btk,Wdr89,Ddx5,Gadd45gip1,,,Rpl21,,,Atad2,,Mrpl13,Eif3k,,,,,,Dock9,Hnrnpf,Selenow,Fam101b,,,Itgb1,,,B230312A22Rik,,Ftl1-ps1,Cox6b1,Stard3nl,,Ctss,,,Ano6,Tfpi2,Serinc1,Epb4.1l2,,,Fn1,,,Atf4,,Ccng1,Erdr1,Ube2b,,Rpl10
,,Btla,Ypel3,Dek,Gemin7,,,Rpl22,,,Atf7ip,,Mrps23,Emb,,,,,,Dtx3l,Hnrnph1,Serpinb6a,Fam176a,,,Itm2b,,,B3gat3,,Gas6,Csf2rb,Stat6,,Ctsz,,,Anxa4,Ube2r2,Slc35b1,Ergic3,,,Fndc1,,,Atf6,,Cd151,Esf1,Uqcr11,,Rpl10a
,,C130026I21Rik,,Desi1,Gimap3,,,Rpl23a,,,Atg12,,Mrps24,Emg1,,,,,,Dusp6,Hprt,Serpinh1,Fam38a,,,Jam2,,,B4galnt1,,Gbp3,Cxcl16,Tmem160,,Cyba,,,Ap1s1,Wdr92,Smim7,F3,,,Fstl1,,,Atl2,,Cd34,Etf1,Uqcrc1,,Rpl11
,,C80913,,Dkc1,Gimap4,,,Rpl27,,,Atg16l2,,Mtdh,Epsti1,,,,,,Dysf,Hsp90aa1,Shisa5,Fam43a,,,Jup,,,B9d2,,Glud1,Cxcl2,Tmem37,,Cybb,,,Ap1s2,Zcchc24,Sptan1,Fam102b,,,Fxyd1,,,Atp13a3,,Cd63-ps,F2r,Uqcrfs1,,Rpl12
,,Cab39l,,Dnajc7,Gm8369,,,Rpl27a,,,Atp11b,,Mvp,Ets1,,,,,,Ebf1,Hsp90ab1,Snx17,Fam65a,,,Kank3,,,BC013712,,Gm13588,Cyfip1,Tmem50a,,Cyth4,,,Ap2a2,Zeb2,Sqstm1,Fam114a1,,,Gaa,,,Atp2a2,,Cdc34,Fam100a,Usmg5,,Rpl13
,,Camk2d,,Dtymk,Gm9320,,,Rpl28,,,Atp1b1,,Myl12a,Ezr,,,,,,Ednrb,Hspa8,Sparc,Fbln2,,,Kcna5,,,Bag1,,Gm14303,D230037D09Rik,Tmem55b,,Cytip,,,Apbb1ip,Zfp36l1,Tbcb,Fam46a,,,Gpx7,,,Atp5a1,,Cdc37l1,Fam132b,Vgll2,,Rpl13a
,,Cap1,,Dut,Gnb2l1,,,Rpl29,,,Atp1b3,,Ndufa10,Fam107b,,,,,,Eepd1,Ier5,Sptbn1,Fermt2,,,Kctd10,,,Bax,,Gm15536,Dazap2,Trappc2l,,Dab2,,,Apoa1bp,,Tceal9,Fbln1,,,Gpx8,,,Atp5l,,Cdkn1a,Fas,Wsb1,,Rpl14
,,Card6,,Dynll1,Gpcpd1,,,Rpl3,,,Atp5g3,,Ndufa5,Fam49b,,,,,,Efnb1,Ifi35,Sqstm1,Fez2,,,Kdr,,,Bcap29,,Gm4951,Dnase2a,Tspo,,Dnajc15,,,App,,Tm2d3,Fgl2,,,Gsn,,,Atxn10,,Chchd10,Fbl,Ypel3,,Rpl15
,,Cblb,,Eaf2,Gpr132,,,Rpl32,,,Atp6v0e,,Ndufaf4,Fau,,,,,,Efnb2,Il10rb,Sra1,Fli1,,,Laptm4a,,,Bcat2,,Gm5905,Dpep2,Ube2a,,Dok2,,,Ar,,Tmem242,Fkbp10,,,Gstm1,,,Auts2,,Chchd3,Fbxo30,Zfp106,,Rpl17
,,Cbx3,,Eif1ax,Gpr171,,,Rpl36a,,,Atp6v1d,,Nelfb,Fkbp3,,,,,,Efr3b,Il4ra,Srsf11,Flnb,,,Lims2,,,Bcl2l1,,Gm8430,Efhd2,Vat1,,Ecm1,,,Arap1,,Tmsb10,Fkbp7,,,Gstm2,,,BC005537,,Chrac1,Fgfr4,,,Rpl18
,,Cbx7,,Eif3h,Gps2,,,Rpl39,,,Atxn7l1,,Neu1,Fmnl1,,,,,,Eftud2,Junb,St13,Fos,,,Lpl,,,Blcap,,Gnb1,Ehd1,Wdr1,,Emilin2,,,Arf3,,Tnks2,Fndc3b,,,Gstp1,,,BC016423,,Cisd1,Flnc,,,Rpl18a
,,Ccr6,,Eif4g2,Gpsm3,,,Rpl41,,,Avl9,,Nmi,Fxyd5,,,,,,Eml1,Kdm6b,Stap2,Fosb,,,Ly6a,,,Bre,,Gsto1,Eid1,,,Emp3,,,Arfgap3,,Tomm5,Fst,,,Gstt1,,,BC031781,,Ckm,Fosl1,,,Rpl19
,,Cd38,,Eif4h,Gramd3,,,Rpl5,,,B3gnt2,,Nsmce1,Gimap5,,,,,,Entpd1,LOC545261,Stk25,Gadd45g,,,Ly6c1,,,Brms1,,H13,Emr1,,,Erp29,,,Arhgap1,,Trim47,Fuca1,,,Hspb8,,,Bach1,,Ckmt2,Frmd6,,,Rpl21
,,Cd47,,Eif5a,Grap,,,Rpl7,,,B4galt1,,Nxf1,Gltscr2,,,,,,Epb4.1,Lasp1,Svbp,Gas6,,,Ly6e,,,Bst2,,Hhex,Entpd1,,,Evi2a,,,Arhgap10,,Tubb2a,Fyn,,,Hspg2,,,Banf1,,Clk1,Gabarapl1,,,Rpl22
,,Cd48,,Elof1,Grb2,,,Rplp2,,,B630005N14Rik,,Pdap1,Gm15421,,,,,,Epha2,Ldha,Tbcb,Gata2,,,Mgll,,,Calm3,,Hint1,Eps8,,,F13a1,,,Arhgap20,,Txnip,Gas7,,,Htra1,,,Baz1a,,Cnpy2,Gm15421,,,Rpl22l1
,,Cd69,,Emc8,Grk6,,,Rps10,,,Bach2,,Phf11b,Gm9320,,,,,,Erg,Leprot,Tbrg1,Gbp2,,,Myct1,,,Camk1,,Hk2,Epsti1,,,Fam49b,,,Arhgap21,,Uqcc2,Gfpt2,,,Htra3,,,Baz2b,,Coa5,Gm6654,,,Rpl23
,,Cdk11b,,Ewsr1,H2-DMa,,,Rps11,,,Bcl2a1b,,Polr1d,Gnb2l1,,,,,,Esyt1,Lmna,Tceal8,Gbp7,,,Myl6,,,Camk2g,,Hprt,Etv3,,,Fam96a,,,Arhgap42,,Usp33,Ggh,,,Igf1,,,Bcar3,,Cobl,Gnb2l1,,,Rpl23a
,,Cdkn1b,,Exosc8,H2-DMb1,,,Rps13,,,Bcl2l11,,RP23-395M5.6,Gpr132,,,,,,Etl4,Lmo1,Tshz2,Gcap14,,,Nfkbia,,,Camkk2,,Hsd17b4,Fam111a,,,Fau,,,Arhgef10,,Wasf2,Glipr2,,,Igfbp4,,,Bccip,,Cog8,Gnl3,,,Rpl24
,,Cdt1,,Ezh2,H2-Oa,,,Rps15a,,,Bend4,,Rab1a,Gpr183,,,,,,Fam70b,Lrrc58,Tuba1a,Gch1,,,Nrp1,,,Camta2,,Hspa1a,Fam129b,,,Fcer1g,,,Arhgef40,,Washc3,Gng10,,,Igfbp5,,,Bcl10,,Commd3,Grpel1,,,Rpl27a
,,Cep57,,Fam129c,H2-Ob,,,Rps16,,,Birc6,,Rars2,Gpsm3,,,,,,Fbxo33,Lrrfip1,Ube2g2,Gcnt2,,,Palmd,,,Cap1,,Hspa8,Fermt3,,,Fcgr2b,,,Arl5a,,Zbtb20,Gnpnat1,,,Igfbp6,,,Bcl3,,Cops4,Gtpbp4,,,Rpl28
,,Chsy1,,Fam53b,H2afj,,,Rps17,,,Bnip3l,,Rbms1,Gramd3,,,,,,Fgd5,Lzts2,Vcp,Ggta1,,,Pdlim1,,,Casp1,,I830077J02Rik,Fkbp2,,,Fcgr3,,,Arl8a,,mt-Cytb,Golim4,,,Il11ra1,,,Bcl6,,Cops9,Hbp1,,,Rpl29
,,Cib1,,Fcmr,Hcls1,,,Rps19,,,Brd4,,Rnaset2a,Grk6,,,,,,Filip1,Map2k3,Vps29,Gja1,,,Pea15a,,,Casp8,,I830127L07Rik,Flna,,,Fcrls,,,Arpc1b,,mt-Nd2,Gpc3,,,Il33,,,Bclaf1,,Coq8a,Hdgf,,,Rpl3
,,Clec2i,,Fgfr1op2,Hist1h2bc,,,Rps20,,,Btbd1,,Rnh1,Gtf2i,,,,,,Flt4,Mapk3,Zbtb4,Gm12216,,,Pecam1,,,Cass4,,Idh1,Foxp1,,,Fes,,,Arrdc3,,mt-Nd4,Gpm6b,,,Islr,,,Bdp1,,Coq9,Hint1,,,Rpl31
,,Clk1,,Fkbp11,Hmha1,,,Rps23,,,Btla,,Rpl7-ps7,H2-Q8,,,,,,Fmnl3,Mapre1,Zfp36l1,Gnai2,,,Pim3,,,Ccdc124,,Idh3g,Furin,,,Folr2,,,Arsa,,,Gpr133,,,Itih5,,,Bet1l,,Coro6,Hivep1,,,Rpl32
,,Cmah,,Fkbp3,Hvcn1,,,Rps24,,,C130039O16Rik,,Rps19-ps6,H2afj,,,,,,Fmo2,Mat2a,mt-Cytb,Gnb1,,,Pitpnc1,,,Ccdc56,,Ifitm3,Fyb,,,Fth1,,,Arsb,,,Has1,,,Itm2a,,,Birc3,,Cox14,Hnrnpab,,,Rpl35
,,Cmtm6,,Frg1,Ifi30,,,Rps26,,,C330021F23Rik,,Rps23-ps1,Hmgb2,,,,,,Fnbp1l,Max,mt-Nd2,Gpr116,,,Pls3,,,Ccr5,,Ifnar2,G530011O06Rik,,,Ftl1,,,Arsi,,,Hexa,,,Kdelr3,,,Bmp6,,Cox5a,Hnrnpu,,,Rpl35a
,,Cnpy3,,Fxn,Il21r,,,Rps27,,,C87436,,Rps3a1,Hmha1,,,,,,Fnip1,Mcl1,mt-Nd3,Gpr146,,,Pltp,,,Cd300lb,,Ifngr1,Gas7,,,Fxyd2,,,Asap1,,,Hk2,,,Lama2,,,Bola2,,Cox6a2,Hnrpdl,,,Rpl36
,,Cog8,,Fzr1,Inpp5d,,,Rps28,,,Cab39,,Rps6-ps4,Hspe1,,,,,,Foxc1,Mosc2,mt-Rnr1,Gpr56,,,Podxl,,,Cd300ld,,Igf1,Gatm,,,Fxyd5,,,Asap2,,,Hmgn3,,,Lamb1,,,Braf,,Cox6b1,Hsd11b1,,,Rpl36a
,,Coro7,,G3bp1,Irf2,,,Rps29,,,Calm1,,Rtf1,Icos,,,,,,Fry,Mprip,,Gpx1,,,Ppic,,,Cd33,,Il17ra,Gda,,,Gabarap,,,Asph,,,Iah1,,,Lamb2,,,Brd4,,Cox6c,Hspa9,,,Rpl37
,,Crtc3,,Gabarapl2,Isy1,,,Rps3,,,Camk4,,Saraf,Ifi27l2a,,,,,,Fryl,Mtap7d1,,Gramd1a,,,Ppp1r2,,,Cd37,,Irf1,Glrx,,,Glipr1,,,Atad1,,,Ifi203,,,Laptm4a,,,Brd9,,Cox7a1,Hspd1,,,Rpl37a
,,Cse1l,,Gm10736,Kras,,,Rps5,,,Cap1,,Sarnp,Ifngr1,,,,,,Fxyd4,Nck1,,Grasp,,,Prkcdbp,,,Cd40,,Irf8,Gm11428,,,Gltp,,,Atf3,,,Ifi204,,,Lgals1,,,Brwd1,,Cox7a2,Hsph1,,,Rpl38
,,Ctcf,,Gm13436,Lamtor2,,,Rps6,,,Capn1,,Sbno1,Igtp,,,,,,Fxyd5,Ndel1,,Grrp1,,,Prnp,,,Cd72,,Itm2c,Gm6377,,,Gm2a,,,Athl1,,,Ifi205,,,Lhfp,,,Btaf1,,Cox7b,Idi1,,,Rpl39
,,Ctsc,,Gm15427,Laptm5,,,Rps7,,,Capza1,,Sec22b,Ikzf1,,,,,,Fzd4,Ndrg1,,H2-Q4,,,Ptp4a3,,,Cdc26,,Junb,Gmfg,,,Gng2,,,Atp10a,,,Ifi27l1,,,Loxl1,,,Btf3l4,,Cox8b,Igsf3,,,Rpl4
,,Cul2,,Gm15536,Lbh,,,Rps8,,,Capzb,,Serpina3g,Il21r,,,,,,Gadd45b,Ndufa4,,H2-T23,,,Ptprb,,,Ceacam1,,Jund,Gna13,,,Gpx1,,,Atp11a,,,Ift27,,,Lpar1,,,Btg3,,Csrp3,Insig2,,,Rpl5
,,Cxcr4,,Gm1821,Lcp1,,,Rps9,,,Casp8,,Sertad1,Il7r,,,,,,Gatad2a,Ndufc2,,Hbegf,,,Ptrf,,,Cenpa,,Kcmf1,Gng10,,,Grn,,,Atp6ap1,,,Igsf8,,,Lrp1,,,Bud31,,Ctdnep1,Isg20,,,Rpl6
,,Cxxc5,,Gm5547,Limd2,,,Rpsa,,,Cblb,,Snrpa1,Isy1,,,,,,Gbp3,Nfib,,Hes1,,,Rab11a,,,Cep170,,Krtcap2,Gns,,,H2-Aa,,,Atp8b1,,,Il17d,,,Lrrn4cl,,,C1qtnf3,,Ctsl,Itpkc,,,Rpl7
,,Cybasc3,,Gm8186,Lsp1,,,Sec11c,,,Cbll1,,Snrpb2,Itgb2,,,,,,Gbp4,Nfkbiz,,Hpcal1,,,Ramp2,,,Chd7,,Lamtor4,Got1,,,H2-Ab1,,,Atrnl1,,,Il1r1,,,Ltbp4,,,C330021F23Rik,,Ctxn3,Ivns1abp,,,Rpl8
,,Cybb,,Gm9794,Ltb,,,Serp1,,,Cbx4,,Stub1,Itk,,,,,,Gbp9,Nhp2l1,,Hspa1a,,,Rhob,,,Chmp2b,,Lamtor5,Gp49a,,,H2-DMa,,,B3gat3,,,Il6,,,Lum,,,Calcr,,Cyc1,Kti12,,,Rpl9
,,Cyfip2,,Gmnn,Ly86,,,Snn,,,Ccdc117,,Tada1,Kbtbd11,,,,,,Gda,Nr1h2,,Hspa2,,,Rhoc,,,Chmp3,,Laptm4a,Gpr132,,,H2-DMb1,,,B3gnt1,,,Inmt,,,Ly6a,,,Cald1,,Cyr61,Larp7,,,Rplp0
,,Cyld,,H2-Q7,Lyn,,,Snrpg,,,Ccdc88c,,Tmem230,Kcnn4,,,,,,Gimap4,Oaz2,,Icam1,,,Robo4,,,Chsy1,,Leprot,Gpr137b,,,H2-Eb1,,,B3gnt2,,,Insig1,,,Lysmd2,,,Cars,,Cystm1,Lpar1,,,Rplp1
,,Cyp4f18,,H2afv,Mat2b,,,Snx2,,,Ccm2,,Toporsos,Klk8,,,,,,Git1,Osbpl9,,Id1,,,S1pr1,,,Cklf,,Lgals1,Gpr65,,,H2afz,,,B3gnt9-ps,,,Irak3,,,Maged2,,,Cbfb,,D10Jhu81e,Lrrfip2,,,Rplp2
,,Cyth4,,H2afx,Mef2c,,,Spib,,,Ccndbp1,,Trbc1,Laptm5,,,,,,Gm6548,Pak1ip1,,Ier2,,,Scarb1,,,Cldn4,,Lgals3bp,Gpsm3,,,Hexa,,,B4galt1,,,Itga11,,,Marcks,,,Ccdc109a,,D8Ertd738e,Mafk,,,Rps10
,,D730005E14Rik,,H2afz,Mll5,,,Syk,,,Ccng2,,Trbc2,Lbh,,,,,,Gpr4,Pcmtd1,,Ier3,,,Sdpr,,,Clec4d,,Lilr4b,Grb2,,,Hmox1,,,B4galt5,,,Itga5,,,Mfap5,,,Ccdc50,,Dcakd,Mak16,,,Rps11
,,D930015E06Rik,,Herpud1,Mrpl43,,,Timm13,,,Ccr2,,Ube3a,Lcp1,,,,,,H2-Q6,Pdcd10,,Ifi47,,,Sept4,,,Clec4e,,Lilrb4a,Gusb,,,Id2,,,BC003331,,,Itgb5,,,Mgp,,,Ccdc59,,Ddah2,Manf,,,Rps12
,,Dapp1,,Hes6,Ms4a4c,,,Tmem123,,,Ccr8,,Utp11,Lef1,,,,,,H2-Q8,Pdcl3,,Ifit1,,,Slc9a3r2,,,Cln3,,Lpl,H2afj,,,Ifi27l2a,,,BC013529,,,Kdelr1,,,Mmp14,,,Ccnd1,,Ddit4l,Map2k3,,,Rps13
,,Dcaf7,,Hint1,Myo1e,,,Tmsb10,,,Cd4,,Vps50,Leprotl1,,,,,,H2-T24,Pde4b,,Igfbp3,,,Sparcl1,,,Cmas,,Lrpap1,Hcls1,,,Ifi30,,,Bace1,,,Kdelr2,,,Mmp2,,,Ccni,,Desi2,Mapre3,,,Rps14
,,Ddhd2,,Hist1h4i,Napsa,,,Uba52,,,Cd47,,Vps53,Lfng,,,,,,H2afy,Pfkp,,Iigp1,,,Sult1a1,,,Cmtm6,,Lsm7,Hfe,,,Il10rb,,,Bad,,,Klhl13,,,Ms4a4d,,,Ccnl2,,Dnaja1,Metap2,,,Rps15
,,Ddx41,,Hjurp,Neurl3,,,Ubl5,,,Cd69,,Zbp1,Limd2,,,,,,Hdac5,Plscr1,,Irf1,,,Sypl,,,Cnn2,,Ly6c2,Ifitm6,,,Irf5,,,Bag1,,,Krtcap2,,,Mxra7,,,Ccrn4l,,Dnajb1,Mki67ip,,,Rps15a
,,Dedd2,,Hmga1,Nfkbid,,,Ucp2,,,Cd96,,Zdhhc20,Lime1,,,,,,Heg1,Pnrc1,,Irf7,,,Tagln2,,,Commd8,,Ly6e,Ifnar1,,,Kctd12,,,Bckdk,,,Lama4,,,Mxra8,,,Cct2,,Dnajc15,Morf4l2,,,Rps16
,,Derl2,,Hmgb3,Nsmce4a,,,Vars,,,Cdc34,,,Mbnl1,,,,,,Herc6,Pnrc2,,Irf8,,,Tap1,,,Cox5b,,Mapkapk3,Ifngr2,,,Lamp1,,,Bet1,,,Lamc1,,,Myoc,,,Cct6a,,Dnajc19,Mpp5,,,Rps17
,,Dgka,,Hmgn5,P2ry10,,,Zfp706,,,Cdipt,,,Mdh1,,,,,,Hip1,Ppp1cb,,Irf9,,,Tcf15,,,Cox6a1,,Mcub,Igsf6,,,Laptm5,,,Bhlhe40,,,Lbp,,,Nbl1,,,Cct7,,Dnlz,Mrfap1,,,Rps18
,,Dhps,,Hnrnpa2b1,Pdcd4,,,,,,Cdk9,,,Mif,,,,,,Hk1,Ppp1r11,,Irgm1,,,Tcf4,,,Cox6c,,Mertk,Il1b,,,Lat2,,,Bmp5,,,Ldlr,,,Ndn,,,Cct8,,Dpy30,Mrto4,,,Rps19
,,Dip2b,,Hnrnpa3,Pfdn5,,,,,,Cdkn1b,,,Mir703,,,,,,Hspa12b,Ppp1r15a,,Isg15,,,Tek,,,Cox7b,,Mgst1,Il6ra,,,Lcp2,,,Bmper,,,Leprel2,,,Nid1,,,Cd44,,Dusp1,Mtap1b,,,Rps2
,,Dmxl1,,Hnrnpab,Pfn1,,,,,,Cdt1,,,Mkrn1,,,,,,Hspa1b,Pqlc1,,Itpripl1,,,Tie1,,,Cpne2,,Mrpl28,Impact,,,Lgals3,,,Bmpr1a,,,Loxl2,,,Nov,,,Cdca4,,Ech1,Myc,,,Rps20
,,Dnaja1,,Hnrnpc,Plac8,,,,,,Cenpa,,,Ms4a6b,,,,,,Ier5l,Prdx1,,Jun,,,Timp4,,,Creb3,,Mrpl33,Inpp5d,,,Lgmn,,,Boc,,,Ltbp3,,,Nova1,,,Cdh13,,Eci1,Myf5,,,Rps21
,,Dnajc2,,Hnrnpd,Plek,,,,,,Cenpl,,,Myl12b,,,,,,Ifih1,Pttg1ip,,Kitl,,,Tinagl1,,,Csf3r,,Mrpl58,Iqgap1,,,Lsp1,,,Bsg,,,Man1a,,,Nupr1,,,Cdk12,,Ecsit,Myod1,,,Rps23
,,Dock10,,Hnrnpdl,Plekhj1,,,,,,Cep110,,,Nap1l4,,,,,,Igf2r,Pxn,,Klf10,,,Tm4sf1,,,Csk,,Ms4a4c,Itgam,,,Lst1,,,C1d,,,Metrnl,,,Oaf,,,Cdk14,,Eef1akmt1,Naa50,,,Rps25
,,Dock11,,Hnrnph1,Polr2e,,,,,,Cep120,,,Ndfip1,,,,,,Igtp,Raly,,Klf13,,,Tmbim6,,,Csnk2b,,Msn,Itgb2,,,Ltc4s,,,C1qtnf6,,,Mfap2,,,Ogn,,,Cdk17,,Ehd1,Nars,,,Rps26
,,Dock2,,Hnrnpm,Pou2f2,,,,,,Cep57,,,Neurl3,,,,,,Il2rg,Rap1b,,Klf2,,,Tmem140,,,Ctla2b,,Msrb1,Jhdm1d,,,Ly86,,,C7,,,Mgst1,,,Osr2,,,Cdk4,,Emc6,Ncam1,,,Rps27a
,,Donson,,Hnrnpu,Ppdpf,,,,,,Cetn2,,,Ngfrap1,,,,,,Inf2,Rbm18,,Klf3,,,Tmem88,,,Cttnbp2nl,,Mt1,Kcnn4,,,Lyve1,,,Cab39l,,,Mnda,,,P4hb,,,Cdr2l,,Eno3,Ncl,,,Rps28
,,Dpy30,,Hsp90ab1,Ppm1g,,,,,,Chchd3,,,Npc2,,,,,,Inpp5a,Rcan1,,Klf4,,,Tmsb4x,,,Cuta,,Mtpn,Klf6,,,Lyz1,,,Cacna2d1,,,Mrc2,,,Pcolce,,,Cdv3,,Ergic3,Nedd4l,,,Rps3
,,E330020D12Rik,,Hsp90b1,Ppp1r16b,,,,,,Chfr,,,Npm3,,,,,,Irak2,Rdx,,Klf6,,,Tnfaip1,,,Cx3cr1,,Nfkbiz,Lamtor2,,,Lyz2,,,Calm3,,,Mtch1,,,Pcolce2,,,Cebpg,,Etfrf1,Nfia,,,Rps4x
,,Ehmt1,,Idh2,Pqbp1,,,,,,Chmp1b,,,Nsa2,,,,,,Irgm2,Rgs16,,Klf7,,,Tsc22d1,,,Cyb5r4,,Npm1,Lcp1,,,M6pr,,,Camk1,,,Naaa,,,Pcsk6,,,Celf2,,Fabp3,Nfil3,,,Rps5
,,Eif2ak3,,Ifi209,Prelid1,,,,,,Chordc1,,,Nt5c,,,,,,Itga1,Rhoa,,Lbr,,,Tspan13,,,Cyp4f18,,Npm3,Lfng,,,Maf,,,Camk1d,,,Nav1,,,Phlda1,,,Cfh,,Fam162a,Nfkb1,,,Rps6
,,Eif4ebp2,,Igha,Prkcb,,,,,,Ciapin1,,,Nudt21,,,,,,Itga5,Rn45s,,Lgals9,,,Tspan7,,,Cyth1,,Nr4a1,Lilrb3,,,Mafb,,,Camkk2,,,Nenf,,,Pi16,,,Chd1,,Fam195a,Nfkb2,,,Rps7
,,Elmo1,,Ighg2c,Psenen,,,,,,Clcn3,,,Obfc2a,,,,,,Itga6,Rnf130,,Lima1,,,Txnip,,,D17Wsu92e,,Nrros,Lilrb4,,,Man2b1,,,Car13,,,Nfic,,,Plekhf1,,,Chd2,,Fastk,Nfkbib,,,Rps8
,,Eml4,,Ighm,Pten,,,,,,Clint1,,,Orai1,,,,,,Itpkb,Rod1,,Lipe,,,Ushbp1,,,D8Ertd738e,,Nupr1,Lipa,,,Mcl1,,,Carkd,,,Nfix,,,Plxdc2,,,Chd7,,Fbxw7,Nhp2,,,Rps9
,,Eno1,,Igkc,Ptpn18,,,,,,Clp1,,,P2ry10,,,,,,Jag1,Rras,,Litaf,,,Xdh,,,Daglb,,Os9,Lpxn,,,Mgl2,,,Casp12,,,Nid2,,,Pmp22,,,Chmp4b,,Fcgrt,Nhp2l1,,,Rpsa
,,Epb4.1,,Iglc1,Ptpn6,,,,,,Clta,,,Pabpc1,,,,,,Jak2,Rsrc2,,Lmcd1,,,Ybx1,,,Dapk1,,Oxct1,Lrrc25,,,Mpeg1,,,Cblb,,,Nmb,,,Podn,,,Chrna1,,Fem1a,Nip7,,,Rtn2
,,Erlin1,,Iglc2,Ptprc,,,,,,Cmah,,,Pdcd4,,,,,,Jmjd8,Rsu1,,Lmo7,,,,,,Dapk3,,P4hb,Lrrc33,,,Mrc1,,,Cbx6,,,Nnmt,,,Ppib,,,Cirh1a,,Fez2,Nolc1,,,S100a10
,,Ero1lb,,Iglc3,Pxk,,,,,,Cmas,,,Peli1,,,,,,Kcnb1,Rtn3,,Lrrc32,,,,,,Dapp1,,Parl,Lrrfip1,,,Ms4a6b,,,Ccdc88a,,,Nsg1,,,Prkcdbp,,,Clcf1,,Fhl1,Nop58,,,S100a16
,,Esco1,,Igll1,Pyhin1,,,,,,Cnbp,,,Pfdn5,,,,,,Lama4,S100a1,,Lrrc8a,,,,,,Dcaf7,,Pdia3,Ly96,,,Ms4a6c,,,Ccdc90b,,,Ntn1,,,Prnp,,,Cltb,,Fitm1,Notch3,,,Sdc4
,,Evi2b,,Iglv1,Rab4b,,,,,,Cnot10,,,Plcxd2,,,,,,Lama5,Sbds,,Lrrc8c,,,,,,Dclre1c,,Pdia6,Lyn,,,Ms4a6d,,,Ccnd2,,,Ntrk2,,,Prss23,,,Cno,,Fkbp3,Npm3,,,Sod2
,,Evl,,Incenp,Rab8a,,,,,,Cnot6l,,,Plekhj1,,,,,,Ldb2,Sbno2,,Ltbp4,,,,,,Dctn5,,Pdlim1,Mafg,,,Ms4a7,,,Ccnh,,,Numbl,,,Ptms,,,Cops2,,Fkrp,Nppc,,,Sqstm1
,,Fam100b,,Jak1,Rac2,,,,,,Cnp,,,Pop5,,,,,,Lifr,Sdcbp,,Luzp1,,,,,,Ddrgk1,,Pea15a,Mapkapk2,,,Myo1g,,,Ccpg1,,,Ostc,,,Qpct,,,Cops8,,Fos,Nrp,,,Timm23
,,Fam105b,,Jchain,Ralgps2,,,,,,Cox5a,,,Ppia,,,,,,Limch1,Serinc1,,Macf1,,,,,,Dhrs3,,Plac8,Marcksl1,,,Naaa,,,Cd47,,,Pam,,,Rab34,,,Coq10b,,Fosb,Nsa2,,,Tpt1
,,Fam108b,,Khdrbs1,Rcc2,,,,,,Cox6c,,,Ppm1g,,,,,,Lipa,Sh3glb1,,Mall,,,,,,Dhrsx,,Pnp,Metrnl,,,Napsa,,,Cd99l2,,,Panx1,,,Rarres2,,,Creb5,,Fth1,Odc1,,,Uqcrh
,,Fam111a,,Kif22,Rel,,,,,,Cpm,,,Ppp1ca,,,,,,Lnx1,Slc10a6,,Meox2,,,,,,Diap1,,Polr1d,Mfsd1,,,Ncf2,,,Cdc26,,,Pcdh7,,,Rcn1,,,Csda,,Fundc2,Pa2g4,,,Use1
,,Fam113b,,Knstrn,Rgs2,,,,,,Cript,,,Prdx6,,,,,,Lphn2,Slc25a5,,Midn,,,,,,Diap2,,Polr2e,Mkrn1,,,Ninj1,,,Cdk16,,,Pdgfra,,,Rcn3,,,Csdc2,,Gbas,Pcbp4,,,Vcam1
,,Fam117b,,Kpna2,Rnf145,,,,,,Crkl,,,Prkca,,,,,,Lrch1,Slc38a2,,Mllt4,,,,,,Dip2b,,Ppia,Mpp1,,,Npc2,,,Cdr2,,,Pdlim2,,,Rnase4,,,Csde1,,Gcsh,Pde4b,,,Zbtb20
,,Fam174a,,Larp7,Rnf187,,,,,,Crlf2,,,Prrc2c,,,,,,Lyn,Slc3a2,,Mmrn2,,,,,,Dnajc13,,Ppib,Mpp6,,,Pepd,,,Cdr2l,,,Penk,,,S100a13,,,Csnk1a1,,Gid4,Pebp1,,,
,,Fam43a,,Lgals9,Rpl10,,,,,,Crnkl1,,,Psmb8,,,,,,Magi1,Slc43a3,,Mndal,,,,,,Dnajc8,,Prdx1,Mtss1,,,Pf4,,,Cep170,,,Pgcp,,,S100a6,,,Csnk1e,,Gm10039,Pfdn2,,,
,,Fam48a,,Lig1,Rpl12,,,,,,Csnk2b,,,Psmb9,,,,,,Map3k11,Sod1,,Msn,,,,,,Dnase1l1,,Prdx4,Ncf1,,,Pla2g7,,,Cercam,,,Phldb1,,,Scara5,,,Csnk1g3,,Gm10288,Pi4k2b,,,
,,Fam60a,,Lman2,Rpl13,,,,,,Ctcf,,,Psme1,,,,,,Map4k3,Spop,,Mustn1,,,,,,Dock10,,Prtn3,Ncf4,,,Pld4,,,Ces1d,,,Pkd2,,,Sdc2,,,Csrnp1,,Gm10736,Pim1,,,
,,Fam65b,,Lmnb1,Rpl13a,,,,,,Ctla2a,,,Psme2,,,,,,Mapk6,Srsf5,,Myadm,,,,,,Dock11,,Psma3,Nckap1l,,,Plek,,,Chd9,,,Pla1a,,,Sec31a,,,Ctbp2,,Gm11361,Pkm2,,,
,,Fam96a,,Lmo4,Rpl14,,,,,,Ctse,,,Ptpn22,,,,,,Mast4,Srsf7,,Myh9,,,,,,Dock2,,Psma4,Necap2,,,Plin2,,,Chmp5,,,Plat,,,Sema3c,,,Ctnnd1,,Gm11966,Pknox1,,,
,,Fcgr2b,,Lockd,Rpl15,,,,,,Cwc15,,,Rac2,,,,,,Mcam,Stat3,,Myl12b,,,,,,Dock8,,Psmb6,Nfkbib,,,Pltp,,,Chpf2,,,Plau,,,Serpinb6a,,,Ctps,,Gm12224,Pmepa1,,,
,,Fchsd2,,Lsm2,Rpl17,,,,,,Cxcr4,,,Ramp1,,,,,,Mcc,Stmn2,,Myo10,,,,,,Dok3,,Psmd8,Nfkbid,,,Pomp,,,Chst12,,,Pnp,,,Serpine2,,,Ctr9,,Gm12338,Pold4,,,
,,Fermt3,,Lsm6,Rpl23,,,,,,Cxcr6,,,Ramp3,,,,,,Mcf2l,Stx12,,Myo1c,,,,,,Dpp3,,Psmg4,Notch2,,,Prkcd,,,Chsy1,,,Ppap2b,,,Serpinf1,,,Cul1,,Gm14539,Polr1d,,,
,,Fis1,,Lsm8,Rpl24,,,,,,Cyba,,,Rapgef6,,,,,,Mef2a,Sugt1,,Nedd9,,,,,,Dpp7,,Rab1a,Orai1,,,Psap,,,Cisd1,,,Prg4,,,Serping1,,,Cul3,,Gm15427,Por,,,
,,Fli1,,Luc7l3,Rpl31,,,,,,Cyfip2,,,Rasgrp2,,,,,,Mfge8,Sumo1,,Nfe2l2,,,,,,Dpy30,,Racgap1,Ormdl2,,,Psma7,,,Ckb,,,Prrx1,,,Serpinh1,,,Cxcl1,,Gm2000,Ppan,,,
,,Fnbp1,,Mad2l1,Rpl34-ps1,,,,,,Cyld,,,Rassf5,,,,,,Mgat4a,Taf7,,Nos3,,,,,,Dscr3,,Rasgrp2,Ostf1,,,Psmb8,,,Clasp1,,,Prrx2,,,Sfrp4,,,Cyth2,,Gm2830,Ppp4r2,,,
,,Foxo1,,Magoh,Rpl35,,,,,,Cyth1,,,Rgs10,,,,,,Mir24-2,Tax1bp3,,Notch1,,,,,,Dse,,Rbm7,P2rx4,,,Ptpn1,,,Clcn7,,,Ptges,,,Sgce,,,D0H4S114,,Gm5514,Prkab2,,,
,,Fth1,,Mapk1,Rpl35a,,,,,,Cyth4,,,Rgs2,,,,,,Mkl2,Tceb1,,Npr1,,,,,,Dtnbp1,,Rbm8a,P2ry6,,,Ptpn18,,,Clip3,,,Ptgfrn,,,Ski,,,Daam1,,Gm5805,Prpf38a,,,
,,Gigyf1,,Mapre1,Rpl36,,,,,,D16Ertd472e,,,Rnaset2b,,,,,,Mpzl1,Tgfb1,,Nras,,,,,,Dtx2,,Rbms1,Pcyt1a,,,Ptpn6,,,Cln5,,,Ptgs2,,,Smoc2,,,Dars,,Gm7730,Psmd11,,,
,,Gimap8,,Mcm3,Rpl36al,,,,,,D17H6S53E,,,Rnf138,,,,,,Mtss1,Tmco1,,Nus1,,,,,,Dusp3,,Rer1,Pdcd2l,,,Rassf4,,,Clptm1l,,,Ptp4a1,,,Sod3,,,Dctn4,,Gm9794,Ptov1,,,
,,Glcci1,,Mcm5,Rpl37,,,,,,Dazap2,,,Rpl10,,,,,,Mylip,Tmed5,,Osmr,,,,,,E330016A19Rik,,Rhoa,Pfn1,,,Retnla,,,Clstn1,,,Ptx3,,,Srpx2,,,Dcun1d1,,Gm9843,Ptpla,,,
,,Gltp,,Mcm6,Rpl37a,,,,,,Dcaf7,,,Rpl11,,,,,,Mylk,Tmem33,,Ostf1,,,,,,Ebi3,,Rhob,Pgd,,,Rgs10,,,Cnih,,,Rbp1,,,Sult5a1,,,Ddr1,,Gmpr,Ptpn2,,,
,,Gm12657,,Mcm7,Rpl38,,,,,,Dedd2,,,Rpl12,,,,,,Myo18a,Tmem59,,Parp14,,,,,,Edem1,,Rnase2a,Pgls,,,Rgs2,,,Cnpy3,,,Rhoq,,,Tceal8,,,Ddx1,,Got2,Rab18,,,
,,Gm15987,,Minos1,Rpl6,,,,,,Dennd4a,,,Rpl13a,,,,,,Myo1b,Tprgl,,Pcna,,,,,,Ednrb,,Rnase4,Pi4k2a,,,Rnf130,,,Cnpy4,,,Rrbp1,,,Tgfbi,,,Ddx17,,Gpd1,Rab6a,,,
,,Gm2a,,Morf4l2,Rpl8,,,,,,Dgat1,,,Rpl14,,,,,,Myo6,Tpst2,,Pde12,,,,,,Egln2,,Rnf115,Picalm,,,Rnh1,,,Cnrip1,,,Rsrc1,,,Tgfbr2,,,Ddx39b,,Gsn,Ran,,,
,,Gm3258,,Mrpl13,Rpl9,,,,,,Dgkz,,,Rpl15,,,,,,Myzap,Tra2b,,Pde2a,,,,,,Ehd4,,Rpl10,Pid1,,,Rps29,,,Cntfr,,,S100a11,,,Thy1,,,Ddx3y,,Gstm1,Rapsn,,,
,,Gm5148,,Mrpl18,Rplp1,,,,,,Dnaja1,,,Rpl17,,,,,,N4bp1,Trim47,,Picalm,,,,,,Eif1b,,Rpl10-ps3,Pik3r5,,,S100a10,,,Col16a1,,,Sash1,,,Timp2,,,Ddx50,,Gstm5,Rbm7,,,
,,Gm5506,,Mrps33,Rps12,,,,,,Dnajc8,,,Rpl19,,,,,,Nbeal1,Trip10,,Plaur,,,,,,Elmo1,,Rpl17,Pip4k2a,,,S100a4,,,Col18a1,,,Sat1,,,Tmed3,,,Dek,,Gyg,Rbms1,,,
,,Gnai2,,Mta2,Rps14,,,,,,Dock10,,,Rpl22l1,,,,,,Ncoa3,Tspo,,Plec,,,,,,Elovl1,,Rpl18a,Pitpna,,,Samhd1,,,Col4a3,,,Scara3,,,Tmem100,,,Deptor,,H19,Rcl1,,,
,,Gnb2,,Mtpn,Rps15,,,,,,Dock2,,,Rpl23,,,,,,Ndufs1,Tubb5,,Plekho2,,,,,,Esd,,Rpl19,Plbd1,,,Sdc3,,,Col4a4,,,Scarf2,,,Tnxb,,,Dhx15,,Hacd1,Rela,,,
,,Gng2,,Myl4,Rps18,,,,,,Dock8,,,Rpl24,,,,,,Nes,Ubb,,Plk2,,,,,,Etv6,,Rpl22,Plekhb2,,,Sec11c,,,Col4a5,,,Scn7a,,,Tppp3,,,Dhx40,,Hcfc1r1,Relb,,,
,,Gns,,Mzb1,Rps2,,,,,,Dok2,,,Rpl27,,,,,,Nfe2l1,Ubc,,Plk3,,,,,,Evi2b,,Rpl27a,Plekho1,,,Sec61b,,,Col6a6,,,Selenbp1,,,Tspan3,,,Dip2c,,Hes1,Rhoh,,,
,,Got1,,Naa38,Rps21,,,,,,Dpy30,,,Rpl27a,,,,,,Nod2,Ube2d3,,Plxna2,,,,,,Ezr,,Rpl29,Plekho2,,,Selplg,,,Col8a1,,,Selm,,,Tuba1a,,,Dld,,Hfe2,Rhoj,,,
,,Gpr18,,Nasp,Rps25,,,,,,Dusp5,,,Rpl28,,,,,,Notch4,Ube2n,,Pnpla2,,,,,,Fam100b,,Rpl32,Ppt1,,,Sh3bgrl,,,Commd1,,,Sep15,,,Uap1,,,Dmd,,Higd1a,Rian,,,
,,Gpr183,,Ncapd2,Rps27a,,,,,,Dut,,,Rpl29,,,,,,Nr4a2,Uqcrb,,Ppap2a,,,,,,Fam105b,,Rpl35a,Prcp,,,Sh3bgrl3,,,Commd6,,,Sepp1,,,Ugdh,,,Dmpk,,Higd2a,Rnd3,,,
,,Gpx1,,Ncaph,Rps3a,,,,,,Ecd,,,Rpl3,,,,,,Nrp2,Wsb1,,Ppap2b,,,,,,Fam173a,,Rpl39,Prdx5,,,Sirpa,,,Copg,,,Sept2,,,Ugp2,,,Dmtf1,,Hikeshi,Rpl36al,,,
,,Gtpbp1,,Ndufa11,Rps4x,,,,,,Eif2b4,,,Rpl31,,,,,,Nuak2,Ywhab,,Ppp1r18,,,,,,Fam50a,,Rplp2,Prkcb,,,Skap2,,,Coro2b,,,Sepw1,,,Vat1,,,Dnaja2,,Hint3,Rpl7a,,,
,,H2-D1,,Ndufa4,Samhd1,,,,,,Eif2c2,,,Rpl32,,,,,,Nufip2,Ywhae,,Ppp2r5a,,,,,,Fam63a,,Rps10-ps2,Ptp4a2,,,Slfn2,,,Cpd,,,Serf1,,,Vcan,,,Dnajb2,,Homer2,Rpl7l1,,,
,,H2-DMb2,,Ndufa9,Satb1,,,,,,Eif4a2,,,Rpl34-ps1,,,,,,Nup210l,Zc3h12a,,Prkch,,,,,,Fam96b,,Rps13,Ptprc,,,Snx2,,,Cpne2,,,Serpine1,,,Vim,,,Dnajb6,,Hoxc10,Rps3a,,,
,,H2-Eb2,,Ndufs2,Scaf11,,,,,,Eif4ebp2,,,Rpl35,,,,,,Nxn,Zfand5,,Prkd2,,,,,,Fem1c,,Rps13-ps2,Ptprj,,,Snx5,,,Cpne8,,,Sh3pxd2b,,,Zfp385a,,,Dnajc10,,Hsdl2,Rrp15,,,
,,H2-M3,,Ndufs8,Scd1,,,,,,Elf1,,,Rpl35a,,,,,,Papola,,,Prr13,,,,,,Fgd2,,Rps16,Rab31,,,Spg21,,,Creb3l2,,,Slc1a5,,,,,,Dnajc21,,Hsp25-ps1,Rrp9,,,
,,H2-Q6,,Nedd8,Sell,,,,,,Elmo1,,,Rpl36a,,,,,,Parp9,,,Psmb8,,,,,,Fgr,,Rps19,Rab3il1,,,Stx7,,,Creg1,,,Slc29a1,,,,,,Dnajc3,,Hsp90aa1,Rrs1,,,
,,H2-T23,,Nfyb,Sept1,,,,,,Eml5,,,Rpl37,,,,,,Parvb,,,Ptma,,,,,,Fkbp15,,Rps23,Rab8b,,,Sub1,,,Creld1,,,Slit3,,,,,,Dot1l,,Hspa1a,Rsl1d1,,,
,,H2-T24,,Nmral1,Set,,,,,,Eno1,,,Rpl37a,,,,,,Pcdh1,,,Pycard,,,,,,Flii,,Rps26,Rac2,,,Syngr2,,,Crot,,,Snx18,,,,,,Drap1,,Hspb1,Runx1,,,
,,Haao,,Nono,Sfn,,,,,,Epb4.1,,,Rpl38,,,,,,Pcdh17,,,Qk,,,,,,Fnbp1,,Rps28,Rap2b,,,Synj1,,,Cry2,,,Socs1,,,,,,Dtx4,,Hspb2,Samd4,,,
,,Heg1,,Nop58,Sfpi1,,,,,,Esyt1,,,Rpl39,,,,,,Pcp4l1,,,Rab5c,,,,,,Fnip2,,Rps3a1,Rara,,,Tagln2,,,Cryzl1,,,Spon2,,,,,,Dusp8,,Hspb3,Sbno2,,,
,,Hhex,,Nt5c2,Sh3bgrl3,,,,,,Evi2b,,,Rpl5,,,,,,Pdlim5,,,Rac1,,,,,,Frmd4b,,Rps5,Rbm47,,,Tbxas1,,,Csgalnact2,,,Srpx,,,,,,Dyrk1a,,Hspb6,Sc4mol,,,
,,Hist1h1c,,Nucb1,Shisa5,,,,,,Exosc8,,,Rpl6,,,,,,Pfkfb3,,,Ralb,,,,,,Frmd8,,Rps7,Rbpj,,,Tep1,,,Cst3,,,Steap3,,,,,,Ebna1bp2,,Hspb7,Serbp1,,,
,,Hnrnpf,,Nudc,Slfn2,,,,,,Faah,,,Rpl7a,,,,,,Pgm1,,,Rapgef3,,,,,,Fxc1,,Rpsa,Rgl1,,,Tgfbi,,,Ctgf,,,Steap4,,,,,,Edf1,,Hspb8,Set,,,
,,Hs3st1,,Nusap1,Smap2,,,,,,Faim,,,Rpl9,,,,,,Pik3c2b,,,Rasip1,,,,,,G6pdx,,Rtn4,Rgs1,,,Tmem176a,,,Ctsd,,,Stx4a,,,,,,Edn3,,Htra3,Sfpq,,,
,,Hspa14,,Otub2,Smchd1,,,,,,Fam100b,,,Rplp0,,,,,,Pitpnm2,,,Rassf1,,,,,,Gas2l3,,Scarb1,Rhog,,,Tmem176b,,,Ctsf,,,Sulf2,,,,,,Egfr,,Idh3b,Sfr1,,,
,,Hspa1a,,Pa2g4,Snx5,,,,,,Fam101b,,,Rplp2,,,,,,Pkp4,,,Rbpms,,,,,,Gba,,Sdf2,Rilpl2,,,Tmsb4x,,,Ctsh,,,Svep1,,,,,,Egr2,,Ier2,Sgms2,,,
,,Hspe1,,Pbdc1,Sp110,,,,,,Fam102a,,,Rps10,,,,,,Plcb4,,,Reep3,,,,,,Gch1,,Sec13,Rnf149,,,Tnfaip8l2,,,Ctso,,,Tcf7l2,,,,,,Eif1ad,,Ier3,Siah2,,,
,,Icosl,,Pbk,Sp140,,,,,,Fam103a1,,,Rps12,,,,,,Plekhg1,,,Rell1,,,,,,Gcsh,,Selenoh,Rragc,,,Tpd52,,,Cxcl10,,,Tgfb2,,,,,,Eif2c2,,Ifi27,Sirt2,,,
,,Ier2,,Pclaf,Srgn,,,,,,Fam105a,,,Rps14,,,,,,Plekhg2,,,Rftn1,,,,,,Ggh,,Selenop,Runx3,,,Tpp1,,,Cxx1c,,,Tgfbr3,,,,,,Eif3b,,Isca1,Slc31a1,,,
,,Ifnar1,,Pcna,Ssh2,,,,,,Fam105b,,,Rps15,,,,,,Plxnd1,,,Rnd1,,,,,,Gla,,Sell,Samsn1,,,Trf,,,Cyb561,,,Thbs1,,,,,,Eif3d,,Itgb1bp2,Slc39a14,,,
,,Ifngr2,,Pdlim1,Stk17b,,,,,,Fam108b,,,Rps15a,,,,,,Pnp,,,Rnf125,,,,,,Glb1,,Sem1,Sap30,,,Tyrobp,,,Cyp20a1,,,Thbs3,,,,,,Eif3g,,Jph2,Slc41a1,,,
,,Ikbkb,,Pebp1,Stk24,,,,,,Fam113b,,,Rps15a-ps6,,,,,,Pola2,,,Rsad2,,,,,,Glod4,,Sept9,Scand1,,,Ucp2,,,Cyp27a1,,,Tiparp,,,,,,Eif3i,,Jun,Slc43a3,,,
,,Ikzf3,,Pecam1,Sub1,,,,,,Fam134b,,,Rps16,,,,,,Polr2b,,,Rtp4,,,,,,Gm2382,,Serp1,Scp2,,,Unc93b1,,,Cyr61,,,Tm2d2,,,,,,Eif3l,,Junb,Snhg1,,,
,,Il10ra,,Pfdn6,Supt4h1,,,,,,Fam32a,,,Rps17,,,,,,Ppm1h,,,S100a13,,,,,,Gm3258,,Serpinb6a,Scpep1,,,Vim,,,D14Ertd668e,,,Tmeff2,,,,,,Eif3m,,Jund,Snhg12,,,
,,Il16,,Plk1,Syngr2,,,,,,Fam46c,,,Rps18,,,,,,Ppp1r13b,,,Sat1,,,,,,Gm5506,,Sf3b6,Sdcbp,,,,,,Dab2,,,Tmem107,,,,,,Eif4a3,,Klhl40,Snhg4,,,
,,Ilf3,,Polr2c,Tfam,,,,,,Fam65b,,,Rps19,,,,,,Ppp1r16b,,,Sec14l1,,,,,,Gm885,,Shisa5,Sdf2l1,,,,,,Dact1,,,Tmem159,,,,,,Eif4e,,Klhl41,Snhg6,,,
,,Ip6k1,,Polr2m,Tgfb1,,,,,,Fam78a,,,Rps2,,,,,,Ppp1r9b,,,Sema4c,,,,,,Gnai2,,Slc15a4,Sema4a,,,,,,Daglb,,,Tmem45a,,,,,,Eif4e3,,Laptm4a,Snrpd1,,,
,,Iqsec1,,Ppib,Tmsb4x,,,,,,Fam96a,,,Rps20,,,,,,Prex2,,,Sema6a,,,,,,Gnb2,,Slc25a3,Sepp1,,,,,,Dbi,,,Tmod2,,,,,,Eif4ebp1,,Larp1b,Snrpf,,,
,,Irak2,,Prc1,Tnfrsf13c,,,,,,Fcho1,,,Rps21,,,,,,Prkab1,,,Sema7a,,,,,,Gnpda1,,Slc25a5,Serf2,,,,,,Dcaf6,,,Tnfaip2,,,,,,Eif4g1,,Ldb3,Sowahc,,,
,,Irf5,,Prdx4,Tob2,,,,,,Fermt3,,,Rps24,,,,,,Prkcc,,,Serinc3,,,,,,Gpi1,,Slc40a1,Sfpi1,,,,,,Dcakd,,,Tnfaip6,,,,,,Eif4g2,,Ldha,Sox4,,,
,,Itga4,,Prep,Tpd52,,,,,,Fkbp4,,,Rps25,,,,,,Psap,,,Sertad1,,,,,,Gpr137b-ps,,Slirp,Sgpl1,,,,,,Dcun1d3,,,Tnfsf12,,,,,,Eif4h,,Ldhb,Spats2l,,,
,,Itgb2,,Prim1,Tpr,,,,,,Fli1,,,Rps26,,,,,,Psmb9,,,Sgk1,,,,,,Gpr146,,Smagp,Shfm1,,,,,,Ddhd2,,,Tnfsf9,,,,,,Eif5a,,Lmcd1,Spry2,,,
,,Itgb7,,Prpf19,Traf4,,,,,,Fnbp1,,,Rps27a,,,,,,Ptgs1,,,Sgms1,,,,,,Gpr183,,Smdt1,Slamf9,,,,,,Decr1,,,Tpst1,,,,,,Eif6,,Lmod2,Spsb1,,,
,,Itpr3,,Prps1,Trim25,,,,,,Folr4,,,Rps28,,,,,,Ptk2,,,Sh3bp5,,,,,,Gpr34,,Snrpb,Slc11a1,,,,,,Dennd2a,,,Twsg1,,,,,,Elavl1,,Lpl,Srm,,,
,,Itprip,,Psat1,Tsc22d3,,,,,,Foxo1,,,Rps29,,,,,,Ptpre,,,Slc28a2,,,,,,Gpr35,,Snrpb2,Slc15a3,,,,,,Derl1,,,Txn1,,,,,,Ell,,Lrrc14b,Srrm2,,,
,,Itsn2,,Psma5,Tsc22d4,,,,,,Foxp1,,,Rps3,,,,,,Ptprg,,,Slc50a1,,,,,,Gps2,,Snx1,Snap23,,,,,,Derl2,,,Txndc5,,,,,,Emp2,,Lrrc30,Srsf3,,,
,,Jarid2,,Psma6,Tspan32,,,,,,Fryl,,,Rps3a,,,,,,Ptprk,,,Slc6a6,,,,,,Gsr,,Snx10,Snx20,,,,,,Dhrs1,,,Vasn,,,,,,Ensa,,Malat1,Srsf5,,,
,,Kctd12,,Psmb10,Tuba4a,,,,,,Fyco1,,,Rps4x,,,,,,Ptprm,,,Slfn5,,,,,,H2-M3,,Socs3,Snx3,,,,,,Dhrs7,,,Vkorc1,,,,,,Eny2,,Map2k2,Srsf6,,,
,,Klf13,,Psmb3,Unc93b1,,,,,,G3bp2,,,Rps5,,,,,,Qsox1,,,Smagp,,,,,,H2-Q8,,Spi1,Snx8,,,,,,Diap1,,,Zbtb16,,,,,,Erbb2ip,,Mat2b,Srxn1,,,
,,Klhl24,,Psmb6,Vasp,,,,,,Gadd45gip1,,,Rps7,,,,,,Rapgef1,,,Smpdl3a,,,,,,H2-T23,,Spic,Srgn,,,,,,Dlc1,,,Zfhx4,,,,,,Erh,,Mb,St3gal5,,,
,,Krt14,,Psmc4,Vps37b,,,,,,Galnt10,,,Rps8,,,,,,Rapgef2,,,Snrk,,,,,,H3f3a,,Ssr4,Ssfa2,,,,,,Dnajc1,,,,,,,,,Esr1,,Mcee,Stk16,,,
,,Krt15,,Psmd7,Wbp2,,,,,,Galnt6,,,Rps9,,,,,,Rapgef4,,,Socs2,,,,,,Havcr2,,Stxbp3,St6galnac4,,,,,,Dnm3os,,,,,,,,,Etfa,,Mdh1,Stk40,,,
,,Krt5,,Ptbp1,,,,,,,Gapdh,,,Rpsa,,,,,,Rasa2,,,Socs3,,,,,,Hbxip,,Sult1a1,Stab1,,,,,,Dock11,,,,,,,,,Ewsr1,,Mef2c,Strap,,,
,,Lat2,,Ptges3,,,,,,,Gata3,,,Rsbn1l,,,,,,Rasal2,,,Sox17,,,,,,Hck,,Tbcb,Stk17b,,,,,,Dock7,,,,,,,,,Fam115a,,Mettl21c,Stx11,,,
,,Lats2,,Ptgr1,,,,,,,Gcfc1,,,Runx3,,,,,,Rasgrf2,,,Sox7,,,,,,Hcst,,Tex261,Syk,,,,,,Dpagt1,,,,,,,,,Fam124a,,Mettl22,Sytl2,,,
,,Lpxn,,Pycard,,,,,,,Gimap7,,,Samhd1,,,,,,Rasgrp3,,,Spag9,,,,,,Higd1a,,Tgfbr2,Taldo1,,,,,,Dpp3,,,,,,,,,Fam133b,,Mettl23,Tcp1,,,
,,Lrch1,,Rab11b,,,,,,,Gimap8,,,Samsn1,,,,,,Rhbdf2,,,Spna2,,,,,,Hist1h1c,,Tifab,Taok3,,,,,,Dpp7,,,,,,,,,Fam178a,,Micu1,Tgif1,,,
,,Lrp10,,Rab14,,,,,,,Gla,,,Satb1,,,,,,Rin3,,,Spnb2,,,,,,Hist3h2a,,Timp2,Tgfb1,,,,,,Dpp9,,,,,,,,,Fam49a,,Minos1,Timm10,,,
,,Lrrc33,,Racgap1,,,,,,,Gm11974,,,Scp2,,,,,,Ripk3,,,Srgn,,,,,,Hk3,,Tm9sf3,Tkt,,,,,,Dpy19l1,,,,,,,,,Fbxw11,,Mkks,Timm8a1,,,
,,Lrrc61,,Rad21,,,,,,,Gm3258,,,Sec11c,,,,,,Rnf13,,,Srsf2,,,,,,Hmga1,,Tmco1,Tle3,,,,,,Dram1,,,,,,,,,Fcf1,,Mlf1,Timm9,,,
,,Lrrk2,,Raly,,,,,,,Gm5148,,,Sept6,,,,,,Rwdd1,,,Swap70,,,,,,Hmgcl,,Tmed10,Tln1,,,,,,Dse,,,,,,,,,Fkbp7,,Mlf2,Tln2,,,
,,Macf1,,Ran,,,,,,,Gm5506,,,Sh2d1a,,,,,,Samd9l,,,Tap2,,,,,,Hmha1,,Tmem109,Tlr2,,,,,,Dsel,,,,,,,,,Flot1,,Mllt3,Tmbim1,,,
,,Malt1,,Ranbp1,,,,,,,Gna15,,,Sh3bgrl3,,,,,,Scarf1,,,Tapbp,,,,,,Hpgds,,Tmem167,Tm6sf1,,,,,,Dstn,,,,,,,,,Fndc4,,Mlycd,Tmem65,,,
,,Man1a,,Rbbp4,,,,,,,Gnal,,,Sh3kbp1,,,,,,Sema3f,,,Tcn2,,,,,,Hsd17b11,,Tmem258,Tmem106a,,,,,,Dtx3,,,,,,,,,Fry,,Mpc1,Tnfrsf12a,,,
,,Man2b1,,Rbm8a,,,,,,,Got1,,,Skap1,,,,,,Shank3,,,Tgm2,,,,,,Hsd17b12,,Tmem261,Tnf,,,,,,Dusp1,,,,,,,,,Ftsj3,,Mpc2,Tnip1,,,
,,Map3k1,,Rexo2,,,,,,,Gpbp1l1,,,Smap2,,,,,,She,,,Tgoln1,,,,,,Ifi203,,Tmsb10,Tnfaip8,,,,,,Dynlt1b,,,,,,,,,Fubp1,,Mrln,Tomm20,,,
,,Map4k1,,Rfc2,,,,,,,Gpcpd1,,,Smc4,,,,,,Sik1,,,Thbd,,,,,,Ifitm1,,Tor1aip1,Tnfrsf1b,,,,,,Dynlt1f,,,,,,,,,G3bp1,,Mrpl14,Top1,,,
,,March1,,Rfc3,,,,,,,Gpr171,,,Smchd1,,,,,,Skap2,,,Tifa,,,,,,Ik,,Tpm4,Tnip3,,,,,,E030003E18Rik,,,,,,,,,Gabpb1,,Mrpl15,Trib1,,,
,,Mbd2,,Rfc5,,,,,,,Gpr18,,,Snrpe,,,,,,Slc1a1,,,Timeless,,,,,,Ikbkb,,Tppp3,Traf1,,,,,,Ebf1,,,,,,,,,Gadd45a,,Mrpl18,Ttc3,,,
,,Mbnl1,,Rnf10,,,,,,,Gps2,,,Snrpg,,,,,,Smap1,,,Timp3,,,,,,Il10ra,,Trappc1,Trim25,,,,,,Ebf3,,,,,,,,,Gal,,Mrpl30,Twistnb,,,
,,Mbp,,Rnf7,,,,,,,Gpx1,,,Spint2,,,,,,Smtn,,,Tmcc3,,,,,,Il13ra1,,Tubb6,Ubl5,,,,,,Ebpl,,,,,,,,,Gclm,,Mrpl42,Txnrd1,,,
,,Mcmbp,,Rpa2,,,,,,,Gramd4,,,Srgn,,,,,,Socs5,,,Tmem173,,,,,,Il1rn,,Txnip,Uvrag,,,,,,Ecm2,,,,,,,,,Gem,,Mrpl51,U2af1,,,
,,Me2,,Rpa3,,,,,,,Grap,,,Srpk1,,,,,,Sorbs1,,,Tmem184b,,,,,,Il2rg,,Vcam1,Vamp8,,,,,,Edem2,,,,,,,,,Glis3,,Mrpl55,Uba52,,,
,,Mfap1b,,Rpl26,,,,,,,Grb2,,,Srpk2,,,,,,Sorbs3,,,Tmod3,,,,,,Irak4,,Wfdc17,Wdr26,,,,,,Efr3a,,,,,,,,,Glyr1,,Mrpl58,Ube2d3,,,
,,Mgat1,,Rpl30,,,,,,,H2-Q6,,,Stk17b,,,,,,Sox18,,,Tns1,,,,,,Irf4,,Wsb1,Xist,,,,,,Ehbp1l1,,,,,,,,,Gm11974,,Mrps21,Ube2f,,,
,,Mir142,,Rps13-ps2,,,,,,,H2-T23,,,Stk24,,,,,,Sp100,,,Tob1,,,,,,Iscu,,Xbp1,Zbtb7a,,,,,,Ei24,,,,,,,,,Gm5148,,Mrps23,Ube2s,,,
,,Mir682,,Rps15a-ps7,,,,,,,H2afx,,,Stk4,,,,,,Spata13,,,Tpm3,,,,,,Itga4,,Yipf1,,,,,,,Eid1,,,,,,,,,Gm6251,,Mrps24,Ubn1,,,
,,Mll2,,Rps16-ps2,,,,,,,H2afy,,,Sub1,,,,,,Spen,,,Trex1,,,,,,Jdp2,,Ywhab,,,,,,,Elmo2,,,,,,,,,Gm6402,,Mrps36,Ubxn4,,,
,,Mndal,,Rps3a1,,,,,,,H2afz,,,Supt4h1,,,,,,Sphk1,,,Triobp,,,,,,Klhl6,,Ywhaq,,,,,,,Emilin1,,,,,,,,,Gm6682,,Mrps9,Uck2,,,
,,Mri1,,Rrm1,,,,,,,Hist1h1c,,,Taf10,,,,,,Spry4,,,Tspan12,,,,,,Kpna3,,Zfand5,,,,,,,Epb4.1l1,,,,,,,,,Gnl1,,Mtch2,Vapa,,,
,,Mrpl15,,Rrm2,,,,,,,Hist1h1e,,,Tbc1d10c,,,,,,Sptlc2,,,Tspan6,,,,,,Kras,,Zyx,,,,,,,Epb4.1l3,,,,,,,,,Gnl2,,Mtfr1l,Vmp1,,,
,,Mrpl34,,Rrp1,,,,,,,Hist1h4d,,,Tcf7,,,,,,Srgap2,,,Tuba1b,,,,,,Lactb,,,,,,,,,Epdr1,,,,,,,,,Gnl3l,,Mustn1,Wdr43,,,
,,Mrpl36,,Rsph1,,,,,,,Hltf,,,Tmem64,,,,,,Ssh1,,,Tubb4b,,,,,,Lamtor3,,,,,,,,,Eps15,,,,,,,,,Golph3,,Mybpc1,Xbp1,,,
,,Mrpl40,,Rsph9,,,,,,,Hn1,,,Tmem66,,,,,,St3gal6,,,Uaca,,,,,,Lasp1,,,,,,,,,Eps8,,,,,,,,,Golt1b,,Mybpc2,Ythdc1,,,
,,Mrps18b,,Sae1,,,,,,,Hopx,,,Tnfaip8,,,,,,Stab1,,,Unc45b,,,,,,Lemd2,,,,,,,,,Eri3,,,,,,,,,Gpbp1,,Myh4,Ywhae,,,
,,Msn,,Scpep1,,,,,,,Hspa1b,,,Tnfrsf18,,,,,,Stat2,,,Utrn,,,,,,Lgals8,,,,,,,,,Erlec1,,,,,,,,,Gpbp1l1,,Myh7,Zfand5,,,
,,Mta3,,Sdhaf2,,,,,,,Ifi47,,,Tox,,,,,,Stim2,,,Vasp,,,,,,Lilra6,,,,,,,,,Erp44,,,,,,,,,Gpc1,,Myl1,Zfp593,,,
,,Mtss1,,Sdhb,,,,,,,Ifngr2,,,Tpt1,,,,,,Syne2,,,Vwa1,,,,,,Lpcat2,,,,,,,,,Esyt2,,,,,,,,,Gprc5a,,Myl2,Zfp655,,,
,,Myl12b,,Selenoh,,,,,,,Ift80,,,Traf4,,,,,,Synpo,,,Wasf2,,,,,,Lrmp,,,,,,,,,Ext1,,,,,,,,,Grb10,,Myl3,Zyx,,,
,,N4bp2l1,,Sept7,,,,,,,Ikzf2,,,Tsc22d4,,,,,,Tanc1,,,Wwtr1,,,,,,Lsm10,,,,,,,,,Ext2,,,,,,,,,Grwd1,,Mylpf,,,,
,,Ncf1,,Sf3b1,,,,,,,Ikzf3,,,Tubb5,,,,,,Tecpr1,,,Xaf1,,,,,,Lsr,,,,,,,,,Eya2,,,,,,,,,Gspt1,,Myot,,,,
,,Ncf2,,Sf3b6,,,,,,,Il16,,,Txk,,,,,,Tenc1,,,Ywhah,,,,,,Ltb4r1,,,,,,,,,Fads1,,,,,,,,,Gsto1,,Myoz1,,,,
,,Ncf4,,Sfxn1,,,,,,,Il18r1,,,Ucp2,,,,,,Tgtp1,,,Zfp36,,,,,,Lypla2,,,,,,,,,Fads2,,,,,,,,,Gt(ROSA)26Sor,,Myoz2,,,,
,,Nckap1l,,Slamf7,,,,,,,Il27ra,,,Uqcrh,,,,,,Tgtp2,,,Znrf1,,,,,,Maea,,,,,,,,,Fam111a,,,,,,,,,Gxylt2,,Nampt,,,,
,,Ncoa3,,Slc1a5,,,,,,,Il4ra,,,Usmg5,,,,,,Tjp1,,,,,,,,,Map2k2,,,,,,,,,Fam125a,,,,,,,,,H13,,Ndufa1,,,,
,,Ndufa3,,Slc25a5,,,,,,,Il6ra,,,Vasp,,,,,,Tle4,,,,,,,,,Mapk14,,,,,,,,,Fam126a,,,,,,,,,H2afv,,Ndufa10,,,,
,,Ndufa5,,Slpi,,,,,,,Impa1,,,Vps37b,,,,,,Tmem2,,,,,,,,,Mboat7,,,,,,,,,Fam129a,,,,,,,,,H3f3b,,Ndufa11,,,,
,,Ndufb7,,Smarca4,,,,,,,Ino80b,,,Wdr89,,,,,,Tnfaip8l1,,,,,,,,,Mctp1,,,,,,,,,Fam172a,,,,,,,,,Hars,,Ndufa13,,,,
,,Necap2,,Smarcb1,,,,,,,Inpp4b,,,Whsc1l1,,,,,,Tnfrsf10b,,,,,,,,,Me2,,,,,,,,,Fam176b,,,,,,,,,Hax1,,Ndufa2,,,,
,,Neil1,,Smc4,,,,,,,Inpp5d,,,Zfp36l2,,,,,,Trim25,,,,,,,,,Med11,,,,,,,,,Fam18b,,,,,,,,,Hbs1l,,Ndufa3,,,,
,,Neu1,,Snhg5,,,,,,,Ip6k1,,,,,,,,,Trim30a,,,,,,,,,Med28,,,,,,,,,Fam198b,,,,,,,,,Hdac4,,Ndufa4,,,,
,,Nfatc3,,Snrnp40,,,,,,,Ipcef1,,,,,,,,,Trim37,,,,,,,,,Med29,,,,,,,,,Fam20c,,,,,,,,,Herpud1,,Ndufa5,,,,
,,Nr4a1,,Snrnp70,,,,,,,Isyna1,,,,,,,,,Tspan15,,,,,,,,,Mfap3,,,,,,,,,Fam3c,,,,,,,,,Hiat1,,Ndufa7,,,,
,,Nrf1,,Snrpa1,,,,,,,Itga4,,,,,,,,,Tspan2,,,,,,,,,Mfsd10,,,,,,,,,Fam54b,,,,,,,,,Hilpda,,Ndufa8,,,,
,,Nrm,,Snrpb,,,,,,,Itgal,,,,,,,,,Tspan9,,,,,,,,,Mfsd11,,,,,,,,,Fam63b,,,,,,,,,Hipk3,,Ndufa9,,,,
,,Nrp,,Snrpd1,,,,,,,Itpk1,,,,,,,,,Ttyh2,,,,,,,,,Mfsd5,,,,,,,,,Fam89b,,,,,,,,,Hist1h4d,,Ndufaf4,,,,
,,Nsf,,Snu13,,,,,,,Itpkb,,,,,,,,,Ube2v2,,,,,,,,,Mif4gd,,,,,,,,,Fam92a,,,,,,,,,Hmgb1,,Ndufaf5,,,,
,,Nt5c,,Spc24,,,,,,,Itsn2,,,,,,,,,Vcl,,,,,,,,,Mir692-1,,,,,,,,,Fasn,,,,,,,,,Hmgn2,,Ndufb10,,,,
,,Nuak2,,Spc25,,,,,,,Jarid2,,,,,,,,,Vwf,,,,,,,,,Mitf,,,,,,,,,Fat1,,,,,,,,,Hnrnpa2b1,,Ndufb11,,,,
,,Nub1,,Srp14,,,,,,,Jhdm1d,,,,,,,,,Wars,,,,,,,,,Mknk1,,,,,,,,,Fbln7,,,,,,,,,Hnrnpa3,,Ndufb3,,,,
,,Nubp1,,Srsf10,,,,,,,Jmy,,,,,,,,,Wipf1,,,,,,,,,Mmp19,,,,,,,,,Fbxo18,,,,,,,,,Hnrnpc,,Ndufb4,,,,
,,Nxt1,,Srsf3,,,,,,,Jtb,,,,,,,,,Wnk1,,,,,,,,,Morc3,,,,,,,,,Fbxo34,,,,,,,,,Hnrnpd,,Ndufb5,,,,
,,Orai1,,Srsf6,,,,,,,Kdm6a,,,,,,,,,Wwc2,,,,,,,,,Mrps15,,,,,,,,,Fbxo6,,,,,,,,,Hnrnpf,,Ndufb6,,,,
,,Ostf1,,Srsf7,,,,,,,Klf13,,,,,,,,,Xiap,,,,,,,,,Mrps21,,,,,,,,,Fbxw8,,,,,,,,,Hnrnph1,,Ndufb7,,,,
,,Pag1,,Ssb,,,,,,,Klf2,,,,,,,,,Yes1,,,,,,,,,Msl1,,,,,,,,,Fdx1,,,,,,,,,Hnrnph2,,Ndufb8,,,,
,,Pan3,,Ssna1,,,,,,,Klhl6,,,,,,,,,Ykt6,,,,,,,,,Msr1,,,,,,,,,Fech,,,,,,,,,Hnrnpk,,Ndufc1,,,,
,,Parp1,,Ssr4,,,,,,,Larp1b,,,,,,,,,Ypel2,,,,,,,,,Msra,,,,,,,,,Fert2,,,,,,,,,Hnrnpm,,Ndufs3,,,,
,,Parp2,,Ssrp1,,,,,,,Lars2,,,,,,,,,Zbed6,,,,,,,,,Mthfs,,,,,,,,,Fez1,,,,,,,,,Hnrnpr,,Ndufs4,,,,
,,Pcbp1,,St13,,,,,,,Lcp2,,,,,,,,,Zfand2a,,,,,,,,,Mtmr10,,,,,,,,,Fgf18,,,,,,,,,Hprt,,Ndufs5,,,,
,,Pcif1,,Stmn1,,,,,,,Ldb1,,,,,,,,,Zmiz1,,,,,,,,,Mtmr12,,,,,,,,,Fkbp14,,,,,,,,,Hs6st2,,Ndufs6,,,,
,,Pcmtd1,,Sumo1,,,,,,,Ldha,,,,,,,,,Znfx1,,,,,,,,,Mtmr6,,,,,,,,,Flna,,,,,,,,,Hsd17b7,,Ndufs7,,,,
,,Pde3b,,Swi5,,,,,,,Lpxn,,,,,,,,,Zswim6,,,,,,,,,Mtx1,,,,,,,,,Flot2,,,,,,,,,Hsp90b1,,Ndufv2,,,,
,,Pde7a,,Taf1d,,,,,,,Lrrc61,,,,,,,,,,,,,,,,,,Mxd1,,,,,,,,,Flrt2,,,,,,,,,Hspa13,,Ndufv3,,,,
,,Perp,,Tax1bp1,,,,,,,Lsm2,,,,,,,,,,,,,,,,,,Myo5a,,,,,,,,,Fmnl2,,,,,,,,,Hspa4,,Nexn,,,,
,,Pfkl,,Tcf19,,,,,,,Lsm5,,,,,,,,,,,,,,,,,,Nab2,,,,,,,,,Fos,,,,,,,,,Hspbp1,,Nfkbia,,,,
,,Pgap1,,Tcf3,,,,,,,Lsp1,,,,,,,,,,,,,,,,,,Nadk,,,,,,,,,Fut11,,,,,,,,,Htatsf1,,Nfkbiz,,,,
,,Pgp,,Tcp1,,,,,,,Lypla2,,,,,,,,,,,,,,,,,,Naga,,,,,,,,,Fut8,,,,,,,,,Iars,,Ninj1,,,,
,,Phc2,,Tex30,,,,,,,Lyst,,,,,,,,,,,,,,,,,,Nagk,,,,,,,,,G0s2,,,,,,,,,Idh3g,,Nmrk2,,,,
,,Pik3ap1,,Tifa,,,,,,,Macf1,,,,,,,,,,,,,,,,,,Nagpa,,,,,,,,,G530011O06Rik,,,,,,,,,Igf1r,,Nol3,,,,
,,Pik3c2b,,Timm17b,,,,,,,Madd,,,,,,,,,,,,,,,,,,Nans,,,,,,,,,G6pdx,,,,,,,,,Igf2,,Nosip,,,,
,,Pik3cd,,Tipin,,,,,,,Malt1,,,,,,,,,,,,,,,,,,Nbn,,,,,,,,,Gab2,,,,,,,,,Il17ra,,Nr4a1,,,,
,,Pik3ip1,,Tmem176a,,,,,,,Map3k1,,,,,,,,,,,,,,,,,,Nceh1,,,,,,,,,Gadd45g,,,,,,,,,Il6st,,Nrep,,,,
,,Pip4k2a,,Tmpo,,,,,,,Map4k2,,,,,,,,,,,,,,,,,,Ncoa3,,,,,,,,,Galnt2,,,,,,,,,Ilf2,,Nsfl1c,,,,
,,Pisd-ps1,,Top2a,,,,,,,Mapkapk3,,,,,,,,,,,,,,,,,,Ndufa1,,,,,,,,,Galntl1,,,,,,,,,Ilkap,,Ost4,,,,
,,Pisd-ps3,,Tpm4,,,,,,,March7,,,,,,,,,,,,,,,,,,Ndufa7,,,,,,,,,Ganab,,,,,,,,,Impdh2,,Papola,,,,
,,Pkn1,,Tpx2,,,,,,,Mark2,,,,,,,,,,,,,,,,,,Ndufb10,,,,,,,,,Gas6,,,,,,,,,Ing3,,Park7,,,,
,,Plagl2,,Tra2b,,,,,,,Mat2b,,,,,,,,,,,,,,,,,,Ndufb3,,,,,,,,,Gatad1,,,,,,,,,Ipo4,,Pcp4l1,,,,
,,Plcg2,,Tram1,,,,,,,Mau2,,,,,,,,,,,,,,,,,,Ndufb7,,,,,,,,,Gba,,,,,,,,,Ipo5,,Pdcd10,,,,
,,Plcxd2,,Trim28,,,,,,,Mbp,,,,,,,,,,,,,,,,,,Ndufv2,,,,,,,,,Gdf10,,,,,,,,,Ipo7,,Pdcd5,,,,
,,Plekhm1,,Tuba1b,,,,,,,Mcm4,,,,,,,,,,,,,,,,,,Nedd8,,,,,,,,,Gfra1,,,,,,,,,Iqgap2,,Pde4dip,,,,
,,Plekho1,,U2af2,,,,,,,Mdp1,,,,,,,,,,,,,,,,,,Neu1,,,,,,,,,Ggcx,,,,,,,,,Iqsec3,,Pdhb,,,,
,,Polr2a,,Uba2,,,,,,,Me2,,,,,,,,,,,,,,,,,,Neurl3,,,,,,,,,Ggt5,,,,,,,,,Irs2,,Pdk2,,,,
,,Ppp3ca,,Ubald2,,,,,,,Med14,,,,,,,,,,,,,,,,,,Nfu1,,,,,,,,,Ghr,,,,,,,,,Itga7,,Pdlim1,,,,
,,Prcp,,Ubb,,,,,,,Med30,,,,,,,,,,,,,,,,,,Nlrp3,,,,,,,,,Gja1,,,,,,,,,Iws1,,Pdlim3,,,,
,,Prkaca,,Ube2a,,,,,,,Mfap1b,,,,,,,,,,,,,,,,,,Nme1,,,,,,,,,Gkap1,,,,,,,,,Kcmf1,,Pdlim5,,,,
,,Prkcd,,Ube2c,,,,,,,Mfng,,,,,,,,,,,,,,,,,,Npc1,,,,,,,,,Glb1,,,,,,,,,Kcnn3,,Pdlim7,,,,
,,Prkd2,,Ube2e1,,,,,,,Mfsd6,,,,,,,,,,,,,,,,,,Nrp2,,,,,,,,,Glg1,,,,,,,,,Kdm5a,,Pfkm,,,,
,,Prpf31,,Ubxn1,,,,,,,Mif4gd,,,,,,,,,,,,,,,,,,Nt5c,,,,,,,,,Gli3,,,,,,,,,Kdm5c,,Pfn2,,,,
,,Prr13,,Uchl3,,,,,,,Mir1931,,,,,,,,,,,,,,,,,,Nubp1,,,,,,,,,Glis2,,,,,,,,,Khdrbs1,,Pgam2,,,,
,,Psen2,,Uqcrc2,,,,,,,Mir682,,,,,,,,,,,,,,,,,,Nudt3,,,,,,,,,Glo1,,,,,,,,,Kpna1,,Phlda3,,,,
,,Psma7,,Vbp1,,,,,,,Mitd1,,,,,,,,,,,,,,,,,,Oas1a,,,,,,,,,Glt25d1,,,,,,,,,Kpna2,,Phyh,,,,
,,Psmb9,,Vpreb1,,,,,,,Mkl1,,,,,,,,,,,,,,,,,,Osbpl8,,,,,,,,,Glt25d2,,,,,,,,,Kremen1,,Pigp,,,,
,,Psme1,,Xbp1,,,,,,,Mll5,,,,,,,,,,,,,,,,,,Osm,,,,,,,,,Glt8d1,,,,,,,,,Ktn1,,Pink1,,,,
,,Ptk2b,,Xrcc6,,,,,,,Mllt3,,,,,,,,,,,,,,,,,,Ost4,,,,,,,,,Glt8d2,,,,,,,,,Laptm4b,,Pkia,,,,
,,Ptp4a2,,Ybx1,,,,,,,Mndal,,,,,,,,,,,,,,,,,,P2rx7,,,,,,,,,Glud1,,,,,,,,,Larp4,,Pkig,,,,
,,Ptpn7,,Ywhae,,,,,,,Mosc2,,,,,,,,,,,,,,,,,,P2ry12,,,,,,,,,Gm14005,,,,,,,,,Lars,,Pla2g12a,,,,
,,Ptprj,,Ywhaq,,,,,,,Mppe1,,,,,,,,,,,,,,,,,,Paf1,,,,,,,,,Gmppa,,,,,,,,,Las1l,,Pla2g16,,,,
,,Rab21,,Zfp207,,,,,,,Mri1,,,,,,,,,,,,,,,,,,Papd4,,,,,,,,,Gna11,,,,,,,,,Letm2,,Plin5,,,,
,,Rab43,,mt-Co1,,,,,,,Mrpl15,,,,,,,,,,,,,,,,,,Pdxk,,,,,,,,,Gna12,,,,,,,,,Lgr4,,Pmp22,,,,
,,Rabep2,,mt-Cytb,,,,,,,Mrpl46,,,,,,,,,,,,,,,,,,Pex13,,,,,,,,,Gnb2,,,,,,,,,Lhfp,,Pnpla2,,,,
,,Rabif,,mt-Nd1,,,,,,,Mrpl9,,,,,,,,,,,,,,,,,,Pfdn1,,,,,,,,,Gnb4,,,,,,,,,Lin7c,,Pomp,,,,
,,Rapgef6,,mt-Nd3,,,,,,,Mrps16,,,,,,,,,,,,,,,,,,Pgs1,,,,,,,,,Gng12,,,,,,,,,Litaf,,Ppp1r1a,,,,
,,Rasa3,,mt-Nd4,,,,,,,Mrps34,,,,,,,,,,,,,,,,,,Phf23,,,,,,,,,Gnptg,,,,,,,,,Lmbr1l,,Ppp1r27,,,,
,,Rasal3,,,,,,,,,Msn,,,,,,,,,,,,,,,,,,Pigs,,,,,,,,,Golga5,,,,,,,,,Lmbrd1,,Ppp2r5b,,,,
,,Rasgef1b,,,,,,,,,Mtf2,,,,,,,,,,,,,,,,,,Pigx,,,,,,,,,Gpc4,,,,,,,,,Lpp,,Prelp,,,,
,,Rasgrp3,,,,,,,,,Mxd1,,,,,,,,,,,,,,,,,,Pilra,,,,,,,,,Gpc6,,,,,,,,,Lrig1,,Prkcdbp,,,,
,,Rassf2,,,,,,,,,Mycbp2,,,,,,,,,,,,,,,,,,Pilrb1,,,,,,,,,Gpnmb,,,,,,,,,Lrrc59,,Psmc4,,,,
,,Rassf3,,,,,,,,,Myh9,,,,,,,,,,,,,,,,,,Pilrb2,,,,,,,,,Gpr108,,,,,,,,,Lrrfip1,,Ptms,,,,
,,Rassf5,,,,,,,,,Myl6,,,,,,,,,,,,,,,,,,Pip5k1c,,,,,,,,,Gpr153,,,,,,,,,Lsg1,,Ptp4a3,,,,
,,Rbm14,,,,,,,,,Myo1g,,,,,,,,,,,,,,,,,,Pira7,,,,,,,,,Gpr180,,,,,,,,,Ltbp1,,Ptpmt1,,,,
,,Rbm26,,,,,,,,,Naa10,,,,,,,,,,,,,,,,,,Pisd-ps3,,,,,,,,,Gprc5b,,,,,,,,,Ltv1,,Ptrh2,,,,
,,Rbm38,,,,,,,,,Naa30,,,,,,,,,,,,,,,,,,Pkn1,,,,,,,,,Grlf1,,,,,,,,,Luc7l,,Pvalb,,,,
,,Rcsd1,,,,,,,,,Nans,,,,,,,,,,,,,,,,,,Plagl2,,,,,,,,,Gstm5,,,,,,,,,Luc7l3,,Pygm,,,,
,,Reep5,,,,,,,,,Narf,,,,,,,,,,,,,,,,,,Plcg2,,,,,,,,,Gstt3,,,,,,,,,Mafg,,Rab28,,,,
,,Rfx7,,,,,,,,,Ncf4,,,,,,,,,,,,,,,,,,Plekhf2,,,,,,,,,Gulp1,,,,,,,,,Maged1,,Rabl6,,,,
,,Rgs19,,,,,,,,,Ncoa2,,,,,,,,,,,,,,,,,,Plekhj1,,,,,,,,,Gypc,,,,,,,,,Man2a2,,Rack1,,,,
,,Rhof,,,,,,,,,Ndrg3,,,,,,,,,,,,,,,,,,Plekhm2,,,,,,,,,H1f0,,,,,,,,,Map3k6,,Rala,,,,
,,Rhog,,,,,,,,,Ndufa13,,,,,,,,,,,,,,,,,,Pon2,,,,,,,,,H47,,,,,,,,,Map4k4,,Rcan1,,,,
,,Rnase6,,,,,,,,,Ndufa6,,,,,,,,,,,,,,,,,,Pon3,,,,,,,,,Has2,,,,,,,,,Mapk1ip1l,,Rdh14,,,,
,,Rnf167,,,,,,,,,Ndufs3,,,,,,,,,,,,,,,,,,Pparg,,,,,,,,,Hcfc1r1,,,,,,,,,March5,,Rilpl1,,,,
,,Rnf220,,,,,,,,,Nfatc3,,,,,,,,,,,,,,,,,,Ppm1h,,,,,,,,,Hdac7,,,,,,,,,Matr3,,Rpl10-ps3,,,,
,,Rpia,,,,,,,,,Nfkbid,,,,,,,,,,,,,,,,,,Ppm1m,,,,,,,,,Hexb,,,,,,,,,Mdfic,,Rpl10a-ps1,,,,
,,S1pr4,,,,,,,,,Nlk,,,,,,,,,,,,,,,,,,Ppp1ca,,,,,,,,,Hfe,,,,,,,,,Mdh2,,Rpl14-ps1,,,,
,,Samd9l,,,,,,,,,Nlrc5,,,,,,,,,,,,,,,,,,Ppp1r11,,,,,,,,,Hgsnat,,,,,,,,,Mdn1,,Rpl28-ps1,,,,
,,Samsn1,,,,,,,,,Noc2l,,,,,,,,,,,,,,,,,,Ppp1r12c,,,,,,,,,Hn1,,,,,,,,,Med1,,Rpl3-ps1,,,,
,,Sash3,,,,,,,,,Nr4a2,,,,,,,,,,,,,,,,,,Ppp4c,,,,,,,,,Hook3,,,,,,,,,Med25,,Rpl37rt,,,,
,,Sbk1,,,,,,,,,Nrbf2,,,,,,,,,,,,,,,,,,Prr13,,,,,,,,,Hsd17b4,,,,,,,,,Megf10,,Rpl3l,,,,
,,Sema4b,,,,,,,,,Nsg2,,,,,,,,,,,,,,,,,,Psen2,,,,,,,,,Hsd3b7,,,,,,,,,Mettl11a,,Rpl41,,,,
,,Sept6,,,,,,,,,Nt5e,,,,,,,,,,,,,,,,,,Psenen,,,,,,,,,Hsf2,,,,,,,,,Mid1,,Rps16-ps2,,,,
,,Sepw1,,,,,,,,,Nup210,,,,,,,,,,,,,,,,,,Psmb5,,,,,,,,,Ide,,,,,,,,,Mif,,Rps19-ps6,,,,
,,Serf2,,,,,,,,,Nupl1,,,,,,,,,,,,,,,,,,Psmb9,,,,,,,,,Idh1,,,,,,,,,Mir221,,Rps23-ps1,,,,
,,Serpinb1a,,,,,,,,,Nxt1,,,,,,,,,,,,,,,,,,Psmd13,,,,,,,,,Ifngr1,,,,,,,,,Mir3074-1,,Rps27,,,,
,,Sesn1,,,,,,,,,Orc2,,,,,,,,,,,,,,,,,,Pstpip1,,,,,,,,,Ift20,,,,,,,,,Mir568,,Rps27rt,,,,
,,Sh2d2a,,,,,,,,,Osbpl9,,,,,,,,,,,,,,,,,,Ptafr,,,,,,,,,Ift57,,,,,,,,,Mir682,,Rps29,,,,
,,Sh3bp5,,,,,,,,,Ostf1,,,,,,,,,,,,,,,,,,Ptplad2,,,,,,,,,Igfbp3,,,,,,,,,Mob3a,,Rps3a1,,,,
,,Sh3kbp1,,,,,,,,,Ostm1,,,,,,,,,,,,,,,,,,Ptpmt1,,,,,,,,,Igsf10,,,,,,,,,Mphosph10,,Rps6-ps4,,,,
,,Sharpin,,,,,,,,,Pag1,,,,,,,,,,,,,,,,,,Ptpre,,,,,,,,,Ikbip,,,,,,,,,Mpp7,,Rtn4,,,,
,,Shoc2,,,,,,,,,Pak2,,,,,,,,,,,,,,,,,,Ptpro,,,,,,,,,Il13ra1,,,,,,,,,Mrpl17,,Rwdd1,,,,
,,Sin3a,,,,,,,,,Papd5,,,,,,,,,,,,,,,,,,Pyhin1,,,,,,,,,Il15ra,,,,,,,,,Mrpl48,,Scn1b,,,,
,,Sipa1,,,,,,,,,Parvg,,,,,,,,,,,,,,,,,,Rab11a,,,,,,,,,Il17rc,,,,,,,,,Mrpl50,,Sdhaf4,,,,
,,Sipa1l1,,,,,,,,,Pddc1,,,,,,,,,,,,,,,,,,Rab11fip1,,,,,,,,,Il1rl2,,,,,,,,,Mrpl54,,Sdhc,,,,
,,Sirt7,,,,,,,,,Pde2a,,,,,,,,,,,,,,,,,,Rab11fip5,,,,,,,,,Il3ra,,,,,,,,,Mrps18b,,Sdpr,,,,
,,Sla,,,,,,,,,Pde3b,,,,,,,,,,,,,,,,,,Rab43,,,,,,,,,Il6ra,,,,,,,,,Mrps7,,Selenow,,,,
,,Slc12a6,,,,,,,,,Pde7a,,,,,,,,,,,,,,,,,,Rab5c,,,,,,,,,Impad1,,,,,,,,,Msc,,Serping1,,,,
,,Slc25a46,,,,,,,,,Pdk1,,,,,,,,,,,,,,,,,,Rab8a,,,,,,,,,Iqsec1,,,,,,,,,Msi2,,Serpinh1,,,,
,,Slc38a1,,,,,,,,,Pfkl,,,,,,,,,,,,,,,,,,Rac1,,,,,,,,,Irf1,,,,,,,,,Mtap2,,Sh3bgr,,,,
,,Snap23,,,,,,,,,Pgls,,,,,,,,,,,,,,,,,,Rala,,,,,,,,,Isoc1,,,,,,,,,Mtap7d1,,Slc25a11,,,,
,,Snap29,,,,,,,,,Pgm2l1,,,,,,,,,,,,,,,,,,Rap1a,,,,,,,,,Itch,,,,,,,,,Mtdh,,Slc25a12,,,,
,,Snhg6,,,,,,,,,Phf17,,,,,,,,,,,,,,,,,,Rap2a,,,,,,,,,Itfg1,,,,,,,,,Mtmr1,,Sln,,,,
,,Snx20,,,,,,,,,Phf6,,,,,,,,,,,,,,,,,,Rasgrp4,,,,,,,,,Itfg3,,,,,,,,,Musk,,Smim10l1,,,,
,,Snx30,,,,,,,,,Pik3c2a,,,,,,,,,,,,,,,,,,Rassf2,,,,,,,,,Itga9,,,,,,,,,Mvp,,Smim19,,,,
,,Snx8,,,,,,,,,Pik3cd,,,,,,,,,,,,,,,,,,Rbfa,,,,,,,,,Itgb1bp1,,,,,,,,,Mybbp1a,,Smim20,,,,
,,Snx9,,,,,,,,,Pik3ip1,,,,,,,,,,,,,,,,,,Rchy1,,,,,,,,,Itgbl1,,,,,,,,,Myef2,,Smpx,,,,
,,Son,,,,,,,,,Pik3r1,,,,,,,,,,,,,,,,,,Rell1,,,,,,,,,Itm2c,,,,,,,,,N4bp2l2,,Smyd1,,,,
,,Sorl1,,,,,,,,,Pim2,,,,,,,,,,,,,,,,,,Renbp,,,,,,,,,Itsn1,,,,,,,,,Naa15,,Smyd2,,,,
,,Sp100,,,,,,,,,Pisd-ps3,,,,,,,,,,,,,,,,,,Rffl,,,,,,,,,Jdp2,,,,,,,,,Naa25,,Snap47,,,,
,,Spint2,,,,,,,,,Pitpnc1,,,,,,,,,,,,,,,,,,Rhbdf2,,,,,,,,,Jmjd8,,,,,,,,,Napa,,Snapin,,,,
,,St6gal1,,,,,,,,,Pitpnm1,,,,,,,,,,,,,,,,,,Rin3,,,,,,,,,Jun,,,,,,,,,Nav2,,Snrpn,,,,
,,St8sia4,,,,,,,,,Pja1,,,,,,,,,,,,,,,,,,Rnaseh2c,,,,,,,,,Kank2,,,,,,,,,Ncald,,Snta1,,,,
,,Stap1,,,,,,,,,Pld3,,,,,,,,,,,,,,,,,,Rnasek,,,,,,,,,Kazald1,,,,,,,,,Ncbp2,,Socs3,,,,
,,Stat4,,,,,,,,,Plekha2,,,,,,,,,,,,,,,,,,Rnasel,,,,,,,,,Kctd11,,,,,,,,,Ncoa1,,Son,,,,
,,Stat6,,,,,,,,,Plekhm1,,,,,,,,,,,,,,,,,,Rnf141,,,,,,,,,Kctd9,,,,,,,,,Ndrg1,,Sord,,,,
,,Stk10,,,,,,,,,Pnrc1,,,,,,,,,,,,,,,,,,Rnf5,,,,,,,,,Kdelc2,,,,,,,,,Ndufc2,,Sparc,,,,
,,Stk4,,,,,,,,,Polg2,,,,,,,,,,,,,,,,,,Rp2h,,,,,,,,,Kif13b,,,,,,,,,Ndufv1,,Ss18l2,,,,
,,Strbp,,,,,,,,,Polr2d,,,,,,,,,,,,,,,,,,Rpp21,,,,,,,,,Kif1c,,,,,,,,,Nedd4,,Stau2,,,,
,,Sun2,,,,,,,,,Polr2g,,,,,,,,,,,,,,,,,,S100a1,,,,,,,,,Kif21a,,,,,,,,,Nek6,,Sucla2,,,,
,,Susd3,,,,,,,,,Polr2j,,,,,,,,,,,,,,,,,,S100a11,,,,,,,,,Kif2a,,,,,,,,,Nelf,,Suclg1,,,,
,,Swap70,,,,,,,,,Polr3k,,,,,,,,,,,,,,,,,,S100a13,,,,,,,,,Klf2,,,,,,,,,Nfat5,,Synpo2,,,,
,,Syf2,,,,,,,,,Ppm1h,,,,,,,,,,,,,,,,,,Sarnp,,,,,,,,,Klf4,,,,,,,,,Nfatc2,,Tbx1,,,,
,,Syvn1,,,,,,,,,Ppm1k,,,,,,,,,,,,,,,,,,Sdhb,,,,,,,,,Klhl21,,,,,,,,,Nfib,,Tcap,,,,
,,Tacc1,,,,,,,,,Ppp1cc,,,,,,,,,,,,,,,,,,Selenbp1,,,,,,,,,Kpnb1,,,,,,,,,Nfkbie,,Tcea3,,,,
,,Taf10,,,,,,,,,Ppp1r12a,,,,,,,,,,,,,,,,,,Serpinb8,,,,,,,,,Lage3,,,,,,,,,Nfyb,,Tcf4,,,,
,,Taldo1,,,,,,,,,Ppp1r13b,,,,,,,,,,,,,,,,,,Setd8,,,,,,,,,Lamc2,,,,,,,,,Nipbl,,Timm21,,,,
,,Taok3,,,,,,,,,Ppp1r16b,,,,,,,,,,,,,,,,,,Sft2d2,,,,,,,,,Lamp1,,,,,,,,,Nmd3,,Timm8b,,,,
,,Tapt1,,,,,,,,,Ppp2r5a,,,,,,,,,,,,,,,,,,Sfxn3,,,,,,,,,Larp6,,,,,,,,,Nme1,,Tmem109,,,,
,,Tbc1d10c,,,,,,,,,Ppp2r5c,,,,,,,,,,,,,,,,,,Sh3bp2,,,,,,,,,Lasp1,,,,,,,,,Nnmt,,Tmem160,,,,
,,Tecpr1,,,,,,,,,Ppp6r1,,,,,,,,,,,,,,,,,,Sh3bp5,,,,,,,,,Lass5,,,,,,,,,Nob1,,Tmem176b,,,,
,,Tgfbr2,,,,,,,,,Pqbp1,,,,,,,,,,,,,,,,,,Sh3glb1,,,,,,,,,Lemd2,,,,,,,,,Noc3l,,Tmem242,,,,
,,Tlk1,,,,,,,,,Prelid1,,,,,,,,,,,,,,,,,,Sh3kbp1,,,,,,,,,Lepre1,,,,,,,,,Noc4l,,Tmem256,,,,
,,Tmed5,,,,,,,,,Prkcb,,,,,,,,,,,,,,,,,,Sharpin,,,,,,,,,Leprel4,,,,,,,,,Nol10,,Tmem38a,,,,
,,Tmem179b,,,,,,,,,Prkch,,,,,,,,,,,,,,,,,,Siglech,,,,,,,,,Leprot,,,,,,,,,Nol9,,Tmem52,,,,
,,Tmem189,,,,,,,,,Prkd3,,,,,,,,,,,,,,,,,,Sin3b,,,,,,,,,Lgals3bp,,,,,,,,,Nop14,,Tmem70,,,,
,,Tmem55b,,,,,,,,,Prr7,,,,,,,,,,,,,,,,,,Sirt7,,,,,,,,,Lgals9,,,,,,,,,Nop16,,Tmod4,,,,
,,Tmod3,,,,,,,,,Psd4,,,,,,,,,,,,,,,,,,Slamf7,,,,,,,,,Lgi2,,,,,,,,,Nop2,,Tnnc1,,,,
,,Tnrc6c,,,,,,,,,Psen2,,,,,,,,,,,,,,,,,,Slc11a2,,,,,,,,,Lgi4,,,,,,,,,Nop56,,Tnnc2,,,,
,,Tor1a,,,,,,,,,Psenen,,,,,,,,,,,,,,,,,,Slc16a3,,,,,,,,,Lias,,,,,,,,,Notch2,,Tnni1,,,,
,,Tpt1,,,,,,,,,Psmd5,,,,,,,,,,,,,,,,,,Slc24a6,,,,,,,,,Lifr,,,,,,,,,Nr1d1,,Tnni2,,,,
,,Traf1,,,,,,,,,Psmf1,,,,,,,,,,,,,,,,,,Slc25a20,,,,,,,,,Lima1,,,,,,,,,Nr4a3,,Tnnt1,,,,
,,Trappc1,,,,,,,,,Ptbp1,,,,,,,,,,,,,,,,,,Slc29a3,,,,,,,,,Limch1,,,,,,,,,Nsun2,,Tnnt3,,,,
,,Treml2,,,,,,,,,Ptk2b,,,,,,,,,,,,,,,,,,Slc2a6,,,,,,,,,Lipa,,,,,,,,,Ntn5,,Toporsos,,,,
,,Trim11,,,,,,,,,Ptp4a2,,,,,,,,,,,,,,,,,,Slc31a2,,,,,,,,,Lman1,,,,,,,,,Nucks1,,Tpi1,,,,
,,Trim26,,,,,,,,,Ptpn6,,,,,,,,,,,,,,,,,,Slc35c2,,,,,,,,,Lmf2,,,,,,,,,Nudc,,Tpm1,,,,
,,Trim30a,,,,,,,,,Pts,,,,,,,,,,,,,,,,,,Slc38a1,,,,,,,,,Lnp,,,,,,,,,Nudt21,,Tpm2,,,,
,,Trim33,,,,,,,,,Pydc3,,,,,,,,,,,,,,,,,,Slc38a7,,,,,,,,,Lox,,,,,,,,,Nup62,,Tpm3,,,,
,,Trim7,,,,,,,,,Pydc4,,,,,,,,,,,,,,,,,,Slc38a9,,,,,,,,,Loxl3,,,,,,,,,Nup98,,Tpm3-rs7,,,,
,,Twf2,,,,,,,,,Pyhin1,,,,,,,,,,,,,,,,,,Slc48a1,,,,,,,,,Lpl,,,,,,,,,Nxf1,,Tpt1-ps3,,,,
,,Txndc16,,,,,,,,,Rab21,,,,,,,,,,,,,,,,,,Slc6a6,,,,,,,,,Lrpap1,,,,,,,,,Oat,,Trdn,,,,
,,Txnip,,,,,,,,,Rab24,,,,,,,,,,,,,,,,,,Slc9a9,,,,,,,,,Lrrc17,,,,,,,,,Oaz1,,Trim7,,,,
,,Tyrobp,,,,,,,,,Rab27a,,,,,,,,,,,,,,,,,,Slfn8,,,,,,,,,Lrrc61,,,,,,,,,Oaz2,,Tsn,,,,
,,Ube2b,,,,,,,,,Rab3ip,,,,,,,,,,,,,,,,,,Smap2,,,,,,,,,Lsamp,,,,,,,,,Odz4,,Tuba1a,,,,
,,Ube2q1,,,,,,,,,Rab43,,,,,,,,,,,,,,,,,,Smcr8,,,,,,,,,Ltbr,,,,,,,,,Ogt,,Tuba4a,,,,
,,Upf3b,,,,,,,,,Rabif,,,,,,,,,,,,,,,,,,Smox,,,,,,,,,Lynx1,,,,,,,,,Olfml2a,,Tuba8,,,,
,,Vamp8,,,,,,,,,Rasa2,,,,,,,,,,,,,,,,,,Smpdl3b,,,,,,,,,Lztfl1,,,,,,,,,Olfml2b,,Twf2,,,,
,,Vps72,,,,,,,,,Rasal3,,,,,,,,,,,,,,,,,,Snf8,,,,,,,,,Lztr1,,,,,,,,,Opa3,,Txn2,,,,
,,Vrk1,,,,,,,,,Rasgrp1,,,,,,,,,,,,,,,,,,Sp100,,,,,,,,,Maf,,,,,,,,,Osgin1,,Ube2d1,,,,
,,Wdfy4,,,,,,,,,Rasl11b,,,,,,,,,,,,,,,,,,Sp140,,,,,,,,,Mafb,,,,,,,,,Osmr,,Uchl3,,,,
,,Xpo1,,,,,,,,,Rassf2,,,,,,,,,,,,,,,,,,Spsb2,,,,,,,,,Maged1,,,,,,,,,Paics,,Ugp2,,,,
,,Xrn2,,,,,,,,,Rbck1,,,,,,,,,,,,,,,,,,Sri,,,,,,,,,Mageh1,,,,,,,,,Paip2,,Uqcc2,,,,
,,Xylt1,,,,,,,,,Rbfa,,,,,,,,,,,,,,,,,,Srsf9,,,,,,,,,Magi3,,,,,,,,,Pak1ip1,,Uqcr10,,,,
,,Zc3h18,,,,,,,,,Rbl2,,,,,,,,,,,,,,,,,,Ssbp4,,,,,,,,,Magt1,,,,,,,,,Palld,,Uqcrb,,,,
,,Zcchc11,,,,,,,,,Rbm34,,,,,,,,,,,,,,,,,,Ssu72,,,,,,,,,Man1c1,,,,,,,,,Palmd,,Uqcrq,,,,
,,Zdhhc18,,,,,,,,,Rbm38,,,,,,,,,,,,,,,,,,St13,,,,,,,,,Man2a1,,,,,,,,,Pcbp1,,Usp13,,,,
,,Zfp1,,,,,,,,,Rbm4,,,,,,,,,,,,,,,,,,St3gal1,,,,,,,,,Man2b2,,,,,,,,,Pcnp,,Vamp5,,,,
,,Zfp106,,,,,,,,,Rbm42,,,,,,,,,,,,,,,,,,St3gal4,,,,,,,,,Maob,,,,,,,,,Pdcd11,,Vapb,,,,
,,Zfp263,,,,,,,,,Rcc2,,,,,,,,,,,,,,,,,,St3gal6,,,,,,,,,Map3k8,,,,,,,,,Pde10a,,Vdac1,,,,
,,Zfp318,,,,,,,,,Rcsd1,,,,,,,,,,,,,,,,,,St8sia4,,,,,,,,,Mapk6,,,,,,,,,Pde1c,,Vdac3,,,,
,,Zmiz2,,,,,,,,,Rel,,,,,,,,,,,,,,,,,,Stam2,,,,,,,,,Mapk9,,,,,,,,,Pde4d,,Vegfb,,,,
,,Zmynd8,,,,,,,,,Rhof,,,,,,,,,,,,,,,,,,Stap1,,,,,,,,,March2,,,,,,,,,Pde7b,,Vim,,,,
,,Zufsp,,,,,,,,,Rhog,,,,,,,,,,,,,,,,,,Stk10,,,,,,,,,Marveld1,,,,,,,,,Pdgfrl,,Vti1b,,,,
,,,,,,,,,,,Rilpl2,,,,,,,,,,,,,,,,,,Stom,,,,,,,,,Matn2,,,,,,,,,Pdia6,,Wdyhv1,,,,
,,,,,,,,,,,Rin3,,,,,,,,,,,,,,,,,,Stra13,,,,,,,,,Maz,,,,,,,,,Pdk4,,Ybx1,,,,
,,,,,,,,,,,Rinl,,,,,,,,,,,,,,,,,,Stub1,,,,,,,,,Mbtps1,,,,,,,,,Pdp1,,Ybx3,,,,
,,,,,,,,,,,Riok1,,,,,,,,,,,,,,,,,,Stx3,,,,,,,,,Mcee,,,,,,,,,Peg3,,Yipf7,,,,
,,,,,,,,,,,Rmnd5a,,,,,,,,,,,,,,,,,,Stxbp2,,,,,,,,,Mcfd2,,,,,,,,,Pes1,,Zcrb1,,,,
,,,,,,,,,,,Rnaseh2c,,,,,,,,,,,,,,,,,,Stxbp3a,,,,,,,,,Meox2,,,,,,,,,Pex19,,Zfas1,,,,
,,,,,,,,,,,Rnf114,,,,,,,,,,,,,,,,,,Stxbp6,,,,,,,,,Mesdc1,,,,,,,,,Pex5,,Zfp358,,,,
,,,,,,,,,,,Rnf125,,,,,,,,,,,,,,,,,,Sulf2,,,,,,,,,Mesdc2,,,,,,,,,Pgam5,,Zfp36,,,,
,,,,,,,,,,,Rnf145,,,,,,,,,,,,,,,,,,Supt4h1,,,,,,,,,Mfsd10,,,,,,,,,Pgm5,,Zfp36l1,,,,
,,,,,,,,,,,Rnf181,,,,,,,,,,,,,,,,,,Swap70,,,,,,,,,Mgst3,,,,,,,,,Phf5a,,Zfp777,,,,
,,,,,,,,,,,Rnf187,,,,,,,,,,,,,,,,,,Tab2,,,,,,,,,Mia3,,,,,,,,,Pias2,,Znrd1as,,,,
,,,,,,,,,,,Rnf20,,,,,,,,,,,,,,,,,,Taf10,,,,,,,,,Mitf,,,,,,,,,Pion,,mt-Co1,,,,
,,,,,,,,,,,Rnf38,,,,,,,,,,,,,,,,,,Tagap,,,,,,,,,Mlec,,,,,,,,,Pip5k1a,,mt-Cytb,,,,
,,,,,,,,,,,Rnf5,,,,,,,,,,,,,,,,,,Tbca,,,,,,,,,Mme,,,,,,,,,Pitpnb,,mt-Nd1,,,,
,,,,,,,,,,,Rnf8,,,,,,,,,,,,,,,,,,Tbcc,,,,,,,,,Mmp19,,,,,,,,,Pitrm1,,mt-Nd2,,,,
,,,,,,,,,,,Rp9,,,,,,,,,,,,,,,,,,Tcn2,,,,,,,,,Mmp23,,,,,,,,,Plekha3,,mt-Nd4,,,,
,,,,,,,,,,,Rpa1,,,,,,,,,,,,,,,,,,Tes,,,,,,,,,Mmp3,,,,,,,,,Plekhb1,,mt-Nd5,,,,
,,,,,,,,,,,Rpp21,,,,,,,,,,,,,,,,,,Tet3,,,,,,,,,Mn1,,,,,,,,,Plk2,,,,,,
,,,,,,,,,,,Rps6ka1,,,,,,,,,,,,,,,,,,Timd4,,,,,,,,,Mndal,,,,,,,,,Plrg1,,,,,,
,,,,,,,,,,,Rqcd1,,,,,,,,,,,,,,,,,,Tle4,,,,,,,,,Mospd1,,,,,,,,,Poldip3,,,,,,
,,,,,,,,,,,Rrad,,,,,,,,,,,,,,,,,,Tmbim4,,,,,,,,,Mpdz,,,,,,,,,Polr1c,,,,,,
,,,,,,,,,,,Rwdd1,,,,,,,,,,,,,,,,,,Tmem120a,,,,,,,,,Mpv17,,,,,,,,,Polr2l,,,,,,
,,,,,,,,,,,S1pr1,,,,,,,,,,,,,,,,,,Tmem134,,,,,,,,,Mpv17l2,,,,,,,,,Polr3d,,,,,,
,,,,,,,,,,,Sars,,,,,,,,,,,,,,,,,,Tmem14c,,,,,,,,,Mrgprf,,,,,,,,,Ppid,,,,,,
,,,,,,,,,,,Sart1,,,,,,,,,,,,,,,,,,Tmem179b,,,,,,,,,Mrpl13,,,,,,,,,Ppig,,,,,,
,,,,,,,,,,,Scml4,,,,,,,,,,,,,,,,,,Tmem189,,,,,,,,,Mrps36,,,,,,,,,Ppme1,,,,,,
,,,,,,,,,,,Sdf4,,,,,,,,,,,,,,,,,,Tmem208,,,,,,,,,Msl3,,,,,,,,,Ppp1cb,,,,,,
,,,,,,,,,,,Sdha,,,,,,,,,,,,,,,,,,Tmem219,,,,,,,,,Msx1,,,,,,,,,Ppp2r1a,,,,,,
,,,,,,,,,,,Sema4a,,,,,,,,,,,,,,,,,,Tmem39b,,,,,,,,,Mtap1a,,,,,,,,,Ppp2r2a,,,,,,
,,,,,,,,,,,Sema4b,,,,,,,,,,,,,,,,,,Tmem50b,,,,,,,,,Mterfd2,,,,,,,,,Ppp2r3a,,,,,,
,,,,,,,,,,,Sema4d,,,,,,,,,,,,,,,,,,Tnfsf12,,,,,,,,,Mxd4,,,,,,,,,Ppp4c,,,,,,
,,,,,,,,,,,Sephs2,,,,,,,,,,,,,,,,,,Tnip2,,,,,,,,,Myd88,,,,,,,,,Pqlc1,,,,,,
,,,,,,,,,,,Sepw1,,,,,,,,,,,,,,,,,,Tpi1,,,,,,,,,Myh10,,,,,,,,,Prkx,,,,,,
,,,,,,,,,,,Serf2,,,,,,,,,,,,,,,,,,Tpst2,,,,,,,,,Myl9,,,,,,,,,Prmt1,,,,,,
,,,,,,,,,,,Serpinb9,,,,,,,,,,,,,,,,,,Trappc6a,,,,,,,,,Myo9b,,,,,,,,,Prosc,,,,,,
,,,,,,,,,,,Sesn1,,,,,,,,,,,,,,,,,,Trem2,,,,,,,,,Myof,,,,,,,,,Prpf38b,,,,,,
,,,,,,,,,,,Sesn3,,,,,,,,,,,,,,,,,,Trex1,,,,,,,,,Naalad2,,,,,,,,,Prpf39,,,,,,
,,,,,,,,,,,Sf3a3,,,,,,,,,,,,,,,,,,Trim12c,,,,,,,,,Naga,,,,,,,,,Prpf6,,,,,,
,,,,,,,,,,,Sfxn3,,,,,,,,,,,,,,,,,,Trim30a,,,,,,,,,Naglu,,,,,,,,,Prrc2a,,,,,,
,,,,,,,,,,,Sh3bp1,,,,,,,,,,,,,,,,,,Trim30d,,,,,,,,,Nckap1,,,,,,,,,Prrc2c,,,,,,
,,,,,,,,,,,Sidt1,,,,,,,,,,,,,,,,,,Trpv2,,,,,,,,,Ncln,,,,,,,,,Psd,,,,,,
,,,,,,,,,,,Sipa1l1,,,,,,,,,,,,,,,,,,Tsix,,,,,,,,,Ndfip1,,,,,,,,,Psma3,,,,,,
,,,,,,,,,,,Sirt7,,,,,,,,,,,,,,,,,,Tspan17,,,,,,,,,Ndrg3,,,,,,,,,Psma6,,,,,,
,,,,,,,,,,,Sla,,,,,,,,,,,,,,,,,,Ttc7,,,,,,,,,Ndrg4,,,,,,,,,Psmb4,,,,,,
,,,,,,,,,,,Sla2,,,,,,,,,,,,,,,,,,Tubb5,,,,,,,,,Ndufa4l2,,,,,,,,,Psmb6,,,,,,
,,,,,,,,,,,Slain1,,,,,,,,,,,,,,,,,,Twf2,,,,,,,,,Ndufv3,,,,,,,,,Psmb7,,,,,,
,,,,,,,,,,,Slamf6,,,,,,,,,,,,,,,,,,Txndc17,,,,,,,,,Nek7,,,,,,,,,Psmc6,,,,,,
,,,,,,,,,,,Slc28a2,,,,,,,,,,,,,,,,,,Uap1l1,,,,,,,,,Nhsl1,,,,,,,,,Psmd12,,,,,,
,,,,,,,,,,,Slc38a1,,,,,,,,,,,,,,,,,,Ubash3b,,,,,,,,,Nin,,,,,,,,,Psmd4,,,,,,
,,,,,,,,,,,Slc44a2,,,,,,,,,,,,,,,,,,Ube2e3,,,,,,,,,Nisch,,,,,,,,,Psmd7,,,,,,
,,,,,,,,,,,Slfn2,,,,,,,,,,,,,,,,,,Ube2q2,,,,,,,,,Nox4,,,,,,,,,Psmd8,,,,,,
,,,,,,,,,,,Slu7,,,,,,,,,,,,,,,,,,Ubtd1,,,,,,,,,Npdc1,,,,,,,,,Psmg4,,,,,,
,,,,,,,,,,,Smad7,,,,,,,,,,,,,,,,,,Ubxn1,,,,,,,,,Nptn,,,,,,,,,Pspc1,,,,,,
,,,,,,,,,,,Smek2,,,,,,,,,,,,,,,,,,Ugt1a7c,,,,,,,,,Nqo2,,,,,,,,,Ptbp1,,,,,,
,,,,,,,,,,,Smn1,,,,,,,,,,,,,,,,,,Usmg5,,,,,,,,,Nr3c1,,,,,,,,,Ptbp2,,,,,,
,,,,,,,,,,,Smpdl3a,,,,,,,,,,,,,,,,,,Usp38,,,,,,,,,Nrip1,,,,,,,,,Ptges3,,,,,,
,,,,,,,,,,,Sms,,,,,,,,,,,,,,,,,,Vamp3,,,,,,,,,Nsmaf,,,,,,,,,Ptp4a1,,,,,,
,,,,,,,,,,,Snapc1,,,,,,,,,,,,,,,,,,Vapb,,,,,,,,,Ntan1,,,,,,,,,Ptplad1,,,,,,
,,,,,,,,,,,Snhg3,,,,,,,,,,,,,,,,,,Vasp,,,,,,,,,Nucb1,,,,,,,,,Ptpn11,,,,,,
,,,,,,,,,,,Snord104,,,,,,,,,,,,,,,,,,Vav1,,,,,,,,,Nucb2,,,,,,,,,Ptpn12,,,,,,
,,,,,,,,,,,Snx20,,,,,,,,,,,,,,,,,,Vav3,,,,,,,,,Nudcd3,,,,,,,,,Ptprd,,,,,,
,,,,,,,,,,,Socs1,,,,,,,,,,,,,,,,,,Vdac3,,,,,,,,,Nup210l,,,,,,,,,Ptprf,,,,,,
,,,,,,,,,,,Sp100,,,,,,,,,,,,,,,,,,Vps26a,,,,,,,,,Olfm1,,,,,,,,,Pum1,,,,,,
,,,,,,,,,,,Sp110,,,,,,,,,,,,,,,,,,Vps29,,,,,,,,,Olfml1,,,,,,,,,Purb,,,,,,
,,,,,,,,,,,Spata13,,,,,,,,,,,,,,,,,,Vps4b,,,,,,,,,Olfml3,,,,,,,,,Pvr,,,,,,
,,,,,,,,,,,Sri,,,,,,,,,,,,,,,,,,Was,,,,,,,,,Os9,,,,,,,,,Pvrl3,,,,,,
,,,,,,,,,,,Srp14,,,,,,,,,,,,,,,,,,Wasf2,,,,,,,,,Osbpl1a,,,,,,,,,Qrich1,,,,,,
,,,,,,,,,,,Ssbp3,,,,,,,,,,,,,,,,,,Wbp2,,,,,,,,,Osr1,,,,,,,,,Qtrtd1,,,,,,
,,,,,,,,,,,Ssh2,,,,,,,,,,,,,,,,,,Wdfy4,,,,,,,,,P2rx4,,,,,,,,,Rab11b,,,,,,
,,,,,,,,,,,Ssna1,,,,,,,,,,,,,,,,,,Wdr91,,,,,,,,,P4ha1,,,,,,,,,Rab3gap1,,,,,,
,,,,,,,,,,,Stat1,,,,,,,,,,,,,,,,,,Wwp1,,,,,,,,,P4ha2,,,,,,,,,Rab5a,,,,,,
,,,,,,,,,,,Stat4,,,,,,,,,,,,,,,,,,Ywhah,,,,,,,,,Pacsin2,,,,,,,,,Rai12,,,,,,
,,,,,,,,,,,Stat5b,,,,,,,,,,,,,,,,,,Zbp1,,,,,,,,,Pamr1,,,,,,,,,Ranbp1,,,,,,
,,,,,,,,,,,Stat6,,,,,,,,,,,,,,,,,,Zbtb17,,,,,,,,,Papss1,,,,,,,,,Rap2b,,,,,,
,,,,,,,,,,,Stim1,,,,,,,,,,,,,,,,,,Zdhhc9,,,,,,,,,Papss2,,,,,,,,,Rars,,,,,,
,,,,,,,,,,,Stk10,,,,,,,,,,,,,,,,,,Zfand2a,,,,,,,,,Pard3,,,,,,,,,Rasa3,,,,,,
,,,,,,,,,,,Stk38,,,,,,,,,,,,,,,,,,Zfp710,,,,,,,,,Pard3b,,,,,,,,,Rb1cc1,,,,,,
,,,,,,,,,,,Strbp,,,,,,,,,,,,,,,,,,Zmiz1,,,,,,,,,Parp3,,,,,,,,,Rbbp6,,,,,,
,,,,,,,,,,,Stxbp2,,,,,,,,,,,,,,,,,,Zmynd8,,,,,,,,,Parva,,,,,,,,,Rbm15,,,,,,
,,,,,,,,,,,Suds3,,,,,,,,,,,,,,,,,,Znhit1,,,,,,,,,Pbx1,,,,,,,,,Rbm18,,,,,,
,,,,,,,,,,,Sumo2,,,,,,,,,,,,,,,,,,Znrf2,,,,,,,,,Pcdh19,,,,,,,,,Rbm25,,,,,,
,,,,,,,,,,,Supt5h,,,,,,,,,,,,,,,,,,,,,,,,,,,Pcdhgc3,,,,,,,,,Rbm3,,,,,,
,,,,,,,,,,,Syf2,,,,,,,,,,,,,,,,,,,,,,,,,,,Pcsk5,,,,,,,,,Rbm4b,,,,,,
,,,,,,,,,,,Sys1,,,,,,,,,,,,,,,,,,,,,,,,,,,Pcyox1,,,,,,,,,Rbm6,,,,,,
,,,,,,,,,,,Taf1d,,,,,,,,,,,,,,,,,,,,,,,,,,,Pcyt1a,,,,,,,,,Rbm8a,,,,,,
,,,,,,,,,,,Tagap,,,,,,,,,,,,,,,,,,,,,,,,,,,Pde8a,,,,,,,,,Rbms3,,,,,,
,,,,,,,,,,,Tap2,,,,,,,,,,,,,,,,,,,,,,,,,,,Pdgfrb,,,,,,,,,Rbmxl1,,,,,,
,,,,,,,,,,,Tapbpl,,,,,,,,,,,,,,,,,,,,,,,,,,,Pdgfrl,,,,,,,,,Rbpj,,,,,,
,,,,,,,,,,,Tbl1xr1,,,,,,,,,,,,,,,,,,,,,,,,,,,Pdia3,,,,,,,,,Rcan2,,,,,,
,,,,,,,,,,,Tcf20,,,,,,,,,,,,,,,,,,,,,,,,,,,Pdia4,,,,,,,,,Rg9mtd1,,,,,,
,,,,,,,,,,,Tecpr1,,,,,,,,,,,,,,,,,,,,,,,,,,,Pdxdc1,,,,,,,,,Rheb,,,,,,
,,,,,,,,,,,Tes,,,,,,,,,,,,,,,,,,,,,,,,,,,Peli2,,,,,,,,,Riok2,,,,,,
,,,,,,,,,,,Tespa1,,,,,,,,,,,,,,,,,,,,,,,,,,,Per3,,,,,,,,,Rnaset2b,,,,,,
,,,,,,,,,,,Tex2,,,,,,,,,,,,,,,,,,,,,,,,,,,Pex14,,,,,,,,,Rnf10,,,,,,
,,,,,,,,,,,Tgfbr2,,,,,,,,,,,,,,,,,,,,,,,,,,,Pgd,,,,,,,,,Rnf122,,,,,,
,,,,,,,,,,,Tgtp2,,,,,,,,,,,,,,,,,,,,,,,,,,,Pgm2,,,,,,,,,Rnf4,,,,,,
,,,,,,,,,,,Thada,,,,,,,,,,,,,,,,,,,,,,,,,,,Pgm3,,,,,,,,,Rnh1,,,,,,
,,,,,,,,,,,Thap3,,,,,,,,,,,,,,,,,,,,,,,,,,,Phf10,,,,,,,,,Rnps1,,,,,,
,,,,,,,,,,,Tigd2,,,,,,,,,,,,,,,,,,,,,,,,,,,Phf17,,,,,,,,,Rock2,,,,,,
,,,,,,,,,,,Tigit,,,,,,,,,,,,,,,,,,,,,,,,,,,Phf21a,,,,,,,,,Ror1,,,,,,
,,,,,,,,,,,Tinf2,,,,,,,,,,,,,,,,,,,,,,,,,,,Pigf,,,,,,,,,Rora,,,,,,
,,,,,,,,,,,Tiprl,,,,,,,,,,,,,,,,,,,,,,,,,,,Pigk,,,,,,,,,Rpain,,,,,,
,,,,,,,,,,,Tle4,,,,,,,,,,,,,,,,,,,,,,,,,,,Pigs,,,,,,,,,Rpf1,,,,,,
,,,,,,,,,,,Tlk1,,,,,,,,,,,,,,,,,,,,,,,,,,,Pigt,,,,,,,,,Rpf2,,,,,,
,,,,,,,,,,,Tm6sf1,,,,,,,,,,,,,,,,,,,,,,,,,,,Pik3r1,,,,,,,,,Rpl34-ps1,,,,,,
,,,,,,,,,,,Tmem179b,,,,,,,,,,,,,,,,,,,,,,,,,,,Pik3r2,,,,,,,,,Rps19bp1,,,,,,
,,,,,,,,,,,Tmem50b,,,,,,,,,,,,,,,,,,,,,,,,,,,Pja1,,,,,,,,,Rps27l,,,,,,
,,,,,,,,,,,Tmem71,,,,,,,,,,,,,,,,,,,,,,,,,,,Pja2,,,,,,,,,Rras2,,,,,,
,,,,,,,,,,,Tmsb4x,,,,,,,,,,,,,,,,,,,,,,,,,,,Pkd1,,,,,,,,,Rrn3,,,,,,
,,,,,,,,,,,Tnfaip3,,,,,,,,,,,,,,,,,,,,,,,,,,,Pla2g4a,,,,,,,,,Rrp1,,,,,,
,,,,,,,,,,,Tnfrsf1b,,,,,,,,,,,,,,,,,,,,,,,,,,,Plagl1,,,,,,,,,Rsl24d1,,,,,,
,,,,,,,,,,,Tnfrsf25,,,,,,,,,,,,,,,,,,,,,,,,,,,Pld1,,,,,,,,,Ruvbl1,,,,,,
,,,,,,,,,,,Tnfrsf26,,,,,,,,,,,,,,,,,,,,,,,,,,,Plin2,,,,,,,,,S1pr3,,,,,,
,,,,,,,,,,,Tnks2,,,,,,,,,,,,,,,,,,,,,,,,,,,Plin3,,,,,,,,,Safb2,,,,,,
,,,,,,,,,,,Tob1,,,,,,,,,,,,,,,,,,,,,,,,,,,Plod1,,,,,,,,,Samd4b,,,,,,
,,,,,,,,,,,Tob2,,,,,,,,,,,,,,,,,,,,,,,,,,,Plod2,,,,,,,,,Sap30bp,,,,,,
,,,,,,,,,,,Tpp2,,,,,,,,,,,,,,,,,,,,,,,,,,,Plod3,,,,,,,,,Sarnp,,,,,,
,,,,,,,,,,,Tpr,,,,,,,,,,,,,,,,,,,,,,,,,,,Plp2,,,,,,,,,Sbds,,,,,,
,,,,,,,,,,,Tpst2,,,,,,,,,,,,,,,,,,,,,,,,,,,Pls3,,,,,,,,,Sec61g,,,,,,
,,,,,,,,,,,Trabd,,,,,,,,,,,,,,,,,,,,,,,,,,,Plscr1,,,,,,,,,Seh1l,,,,,,
,,,,,,,,,,,Traf1,,,,,,,,,,,,,,,,,,,,,,,,,,,Plscr4,,,,,,,,,Selk,,,,,,
,,,,,,,,,,,Traf6,,,,,,,,,,,,,,,,,,,,,,,,,,,Plxnb2,,,,,,,,,Sema6a,,,,,,
,,,,,,,,,,,Trappc8,,,,,,,,,,,,,,,,,,,,,,,,,,,Pmm1,,,,,,,,,Senp2,,,,,,
,,,,,,,,,,,Trat1,,,,,,,,,,,,,,,,,,,,,,,,,,,Pofut2,,,,,,,,,Senp6,,,,,,
,,,,,,,,,,,Treml2,,,,,,,,,,,,,,,,,,,,,,,,,,,Pon3,,,,,,,,,Sept10,,,,,,
,,,,,,,,,,,Trib2,,,,,,,,,,,,,,,,,,,,,,,,,,,Ppa1,,,,,,,,,Sept11,,,,,,
,,,,,,,,,,,Trim12c,,,,,,,,,,,,,,,,,,,,,,,,,,,Ppapdc1b,,,,,,,,,Sept9,,,,,,
,,,,,,,,,,,Trim33,,,,,,,,,,,,,,,,,,,,,,,,,,,Ppl,,,,,,,,,Sf1,,,,,,
,,,,,,,,,,,Trim59,,,,,,,,,,,,,,,,,,,,,,,,,,,Ppm1m,,,,,,,,,Sf3b3,,,,,,
,,,,,,,,,,,Trp53inp1,,,,,,,,,,,,,,,,,,,,,,,,,,,Ppp3cb,,,,,,,,,Sf3b4,,,,,,
,,,,,,,,,,,Tsc22d3,,,,,,,,,,,,,,,,,,,,,,,,,,,Ppp3r1,,,,,,,,,Sfrs18,,,,,,
,,,,,,,,,,,Tspan13,,,,,,,,,,,,,,,,,,,,,,,,,,,Ppt1,,,,,,,,,Sgcb,,,,,,
,,,,,,,,,,,Tspan14,,,,,,,,,,,,,,,,,,,,,,,,,,,Pqlc3,,,,,,,,,Sidt2,,,,,,
,,,,,,,,,,,Ttc1,,,,,,,,,,,,,,,,,,,,,,,,,,,Praf2,,,,,,,,,Skil,,,,,,
,,,,,,,,,,,Ttc7,,,,,,,,,,,,,,,,,,,,,,,,,,,Prdx5,,,,,,,,,Slc10a6,,,,,,
,,,,,,,,,,,Tuba4a,,,,,,,,,,,,,,,,,,,,,,,,,,,Prkca,,,,,,,,,Slc25a5,,,,,,
,,,,,,,,,,,Twf2,,,,,,,,,,,,,,,,,,,,,,,,,,,Prkcsh,,,,,,,,,Slc3a2,,,,,,
,,,,,,,,,,,Txnip,,,,,,,,,,,,,,,,,,,,,,,,,,,Procr,,,,,,,,,Slc4a7,,,,,,
,,,,,,,,,,,Uba1,,,,,,,,,,,,,,,,,,,,,,,,,,,Prr13,,,,,,,,,Slc5a3,,,,,,
,,,,,,,,,,,Ubac2,,,,,,,,,,,,,,,,,,,,,,,,,,,Prrc1,,,,,,,,,Slc7a5,,,,,,
,,,,,,,,,,,Ubash3a,,,,,,,,,,,,,,,,,,,,,,,,,,,Prss12,,,,,,,,,Slc7a8,,,,,,
,,,,,,,,,,,Ube2d1,,,,,,,,,,,,,,,,,,,,,,,,,,,Psap,,,,,,,,,Slc9a3r1,,,,,,
,,,,,,,,,,,Ube2i,,,,,,,,,,,,,,,,,,,,,,,,,,,Ptdss1,,,,,,,,,Slmo2,,,,,,
,,,,,,,,,,,Ube2j2,,,,,,,,,,,,,,,,,,,,,,,,,,,Ptgis,,,,,,,,,Smad3,,,,,,
,,,,,,,,,,,Ubl5,,,,,,,,,,,,,,,,,,,,,,,,,,,Ptgr1,,,,,,,,,Smarca5,,,,,,
,,,,,,,,,,,Ubxn2a,,,,,,,,,,,,,,,,,,,,,,,,,,,Ptpn9,,,,,,,,,Smc1a,,,,,,
,,,,,,,,,,,Uhrf2,,,,,,,,,,,,,,,,,,,,,,,,,,,Ptpra,,,,,,,,,Smc6,,,,,,
,,,,,,,,,,,Ulk1,,,,,,,,,,,,,,,,,,,,,,,,,,,Ptprj,,,,,,,,,Sms,,,,,,
,,,,,,,,,,,Umps,,,,,,,,,,,,,,,,,,,,,,,,,,,Ptprs,,,,,,,,,Smu1,,,,,,
,,,,,,,,,,,Unc119b,,,,,,,,,,,,,,,,,,,,,,,,,,,Pxn,,,,,,,,,Snhg7,,,,,,
,,,,,,,,,,,Usp3,,,,,,,,,,,,,,,,,,,,,,,,,,,Qsox1,,,,,,,,,Snrnp40,,,,,,
,,,,,,,,,,,Usp38,,,,,,,,,,,,,,,,,,,,,,,,,,,Rab11fip2,,,,,,,,,Snrpa,,,,,,
,,,,,,,,,,,Uspl1,,,,,,,,,,,,,,,,,,,,,,,,,,,Rab28,,,,,,,,,Snrpb,,,,,,
,,,,,,,,,,,Vamp8,,,,,,,,,,,,,,,,,,,,,,,,,,,Rab2a,,,,,,,,,Snrpd2,,,,,,
,,,,,,,,,,,Vopp1,,,,,,,,,,,,,,,,,,,,,,,,,,,Rab31,,,,,,,,,Snrpd3,,,,,,
,,,,,,,,,,,Vps13a,,,,,,,,,,,,,,,,,,,,,,,,,,,Rab35,,,,,,,,,Snrpe,,,,,,
,,,,,,,,,,,Vps26b,,,,,,,,,,,,,,,,,,,,,,,,,,,Rab3il1,,,,,,,,,Snw1,,,,,,
,,,,,,,,,,,Vps28,,,,,,,,,,,,,,,,,,,,,,,,,,,Rab6b,,,,,,,,,Snx1,,,,,,
,,,,,,,,,,,Vti1a,,,,,,,,,,,,,,,,,,,,,,,,,,,Rabgap1l,,,,,,,,,Snx6,,,,,,
,,,,,,,,,,,Wac,,,,,,,,,,,,,,,,,,,,,,,,,,,Radil,,,,,,,,,Soat1,,,,,,
,,,,,,,,,,,Was,,,,,,,,,,,,,,,,,,,,,,,,,,,Rala,,,,,,,,,Sod1,,,,,,
,,,,,,,,,,,Wdr33,,,,,,,,,,,,,,,,,,,,,,,,,,,Ramp1,,,,,,,,,Sorbs3,,,,,,
,,,,,,,,,,,Wibg,,,,,,,,,,,,,,,,,,,,,,,,,,,Rap1a,,,,,,,,,Sox9,,,,,,
,,,,,,,,,,,Wnk1,,,,,,,,,,,,,,,,,,,,,,,,,,,Rap2a,,,,,,,,,Spin1,,,,,,
,,,,,,,,,,,Xlr4b,,,,,,,,,,,,,,,,,,,,,,,,,,,Rarg,,,,,,,,,Spire1,,,,,,
,,,,,,,,,,,Yeats4,,,,,,,,,,,,,,,,,,,,,,,,,,,Rbfox2,,,,,,,,,Spred1,,,,,,
,,,,,,,,,,,Ywhah,,,,,,,,,,,,,,,,,,,,,,,,,,,Rbpms,,,,,,,,,Spty2d1,,,,,,
,,,,,,,,,,,Zap70,,,,,,,,,,,,,,,,,,,,,,,,,,,Rcan1,,,,,,,,,Srebf2,,,,,,
,,,,,,,,,,,Zc3h12d,,,,,,,,,,,,,,,,,,,,,,,,,,,Reck,,,,,,,,,Srek1,,,,,,
,,,,,,,,,,,Zcchc11,,,,,,,,,,,,,,,,,,,,,,,,,,,Reep3,,,,,,,,,Srp19,,,,,,
,,,,,,,,,,,Zdhhc18,,,,,,,,,,,,,,,,,,,,,,,,,,,Reep5,,,,,,,,,Srp54a,,,,,,
,,,,,,,,,,,Zdhhc24,,,,,,,,,,,,,,,,,,,,,,,,,,,Ret,,,,,,,,,Srrm1,,,,,,
,,,,,,,,,,,Zfp292,,,,,,,,,,,,,,,,,,,,,,,,,,,Rgmb,,,,,,,,,Srrt,,,,,,
,,,,,,,,,,,Zfp53,,,,,,,,,,,,,,,,,,,,,,,,,,,Rhob,,,,,,,,,Srsf1,,,,,,
,,,,,,,,,,,Zmym2,,,,,,,,,,,,,,,,,,,,,,,,,,,Rhobtb3,,,,,,,,,Srsf10,,,,,,
,,,,,,,,,,,Znrf1,,,,,,,,,,,,,,,,,,,,,,,,,,,Rian,,,,,,,,,Srsf11,,,,,,
,,,,,,,,,,,Znrf2,,,,,,,,,,,,,,,,,,,,,,,,,,,Rin2,,,,,,,,,Srsf7,,,,,,
,,,,,,,,,,,Zufsp,,,,,,,,,,,,,,,,,,,,,,,,,,,Rnasek,,,,,,,,,Ssb,,,,,,
,,,,,,,,,,,,,,,,,,,,,,,,,,,,,,,,,,,,,,Rnf214,,,,,,,,,Ssr1,,,,,,
,,,,,,,,,,,,,,,,,,,,,,,,,,,,,,,,,,,,,,Rnpep,,,,,,,,,St5,,,,,,
,,,,,,,,,,,,,,,,,,,,,,,,,,,,,,,,,,,,,,Rpa3,,,,,,,,,Stam,,,,,,
,,,,,,,,,,,,,,,,,,,,,,,,,,,,,,,,,,,,,,Rpn1,,,,,,,,,Stard13,,,,,,
,,,,,,,,,,,,,,,,,,,,,,,,,,,,,,,,,,,,,,Rpn2,,,,,,,,,Stat3,,,,,,
,,,,,,,,,,,,,,,,,,,,,,,,,,,,,,,,,,,,,,Rps4y2,,,,,,,,,Stau1,,,,,,
,,,,,,,,,,,,,,,,,,,,,,,,,,,,,,,,,,,,,,Rtp4,,,,,,,,,Stip1,,,,,,
,,,,,,,,,,,,,,,,,,,,,,,,,,,,,,,,,,,,,,Runx1t1,,,,,,,,,Stx5a,,,,,,
,,,,,,,,,,,,,,,,,,,,,,,,,,,,,,,,,,,,,,Rusc2,,,,,,,,,Sulf1,,,,,,
,,,,,,,,,,,,,,,,,,,,,,,,,,,,,,,,,,,,,,Ryk,,,,,,,,,Sumo1,,,,,,
,,,,,,,,,,,,,,,,,,,,,,,,,,,,,,,,,,,,,,S100a4,,,,,,,,,Supt16h,,,,,,
,,,,,,,,,,,,,,,,,,,,,,,,,,,,,,,,,,,,,,S1pr2,,,,,,,,,Supt6h,,,,,,
,,,,,,,,,,,,,,,,,,,,,,,,,,,,,,,,,,,,,,Sav1,,,,,,,,,Suz12,,,,,,
,,,,,,,,,,,,,,,,,,,,,,,,,,,,,,,,,,,,,,Sbf2,,,,,,,,,Syncrip,,,,,,
,,,,,,,,,,,,,,,,,,,,,,,,,,,,,,,,,,,,,,Scamp4,,,,,,,,,Syne2,,,,,,
,,,,,,,,,,,,,,,,,,,,,,,,,,,,,,,,,,,,,,Scd2,,,,,,,,,Syvn1,,,,,,
,,,,,,,,,,,,,,,,,,,,,,,,,,,,,,,,,,,,,,Scfd1,,,,,,,,,Taf1d,,,,,,
,,,,,,,,,,,,,,,,,,,,,,,,,,,,,,,,,,,,,,Scn1b,,,,,,,,,Taf9,,,,,,
,,,,,,,,,,,,,,,,,,,,,,,,,,,,,,,,,,,,,,Scpep1,,,,,,,,,Tagln,,,,,,
,,,,,,,,,,,,,,,,,,,,,,,,,,,,,,,,,,,,,,Scyl1,,,,,,,,,Tagln2,,,,,,
,,,,,,,,,,,,,,,,,,,,,,,,,,,,,,,,,,,,,,Sdf2l1,,,,,,,,,Tanc2,,,,,,
,,,,,,,,,,,,,,,,,,,,,,,,,,,,,,,,,,,,,,Sdf4,,,,,,,,,Tank,,,,,,
,,,,,,,,,,,,,,,,,,,,,,,,,,,,,,,,,,,,,,Sec11a,,,,,,,,,Tars,,,,,,
,,,,,,,,,,,,,,,,,,,,,,,,,,,,,,,,,,,,,,Sec13,,,,,,,,,Tceb1,,,,,,
,,,,,,,,,,,,,,,,,,,,,,,,,,,,,,,,,,,,,,Sec14l1,,,,,,,,,Tcerg1,,,,,,
,,,,,,,,,,,,,,,,,,,,,,,,,,,,,,,,,,,,,,Sec16a,,,,,,,,,Tcf25,,,,,,
,,,,,,,,,,,,,,,,,,,,,,,,,,,,,,,,,,,,,,Sec23a,,,,,,,,,Tcirg1,,,,,,
,,,,,,,,,,,,,,,,,,,,,,,,,,,,,,,,,,,,,,Sec24d,,,,,,,,,Tcp11l2,,,,,,
,,,,,,,,,,,,,,,,,,,,,,,,,,,,,,,,,,,,,,Sec61b,,,,,,,,,Tet2,,,,,,
,,,,,,,,,,,,,,,,,,,,,,,,,,,,,,,,,,,,,,Sel1l,,,,,,,,,Tex10,,,,,,
,,,,,,,,,,,,,,,,,,,,,,,,,,,,,,,,,,,,,,Sema3b,,,,,,,,,Tfdp2,,,,,,
,,,,,,,,,,,,,,,,,,,,,,,,,,,,,,,,,,,,,,Sema5a,,,,,,,,,Tfg,,,,,,
,,,,,,,,,,,,,,,,,,,,,,,,,,,,,,,,,,,,,,Sepn1,,,,,,,,,Tgfbr3,,,,,,
,,,,,,,,,,,,,,,,,,,,,,,,,,,,,,,,,,,,,,Sept5,,,,,,,,,Thoc7,,,,,,
,,,,,,,,,,,,,,,,,,,,,,,,,,,,,,,,,,,,,,Serpina3n,,,,,,,,,Thrap3,,,,,,
,,,,,,,,,,,,,,,,,,,,,,,,,,,,,,,,,,,,,,Sestd1,,,,,,,,,Tmem123,,,,,,
,,,,,,,,,,,,,,,,,,,,,,,,,,,,,,,,,,,,,,Setd3,,,,,,,,,Tmem185b,,,,,,
,,,,,,,,,,,,,,,,,,,,,,,,,,,,,,,,,,,,,,Setd8,,,,,,,,,Tmem47,,,,,,
,,,,,,,,,,,,,,,,,,,,,,,,,,,,,,,,,,,,,,Sfrp1,,,,,,,,,Tmem93,,,,,,
,,,,,,,,,,,,,,,,,,,,,,,,,,,,,,,,,,,,,,Sfxn1,,,,,,,,,Tmtc2,,,,,,
,,,,,,,,,,,,,,,,,,,,,,,,,,,,,,,,,,,,,,Sfxn3,,,,,,,,,Tnfrsf1a,,,,,,
,,,,,,,,,,,,,,,,,,,,,,,,,,,,,,,,,,,,,,Sgpp1,,,,,,,,,Tnik,,,,,,
,,,,,,,,,,,,,,,,,,,,,,,,,,,,,,,,,,,,,,Sh3d19,,,,,,,,,Tnpo1,,,,,,
,,,,,,,,,,,,,,,,,,,,,,,,,,,,,,,,,,,,,,Sh3gl1,,,,,,,,,Tomm70a,,,,,,
,,,,,,,,,,,,,,,,,,,,,,,,,,,,,,,,,,,,,,Sh3glb2,,,,,,,,,Tor1aip1,,,,,,
,,,,,,,,,,,,,,,,,,,,,,,,,,,,,,,,,,,,,,Shox2,,,,,,,,,Tor1aip2,,,,,,
,,,,,,,,,,,,,,,,,,,,,,,,,,,,,,,,,,,,,,Sigmar1,,,,,,,,,Tox4,,,,,,
,,,,,,,,,,,,,,,,,,,,,,,,,,,,,,,,,,,,,,Sil1,,,,,,,,,Tra2a,,,,,,
,,,,,,,,,,,,,,,,,,,,,,,,,,,,,,,,,,,,,,Sirpa,,,,,,,,,Tra2b,,,,,,
,,,,,,,,,,,,,,,,,,,,,,,,,,,,,,,,,,,,,,Slc12a4,,,,,,,,,Traf2,,,,,,
,,,,,,,,,,,,,,,,,,,,,,,,,,,,,,,,,,,,,,Slc16a9,,,,,,,,,Trip6,,,,,,
,,,,,,,,,,,,,,,,,,,,,,,,,,,,,,,,,,,,,,Slc25a1,,,,,,,,,Trp53,,,,,,
,,,,,,,,,,,,,,,,,,,,,,,,,,,,,,,,,,,,,,Slc25a12,,,,,,,,,Tsc22d2,,,,,,
,,,,,,,,,,,,,,,,,,,,,,,,,,,,,,,,,,,,,,Slc25a17,,,,,,,,,Tshz3,,,,,,
,,,,,,,,,,,,,,,,,,,,,,,,,,,,,,,,,,,,,,Slc25a24,,,,,,,,,Tsr1,,,,,,
,,,,,,,,,,,,,,,,,,,,,,,,,,,,,,,,,,,,,,Slc35a1,,,,,,,,,Ttyh1,,,,,,
,,,,,,,,,,,,,,,,,,,,,,,,,,,,,,,,,,,,,,Slc35a2,,,,,,,,,Tuba1c,,,,,,
,,,,,,,,,,,,,,,,,,,,,,,,,,,,,,,,,,,,,,Slc35e4,,,,,,,,,Tubb6,,,,,,
,,,,,,,,,,,,,,,,,,,,,,,,,,,,,,,,,,,,,,Slc35f5,,,,,,,,,Twf1,,,,,,
,,,,,,,,,,,,,,,,,,,,,,,,,,,,,,,,,,,,,,Slc38a10,,,,,,,,,Txlna,,,,,,
,,,,,,,,,,,,,,,,,,,,,,,,,,,,,,,,,,,,,,Slc39a13,,,,,,,,,Txndc9,,,,,,
,,,,,,,,,,,,,,,,,,,,,,,,,,,,,,,,,,,,,,Slc39a6,,,,,,,,,Txnl1,,,,,,
,,,,,,,,,,,,,,,,,,,,,,,,,,,,,,,,,,,,,,Slc39a7,,,,,,,,,Txnl4a,,,,,,
,,,,,,,,,,,,,,,,,,,,,,,,,,,,,,,,,,,,,,Slc44a1,,,,,,,,,U2af2,,,,,,
,,,,,,,,,,,,,,,,,,,,,,,,,,,,,,,,,,,,,,Slc48a1,,,,,,,,,Ube2h,,,,,,
,,,,,,,,,,,,,,,,,,,,,,,,,,,,,,,,,,,,,,Slc7a6,,,,,,,,,Ube2j1,,,,,,
,,,,,,,,,,,,,,,,,,,,,,,,,,,,,,,,,,,,,,Slco2b1,,,,,,,,,Ube2n,,,,,,
,,,,,,,,,,,,,,,,,,,,,,,,,,,,,,,,,,,,,,Slco3a1,,,,,,,,,Ube2q2,,,,,,
,,,,,,,,,,,,,,,,,,,,,,,,,,,,,,,,,,,,,,Smarcb1,,,,,,,,,Ube2v1,,,,,,
,,,,,,,,,,,,,,,,,,,,,,,,,,,,,,,,,,,,,,Smarcd2,,,,,,,,,Ubn2,,,,,,
,,,,,,,,,,,,,,,,,,,,,,,,,,,,,,,,,,,,,,Smc5,,,,,,,,,Ubp1,,,,,,
,,,,,,,,,,,,,,,,,,,,,,,,,,,,,,,,,,,,,,Smpd1,,,,,,,,,Ubxn7,,,,,,
,,,,,,,,,,,,,,,,,,,,,,,,,,,,,,,,,,,,,,Smpdl3a,,,,,,,,,Ugcg,,,,,,
,,,,,,,,,,,,,,,,,,,,,,,,,,,,,,,,,,,,,,Smurf2,,,,,,,,,Uhrf1bp1l,,,,,,
,,,,,,,,,,,,,,,,,,,,,,,,,,,,,,,,,,,,,,Smyd2,,,,,,,,,Unc45a,,,,,,
,,,,,,,,,,,,,,,,,,,,,,,,,,,,,,,,,,,,,,Snap47,,,,,,,,,Urgcp,,,,,,
,,,,,,,,,,,,,,,,,,,,,,,,,,,,,,,,,,,,,,Snapc5,,,,,,,,,Usp10,,,,,,
,,,,,,,,,,,,,,,,,,,,,,,,,,,,,,,,,,,,,,Sned1,,,,,,,,,Usp16,,,,,,
,,,,,,,,,,,,,,,,,,,,,,,,,,,,,,,,,,,,,,Snx27,,,,,,,,,Usp2,,,,,,
,,,,,,,,,,,,,,,,,,,,,,,,,,,,,,,,,,,,,,Snx7,,,,,,,,,Usp22,,,,,,
,,,,,,,,,,,,,,,,,,,,,,,,,,,,,,,,,,,,,,Snx9,,,,,,,,,Usp36,,,,,,
,,,,,,,,,,,,,,,,,,,,,,,,,,,,,,,,,,,,,,Sobp,,,,,,,,,Usp37,,,,,,
,,,,,,,,,,,,,,,,,,,,,,,,,,,,,,,,,,,,,,Socs3,,,,,,,,,Usp9x,,,,,,
,,,,,,,,,,,,,,,,,,,,,,,,,,,,,,,,,,,,,,Socs5,,,,,,,,,Utp11l,,,,,,
,,,,,,,,,,,,,,,,,,,,,,,,,,,,,,,,,,,,,,Spats2,,,,,,,,,Utp3,,,,,,
,,,,,,,,,,,,,,,,,,,,,,,,,,,,,,,,,,,,,,Spg20,,,,,,,,,Vamp2,,,,,,
,,,,,,,,,,,,,,,,,,,,,,,,,,,,,,,,,,,,,,Spock2,,,,,,,,,Vav3,,,,,,
,,,,,,,,,,,,,,,,,,,,,,,,,,,,,,,,,,,,,,Spon1,,,,,,,,,Vbp1,,,,,,
,,,,,,,,,,,,,,,,,,,,,,,,,,,,,,,,,,,,,,Spr,,,,,,,,,Vcp,,,,,,
,,,,,,,,,,,,,,,,,,,,,,,,,,,,,,,,,,,,,,Sqrdl,,,,,,,,,Vgll3,,,,,,
,,,,,,,,,,,,,,,,,,,,,,,,,,,,,,,,,,,,,,Srd5a3,,,,,,,,,Vgll4,,,,,,
,,,,,,,,,,,,,,,,,,,,,,,,,,,,,,,,,,,,,,Srebf1,,,,,,,,,Vprbp,,,,,,
,,,,,,,,,,,,,,,,,,,,,,,,,,,,,,,,,,,,,,Ssbp4,,,,,,,,,Vtn,,,,,,
,,,,,,,,,,,,,,,,,,,,,,,,,,,,,,,,,,,,,,Sspn,,,,,,,,,Wdr61,,,,,,
,,,,,,,,,,,,,,,,,,,,,,,,,,,,,,,,,,,,,,Ssr2,,,,,,,,,Wdr75,,,,,,
,,,,,,,,,,,,,,,,,,,,,,,,,,,,,,,,,,,,,,Ssr3,,,,,,,,,Wdr77,,,,,,
,,,,,,,,,,,,,,,,,,,,,,,,,,,,,,,,,,,,,,St3gal1,,,,,,,,,Wwtr1,,,,,,
,,,,,,,,,,,,,,,,,,,,,,,,,,,,,,,,,,,,,,Stim1,,,,,,,,,Xpo6,,,,,,
,,,,,,,,,,,,,,,,,,,,,,,,,,,,,,,,,,,,,,Stk3,,,,,,,,,Xrn2,,,,,,
,,,,,,,,,,,,,,,,,,,,,,,,,,,,,,,,,,,,,,Stk38,,,,,,,,,Yap1,,,,,,
,,,,,,,,,,,,,,,,,,,,,,,,,,,,,,,,,,,,,,Stmn4,,,,,,,,,Yars,,,,,,
,,,,,,,,,,,,,,,,,,,,,,,,,,,,,,,,,,,,,,Stt3a,,,,,,,,,Yrdc,,,,,,
,,,,,,,,,,,,,,,,,,,,,,,,,,,,,,,,,,,,,,Stub1,,,,,,,,,Ythdf2,,,,,,
,,,,,,,,,,,,,,,,,,,,,,,,,,,,,,,,,,,,,,Stx18,,,,,,,,,Ywhaz,,,,,,
,,,,,,,,,,,,,,,,,,,,,,,,,,,,,,,,,,,,,,Stx2,,,,,,,,,Zc3h15,,,,,,
,,,,,,,,,,,,,,,,,,,,,,,,,,,,,,,,,,,,,,Stxbp1,,,,,,,,,Zdhhc5,,,,,,
,,,,,,,,,,,,,,,,,,,,,,,,,,,,,,,,,,,,,,Stxbp6,,,,,,,,,Zeb2,,,,,,
,,,,,,,,,,,,,,,,,,,,,,,,,,,,,,,,,,,,,,Sumf1,,,,,,,,,Zfand6,,,,,,
,,,,,,,,,,,,,,,,,,,,,,,,,,,,,,,,,,,,,,Surf4,,,,,,,,,Zfhx3,,,,,,
,,,,,,,,,,,,,,,,,,,,,,,,,,,,,,,,,,,,,,Svil,,,,,,,,,Zfp131,,,,,,
,,,,,,,,,,,,,,,,,,,,,,,,,,,,,,,,,,,,,,Tapbp,,,,,,,,,Zfp207,,,,,,
,,,,,,,,,,,,,,,,,,,,,,,,,,,,,,,,,,,,,,Tbc1d9b,,,,,,,,,Zfp259,,,,,,
,,,,,,,,,,,,,,,,,,,,,,,,,,,,,,,,,,,,,,Tbx15,,,,,,,,,Zfp295,,,,,,
,,,,,,,,,,,,,,,,,,,,,,,,,,,,,,,,,,,,,,Tcf7l1,,,,,,,,,Zfp330,,,,,,
,,,,,,,,,,,,,,,,,,,,,,,,,,,,,,,,,,,,,,Tecr,,,,,,,,,Zfp830,,,,,,
,,,,,,,,,,,,,,,,,,,,,,,,,,,,,,,,,,,,,,Tek,,,,,,,,,Zfp948,,,,,,
,,,,,,,,,,,,,,,,,,,,,,,,,,,,,,,,,,,,,,Tenc1,,,,,,,,,Zfr,,,,,,
,,,,,,,,,,,,,,,,,,,,,,,,,,,,,,,,,,,,,,Tep1,,,,,,,,,Zhx2,,,,,,
,,,,,,,,,,,,,,,,,,,,,,,,,,,,,,,,,,,,,,Tex264,,,,,,,,,Zhx3,,,,,,
,,,,,,,,,,,,,,,,,,,,,,,,,,,,,,,,,,,,,,Tfdp1,,,,,,,,,Zmynd11,,,,,,
,,,,,,,,,,,,,,,,,,,,,,,,,,,,,,,,,,,,,,Tgfb1i1,,,,,,,,,Znrf3,,,,,,
,,,,,,,,,,,,,,,,,,,,,,,,,,,,,,,,,,,,,,Tgfb3,,,,,,,,,Zranb1,,,,,,
,,,,,,,,,,,,,,,,,,,,,,,,,,,,,,,,,,,,,,Thbd,,,,,,,,,Zrsr2,,,,,,
,,,,,,,,,,,,,,,,,,,,,,,,,,,,,,,,,,,,,,Thbs2,,,,,,,,,Zswim4,,,,,,
,,,,,,,,,,,,,,,,,,,,,,,,,,,,,,,,,,,,,,Thbs4,,,,,,,,,Zwint,,,,,,
,,,,,,,,,,,,,,,,,,,,,,,,,,,,,,,,,,,,,,Thra,,,,,,,,,,,,,,,
,,,,,,,,,,,,,,,,,,,,,,,,,,,,,,,,,,,,,,Thsd7a,,,,,,,,,,,,,,,
,,,,,,,,,,,,,,,,,,,,,,,,,,,,,,,,,,,,,,Timp1,,,,,,,,,,,,,,,
,,,,,,,,,,,,,,,,,,,,,,,,,,,,,,,,,,,,,,Tiprl,,,,,,,,,,,,,,,
,,,,,,,,,,,,,,,,,,,,,,,,,,,,,,,,,,,,,,Tkt,,,,,,,,,,,,,,,
,,,,,,,,,,,,,,,,,,,,,,,,,,,,,,,,,,,,,,Tm7sf3,,,,,,,,,,,,,,,
,,,,,,,,,,,,,,,,,,,,,,,,,,,,,,,,,,,,,,Tm9sf2,,,,,,,,,,,,,,,
,,,,,,,,,,,,,,,,,,,,,,,,,,,,,,,,,,,,,,Tmed1,,,,,,,,,,,,,,,
,,,,,,,,,,,,,,,,,,,,,,,,,,,,,,,,,,,,,,Tmem106a,,,,,,,,,,,,,,,
,,,,,,,,,,,,,,,,,,,,,,,,,,,,,,,,,,,,,,Tmem106b,,,,,,,,,,,,,,,
,,,,,,,,,,,,,,,,,,,,,,,,,,,,,,,,,,,,,,Tmem119,,,,,,,,,,,,,,,
,,,,,,,,,,,,,,,,,,,,,,,,,,,,,,,,,,,,,,Tmem167,,,,,,,,,,,,,,,
,,,,,,,,,,,,,,,,,,,,,,,,,,,,,,,,,,,,,,Tmem219,,,,,,,,,,,,,,,
,,,,,,,,,,,,,,,,,,,,,,,,,,,,,,,,,,,,,,Tmem39a,,,,,,,,,,,,,,,
,,,,,,,,,,,,,,,,,,,,,,,,,,,,,,,,,,,,,,Tmem5,,,,,,,,,,,,,,,
,,,,,,,,,,,,,,,,,,,,,,,,,,,,,,,,,,,,,,Tmem50a,,,,,,,,,,,,,,,
,,,,,,,,,,,,,,,,,,,,,,,,,,,,,,,,,,,,,,Tmem59,,,,,,,,,,,,,,,
,,,,,,,,,,,,,,,,,,,,,,,,,,,,,,,,,,,,,,Tmem63a,,,,,,,,,,,,,,,
,,,,,,,,,,,,,,,,,,,,,,,,,,,,,,,,,,,,,,Tmem9,,,,,,,,,,,,,,,
,,,,,,,,,,,,,,,,,,,,,,,,,,,,,,,,,,,,,,Tmem97,,,,,,,,,,,,,,,
,,,,,,,,,,,,,,,,,,,,,,,,,,,,,,,,,,,,,,Tmtc3,,,,,,,,,,,,,,,
,,,,,,,,,,,,,,,,,,,,,,,,,,,,,,,,,,,,,,Tmx4,,,,,,,,,,,,,,,
,,,,,,,,,,,,,,,,,,,,,,,,,,,,,,,,,,,,,,Tns1,,,,,,,,,,,,,,,
,,,,,,,,,,,,,,,,,,,,,,,,,,,,,,,,,,,,,,Tom1,,,,,,,,,,,,,,,
,,,,,,,,,,,,,,,,,,,,,,,,,,,,,,,,,,,,,,Tpbg,,,,,,,,,,,,,,,
,,,,,,,,,,,,,,,,,,,,,,,,,,,,,,,,,,,,,,Tpi1,,,,,,,,,,,,,,,
,,,,,,,,,,,,,,,,,,,,,,,,,,,,,,,,,,,,,,Tram1,,,,,,,,,,,,,,,
,,,,,,,,,,,,,,,,,,,,,,,,,,,,,,,,,,,,,,Tril,,,,,,,,,,,,,,,
,,,,,,,,,,,,,,,,,,,,,,,,,,,,,,,,,,,,,,Trim16,,,,,,,,,,,,,,,
,,,,,,,,,,,,,,,,,,,,,,,,,,,,,,,,,,,,,,Trim35,,,,,,,,,,,,,,,
,,,,,,,,,,,,,,,,,,,,,,,,,,,,,,,,,,,,,,Trim44,,,,,,,,,,,,,,,
,,,,,,,,,,,,,,,,,,,,,,,,,,,,,,,,,,,,,,Trio,,,,,,,,,,,,,,,
,,,,,,,,,,,,,,,,,,,,,,,,,,,,,,,,,,,,,,Triobp,,,,,,,,,,,,,,,
,,,,,,,,,,,,,,,,,,,,,,,,,,,,,,,,,,,,,,Trip10,,,,,,,,,,,,,,,
,,,,,,,,,,,,,,,,,,,,,,,,,,,,,,,,,,,,,,Trp53i13,,,,,,,,,,,,,,,
,,,,,,,,,,,,,,,,,,,,,,,,,,,,,,,,,,,,,,Trps1,,,,,,,,,,,,,,,
,,,,,,,,,,,,,,,,,,,,,,,,,,,,,,,,,,,,,,Tsc22d3,,,,,,,,,,,,,,,
,,,,,,,,,,,,,,,,,,,,,,,,,,,,,,,,,,,,,,Tshz1,,,,,,,,,,,,,,,
,,,,,,,,,,,,,,,,,,,,,,,,,,,,,,,,,,,,,,Tsku,,,,,,,,,,,,,,,
,,,,,,,,,,,,,,,,,,,,,,,,,,,,,,,,,,,,,,Tslp,,,,,,,,,,,,,,,
,,,,,,,,,,,,,,,,,,,,,,,,,,,,,,,,,,,,,,Tspan11,,,,,,,,,,,,,,,
,,,,,,,,,,,,,,,,,,,,,,,,,,,,,,,,,,,,,,Tspan5,,,,,,,,,,,,,,,
,,,,,,,,,,,,,,,,,,,,,,,,,,,,,,,,,,,,,,Tspo,,,,,,,,,,,,,,,
,,,,,,,,,,,,,,,,,,,,,,,,,,,,,,,,,,,,,,Tuba1b,,,,,,,,,,,,,,,
,,,,,,,,,,,,,,,,,,,,,,,,,,,,,,,,,,,,,,Tubb4a,,,,,,,,,,,,,,,
,,,,,,,,,,,,,,,,,,,,,,,,,,,,,,,,,,,,,,Tusc3,,,,,,,,,,,,,,,
,,,,,,,,,,,,,,,,,,,,,,,,,,,,,,,,,,,,,,Twist1,,,,,,,,,,,,,,,
,,,,,,,,,,,,,,,,,,,,,,,,,,,,,,,,,,,,,,Txndc15,,,,,,,,,,,,,,,
,,,,,,,,,,,,,,,,,,,,,,,,,,,,,,,,,,,,,,Uba5,,,,,,,,,,,,,,,
,,,,,,,,,,,,,,,,,,,,,,,,,,,,,,,,,,,,,,Ube2e2,,,,,,,,,,,,,,,
,,,,,,,,,,,,,,,,,,,,,,,,,,,,,,,,,,,,,,Ube2l6,,,,,,,,,,,,,,,
,,,,,,,,,,,,,,,,,,,,,,,,,,,,,,,,,,,,,,Ublcp1,,,,,,,,,,,,,,,
,,,,,,,,,,,,,,,,,,,,,,,,,,,,,,,,,,,,,,Ubtd2,,,,,,,,,,,,,,,
,,,,,,,,,,,,,,,,,,,,,,,,,,,,,,,,,,,,,,Uggt1,,,,,,,,,,,,,,,
,,,,,,,,,,,,,,,,,,,,,,,,,,,,,,,,,,,,,,Ulk2,,,,,,,,,,,,,,,
,,,,,,,,,,,,,,,,,,,,,,,,,,,,,,,,,,,,,,Urod,,,,,,,,,,,,,,,
,,,,,,,,,,,,,,,,,,,,,,,,,,,,,,,,,,,,,,Uso1,,,,,,,,,,,,,,,
,,,,,,,,,,,,,,,,,,,,,,,,,,,,,,,,,,,,,,Ust,,,,,,,,,,,,,,,
,,,,,,,,,,,,,,,,,,,,,,,,,,,,,,,,,,,,,,Uxs1,,,,,,,,,,,,,,,
,,,,,,,,,,,,,,,,,,,,,,,,,,,,,,,,,,,,,,Vamp7,,,,,,,,,,,,,,,
,,,,,,,,,,,,,,,,,,,,,,,,,,,,,,,,,,,,,,Vapb,,,,,,,,,,,,,,,
,,,,,,,,,,,,,,,,,,,,,,,,,,,,,,,,,,,,,,Vdac3,,,,,,,,,,,,,,,
,,,,,,,,,,,,,,,,,,,,,,,,,,,,,,,,,,,,,,Vegfa,,,,,,,,,,,,,,,
,,,,,,,,,,,,,,,,,,,,,,,,,,,,,,,,,,,,,,Vit,,,,,,,,,,,,,,,
,,,,,,,,,,,,,,,,,,,,,,,,,,,,,,,,,,,,,,Vldlr,,,,,,,,,,,,,,,
,,,,,,,,,,,,,,,,,,,,,,,,,,,,,,,,,,,,,,Vtn,,,,,,,,,,,,,,,
,,,,,,,,,,,,,,,,,,,,,,,,,,,,,,,,,,,,,,Vwa5a,,,,,,,,,,,,,,,
,,,,,,,,,,,,,,,,,,,,,,,,,,,,,,,,,,,,,,Wasl,,,,,,,,,,,,,,,
,,,,,,,,,,,,,,,,,,,,,,,,,,,,,,,,,,,,,,Wbp5,,,,,,,,,,,,,,,
,,,,,,,,,,,,,,,,,,,,,,,,,,,,,,,,,,,,,,Wipf1,,,,,,,,,,,,,,,
,,,,,,,,,,,,,,,,,,,,,,,,,,,,,,,,,,,,,,Wipi1,,,,,,,,,,,,,,,
,,,,,,,,,,,,,,,,,,,,,,,,,,,,,,,,,,,,,,Wnt11,,,,,,,,,,,,,,,
,,,,,,,,,,,,,,,,,,,,,,,,,,,,,,,,,,,,,,Wnt5a,,,,,,,,,,,,,,,
,,,,,,,,,,,,,,,,,,,,,,,,,,,,,,,,,,,,,,Wrnip1,,,,,,,,,,,,,,,
,,,,,,,,,,,,,,,,,,,,,,,,,,,,,,,,,,,,,,Wwp1,,,,,,,,,,,,,,,
,,,,,,,,,,,,,,,,,,,,,,,,,,,,,,,,,,,,,,Xaf1,,,,,,,,,,,,,,,
,,,,,,,,,,,,,,,,,,,,,,,,,,,,,,,,,,,,,,Xdh,,,,,,,,,,,,,,,
,,,,,,,,,,,,,,,,,,,,,,,,,,,,,,,,,,,,,,Yif1a,,,,,,,,,,,,,,,
,,,,,,,,,,,,,,,,,,,,,,,,,,,,,,,,,,,,,,Yipf3,,,,,,,,,,,,,,,
,,,,,,,,,,,,,,,,,,,,,,,,,,,,,,,,,,,,,,Yipf5,,,,,,,,,,,,,,,
,,,,,,,,,,,,,,,,,,,,,,,,,,,,,,,,,,,,,,Zadh2,,,,,,,,,,,,,,,
,,,,,,,,,,,,,,,,,,,,,,,,,,,,,,,,,,,,,,Zbtb4,,,,,,,,,,,,,,,
,,,,,,,,,,,,,,,,,,,,,,,,,,,,,,,,,,,,,,Zc3h7a,,,,,,,,,,,,,,,
,,,,,,,,,,,,,,,,,,,,,,,,,,,,,,,,,,,,,,Zdhhc1,,,,,,,,,,,,,,,
,,,,,,,,,,,,,,,,,,,,,,,,,,,,,,,,,,,,,,Zdhhc9,,,,,,,,,,,,,,,
,,,,,,,,,,,,,,,,,,,,,,,,,,,,,,,,,,,,,,Zeb1,,,,,,,,,,,,,,,
,,,,,,,,,,,,,,,,,,,,,,,,,,,,,,,,,,,,,,Zfp148,,,,,,,,,,,,,,,
,,,,,,,,,,,,,,,,,,,,,,,,,,,,,,,,,,,,,,Zfp275,,,,,,,,,,,,,,,
,,,,,,,,,,,,,,,,,,,,,,,,,,,,,,,,,,,,,,Zfp36,,,,,,,,,,,,,,,
,,,,,,,,,,,,,,,,,,,,,,,,,,,,,,,,,,,,,,Zfp9,,,,,,,,,,,,,,,
,,,,,,,,,,,,,,,,,,,,,,,,,,,,,,,,,,,,,,Zmiz1,,,,,,,,,,,,,,,
,,,,,,,,,,,,,,,,,,,,,,,,,,,,,,,,,,,,,,Zmpste24,,,,,,,,,,,,,,,
,,,,,,,,,,,,,,,,,,,,,,,,,,,,,,,,,,,,,,l7Rn6,,,,,,,,,,,,,,,
